Password;Length;Has_Uppercase;Has_Special;Security_Score
SMzwTaBYNEk;11;1;0;3
wgvy2hd;7;0;0;1
e4Qljp6sA;9;1;0;3
rwj7;4;0;0;1
"^n;/+OM""$>vY<";13;1;1;5
TpZ.&fks(cgV.DB)';17;1;1;5
"C[wXk9NSD""DXbSI";15;1;1;5
QKuBcnq9Die;11;1;0;3
FeRJWvF2;8;1;0;3
"@$wVNg/AN/WW;?u^0B";18;1;1;5
v1t6par;7;0;0;1
4y7lk6;6;0;0;1
9pr3t;5;0;0;1
bWu13c2N3C;10;1;0;3
C2+Ia<di-x61;12;1;1;5
wxzn4q;6;0;0;1
igHkBshd;8;1;0;3
mcQqPc2hbO;10;1;0;3
l2qw;4;0;0;1
">;!-k<qxD*6uo7~p0";17;1;1;5
Y@e9\OBtR<3Odr,CaJ;18;1;1;5
n5jg9;5;0;0;1
qylJmqJQcd;10;1;0;3
eAw8PJpyl;9;1;0;3
"|!PK>`}'J0jXTc|7""9";18;1;1;5
3LNNUbA8tM`5$;13;1;1;5
t9vgYC4HD;9;1;0;3
Z]k&eS/}o8XDLH;14;1;1;5
9jfs;4;0;0;1
yy3fjq;6;0;0;1
"rEcF[.;UZ_gkSdHJ";16;1;1;5
361qv3u;7;0;0;1
<clAE3KwZKf~joMm;16;1;1;5
7MsPY6b$k*C71@W`;16;1;1;5
3act;4;0;0;1
hc4i5dsb;8;0;0;2
YEEUHPQ2z;9;1;0;3
]-J{s{|e]U|Hb3;14;1;1;5
NXBTrZO3cRO;11;1;0;3
Yqb#tp8IdP}Ob9;14;1;1;5
mzl7eu;6;0;0;1
sQgwm9tei0;10;1;0;3
xkxbaw;6;0;0;1
sRRlp84AEe;10;1;0;3
#<9m@?2A,R=b6|Ljj[;18;1;1;5
hwyazu;6;0;0;1
"}WRnQ`k<Asm*;LS]~";17;1;1;5
9IGRlI5d;8;1;0;3
80mx;4;0;0;1
x0Me=BewV*zd;12;1;1;5
AzrhKxW#fh+U;12;1;1;5
lYRL+mL<DOa`P,R!B;17;1;1;5
xhvek;5;0;0;1
"4J%:""ocPH662PiBf";16;1;1;5
ei19h;5;0;0;1
MqwHmob6W;9;1;0;3
28ti9v;6;0;0;1
vTxVEpis9q;10;1;0;3
"7Gx8-D]c""HLVAw";14;1;1;5
z40op;5;0;0;1
ehqcKWlRn;9;1;0;3
"7*yl/Jdz/o}%hc&\;E";18;1;1;5
szi80k2;7;0;0;1
"!u""7b,Z*p$5<""_Kr";16;1;1;5
5cz0;4;0;0;1
bZZrIQm8fg;10;1;0;3
SsGWFbZf;8;1;0;3
SQVxhlbO;8;1;0;3
tq6fjg;6;0;0;1
zoMx7HzhH9;10;1;0;3
"@jda'(8I""YM&j";13;1;1;5
I(pfPN&.}@rGs;13;1;1;5
d7GVPRPl;8;1;0;3
"R8V3-@;t9Y""3Q@";14;1;1;5
mJpVnPoODh8;11;1;0;3
KEpWGDgNJT;10;1;0;3
jAaTR0tNRHZ;11;1;0;3
eb17j37;7;0;0;1
zd70;4;0;0;1
6ibwK6OTU;9;1;0;3
vs369Lj2V3;10;1;0;3
aJEz9bnr;8;1;0;3
"Co`'{<KqAT""wH)J";15;1;1;5
"""*e)qQn!&CY39";13;1;1;5
vnpx;4;0;0;1
?}ywtHAyXk3N;12;1;1;5
"a=[tbWf""0Q~Iyu7";15;1;1;5
Tht88vBXCNj;11;1;0;3
9X/xj<f<46`E\t;14;1;1;5
cdd2gm;6;0;0;1
qMgLqvMsi;9;1;0;3
"n@8A;z_3h8c%!-0q0";17;1;1;5
urdqfp;6;0;0;1
8riBXhFioC3;11;1;0;3
Zg5DPvB8Zt;10;1;0;3
69ml;4;0;0;1
`z_sy)24BeaXSd;14;1;1;5
pbymf;5;0;0;1
keXHZAzvjv8E=5_8';17;1;1;5
3xi5oe;6;0;0;1
zgtvLdLPcp;10;1;0;3
8O1ugmyW;8;1;0;3
)Gr>*GbzXO[.;12;1;1;5
wvhlpb3;7;0;0;1
hZLvYVe4;8;1;0;3
Ss13OIPwVp6;11;1;0;3
ItdBYdRvQ;9;1;0;3
ax9hMW0ktq;10;1;0;3
6AQj6Z6fh;9;1;0;3
vwf1jnv;7;0;0;1
"Sx6e5Z#x#C/""";12;1;1;5
e9wp4o;6;0;0;1
"%L<I7~""8DcMRz";13;1;1;5
cpnMgAyp8C;10;1;0;3
"5x;0tU(8f9!t";12;1;1;5
ckuz04k;7;0;0;1
a0vviKWjPx;10;1;0;3
hylkt;5;0;0;1
fidre;5;0;0;1
olai;4;0;0;1
wl6c74p;7;0;0;1
pcw5p9x;7;0;0;1
xuh84gh;7;0;0;1
XK.IPu(Z>1ET9@-@9;17;1;1;5
m3bSxw5XV8;10;1;0;3
2pi4ow;6;0;0;1
q5ssp;5;0;0;1
"b;@]DtVp\dh\yAXL";16;1;1;5
q3yn;4;0;0;1
h%Y>>[Fhi1:@=Ci4e;17;1;1;5
4m8B6lCDc;9;1;0;3
hfju;4;0;0;1
rIP2L3NjSe3;11;1;0;3
"t1HT>(#a%K\%tg0Q;W";18;1;1;5
xk287x8;7;0;0;1
5rid40;6;0;0;1
"Y~mZ?}5X;:xrY9g*+";17;1;1;5
sVYAI0aE;8;1;0;3
]\m-RB(o+RGV^m;14;1;1;5
"8Dq;b2ee8x*bFN'";15;1;1;5
5fv9tj;6;0;0;1
`G?08P?sb_dSNwNq;16;1;1;5
"D;VzPlL=:""B(0}s";15;1;1;5
"y\;;87ei~`dK`j3";15;1;1;5
bNMrlLyPL;9;1;0;3
%R]6Ib9'9=6%,@X;15;1;1;5
bzghla;6;0;0;1
DzkhKt7vFC;10;1;0;3
"Z{wg""f~gCYJjsx";14;1;1;5
9zf6pBVd2;9;1;0;3
M2KAE1oiSCp;11;1;0;3
2lbkd;5;0;0;1
j3zt3;5;0;0;1
wxD84SMSxZ;10;1;0;3
a7iU3D6A;8;1;0;3
YOTyJUxIFI;10;1;0;3
CVoBpE6X;8;1;0;3
sHd3fVlzg;9;1;0;3
YlYf7vHPXA;10;1;0;3
KGzALsyehCw;11;1;0;3
zjgmi4f;7;0;0;1
f7v8;4;0;0;1
Srq0JjIV;8;1;0;3
.lufp<U62F2};12;1;1;5
voICyQ1LNU;10;1;0;3
1q0s)(8_>_tgc)n8;16;0;1;4
4Owx)/(Np\u-9-;14;1;1;5
Z28jnnJJ;8;1;0;3
8t7vc;5;0;0;1
U3memwPLQ5W;11;1;0;3
Gw3p0d0E3b;10;1;0;3
h>A4X>PdpMEVa_&qtW;18;1;1;5
yfoua;5;0;0;1
y92b4;5;0;0;1
8EJp4iVt;8;1;0;3
c+Ms,UtHVDexluYJ;16;1;1;5
kyzB3kxo;8;1;0;3
2m4sn;5;0;0;1
"4=Mbb;L;qYij""L|";15;1;1;5
GLqswgvUz;9;1;0;3
5fj8;4;0;0;1
BjTUyaEOMx;10;1;0;3
+yG?+WwjQivQ5[;14;1;1;5
(5@nO3%d3y2|;12;1;1;5
iqBNQ\fW)M8(f\;14;1;1;5
y1j57h9;7;0;0;1
UT368rQ0v;9;1;0;3
b5p9g;5;0;0;1
uoqw;4;0;0;1
eu6e;4;0;0;1
LDV2R5GNWN;10;1;0;3
GI5vAqY83k;10;1;0;3
77zn9m13T6C;11;1;0;3
omxz20mF;8;1;0;3
nePylZyqms;10;1;0;3
6qw0;4;0;0;1
xok50s;6;0;0;1
On}!Oou/37tTJ.9;15;1;1;5
">*c1'tx<RG'!{k"",";16;1;1;5
f7etx;5;0;0;1
de6hb;5;0;0;1
K1mOxSwY;8;1;0;3
ZT44JaF4S;9;1;0;3
sJ6fYU8qw9;10;1;0;3
z>alTDuU>+/8Nc(wR;17;1;1;5
QijCNOS3IW;10;1;0;3
GEEfm7KKBRe;11;1;0;3
aj3oPOtTa76;11;1;0;3
aYgZgwYZ;8;1;0;3
dbFU5yeUY44;11;1;0;3
65b7p6;6;0;0;1
h3jj1;5;0;0;1
ml4gn;5;0;0;1
7OMGgwxd;8;1;0;3
SHP^ioM(O/0Q+0n:n;17;1;1;5
~U4}TDb8W*H2f;13;1;1;5
j66si;5;0;0;1
36ee0u;6;0;0;1
Ax2IP10e6zx;11;1;0;3
26rBbQQ^m~xGK;13;1;1;5
JipE2Fbg;8;1;0;3
itiu4og;7;0;0;1
A99TVLwPVF;10;1;0;3
Q(,ffLHcs9Y^P-rK;16;1;1;5
ixdb;4;0;0;1
jpIWKK5YH;9;1;0;3
X|Df05oPwdZ2[-;14;1;1;5
NXa2DtBKzp;10;1;0;3
"XBH>l0p;[Sxd]";13;1;1;5
VjuwsqXn;8;1;0;3
TFO3bm60;8;1;0;3
4Sp#.h_-jG0ni;13;1;1;5
EprTCuafIB;10;1;0;3
7hew8;5;0;0;1
2p2prw4;7;0;0;1
zp9eb;5;0;0;1
sy4v;4;0;0;1
O3vCTDMa2;9;1;0;3
RpIOpPXHNa;10;1;0;3
lcsH4S3rFH;10;1;0;3
41kxet3;7;0;0;1
ldqXGRdjiXI;11;1;0;3
g$|e8[$7ADm=c^=,&,;18;1;1;5
C640NyPdk;9;1;0;3
[FhI)!r4`K=kfQ:;15;1;1;5
dm(VHNjbvP@M|D]>V;17;1;1;5
"c.%pyZ;s|g<m)";13;1;1;5
e88w;4;0;0;1
4xbxa0LStn;10;1;0;3
dowVtgV4;8;1;0;3
_p=vAHw=oS=n;12;1;1;5
GFE1VlLI;8;1;0;3
f2tBzESw;8;1;0;3
ysuh3x5;7;0;0;1
0;15;1;1;5
")vNJSN<.b;co>jF";15;1;1;5
Q>4xE\O}F:j)8mIY+;17;1;1;5
w3k9gz;6;0;0;1
"o6V1rc7D-]""l";12;1;1;5
wflq;4;0;0;1
pUQOHYYFTfZ;11;1;0;3
wc5UTlqg;8;1;0;3
kk6k06;6;0;0;1
0phd9o;6;0;0;1
dyg0vot;7;0;0;1
2MoXA1V6g;9;1;0;3
uxx7Vnfbqc;10;1;0;3
EHyykNpsWBe;11;1;0;3
bJc1GyBPC;9;1;0;3
"xOf,{{""7(RI_e#";14;1;1;5
cGkI@<9{44QK;12;1;1;5
UJKQxwDZMFY;11;1;0;3
XHqyjJTeA;9;1;0;3
_Eu$Fpq*oE6G^;13;1;1;5
9JWZZKUwT;9;1;0;3
rvkve7;6;0;0;1
Hl@ji\|H'^B^2;13;1;1;5
l9chc2iM;8;1;0;3
"Bml%X10]Oc""IK`{eel";18;1;1;5
rr8w7;5;0;0;1
",-GA$|mC>?"",PYQ&";16;1;1;5
wl9qYOSi7;9;1;0;3
f3zc3rl;7;0;0;1
w0v6;4;0;0;1
KoWv60Z2d;9;1;0;3
FGp&cw?{qZ%4Z3;14;1;1;5
$[6MDVin*T5{`[4/;16;1;1;5
ux2ewkk28X;10;1;0;3
hQlF30MSHH;10;1;0;3
fahr44;6;0;0;1
wII3WuLJWH;10;1;0;3
ft-.*K7cXP4q<{|&;16;1;1;5
oKQqfH0O;8;1;0;3
1zvqt;5;0;0;1
6qjm;4;0;0;1
6vpde;5;0;0;1
TJJ<^xP#0)Cz/;13;1;1;5
"G+""PeSOTI\l,";12;1;1;5
kzPyoSA3u;9;1;0;3
EJnqi4y65c1;11;1;0;3
"""zRt:S~z3J0~F|j9RW";18;1;1;5
w9gPmB1gkQ;10;1;0;3
reecp6wD;8;1;0;3
03OzQ3pef;9;1;0;3
R3201LfLcRS;11;1;0;3
lpfmhzw;7;0;0;1
#`$B29AkqL7bS^:*/+;18;1;1;5
5CZpHEu5q!:9$;13;1;1;5
PUsRMbrLGJS;11;1;0;3
?i:Ds*u2O(u@[O*Q^;17;1;1;5
wWxxZ=,*ahaSY?tN;16;1;1;5
SJnJFW49I;9;1;0;3
1$jg8{[rL?ZwA;13;1;1;5
"%qq`/i!']I?00>a:;0";18;1;1;5
7eun5H8z;8;1;0;3
5ztxl7p;7;0;0;1
ikmcnc0;7;0;0;1
Ua4X#QgE*n=9Wj;14;1;1;5
8x:d]=U(!vPTcq;14;1;1;5
GiPo6caBAzI;11;1;0;3
e?mEx5eMjO6|;12;1;1;5
cqtaDfTA;8;1;0;3
6wkkhwq;7;0;0;1
qHIwT5lgn;9;1;0;3
FLhiMEr9kTS;11;1;0;3
09yWwh6T;8;1;0;3
tX`/)=#=I!bu[k=8I+;18;1;1;5
jq65;4;0;0;1
dl0kgx;6;0;0;1
tdzh;4;0;0;1
w3zMequB;8;1;0;3
jcofil;6;0;0;1
I-h4DO6<EHVdW;13;1;1;5
NJWRnQq,@V>l#5BV;16;1;1;5
j*@gW5:]pK%Nd;13;1;1;5
1rsr;4;0;0;1
zhtnvhc;7;0;0;1
jv67g;5;0;0;1
eR14pmVPJ8;10;1;0;3
"735]:~;;upRS";12;1;1;5
jjnf5ps;7;0;0;1
byro;4;0;0;1
"LXC<m%E_+W-3CO2;7F";18;1;1;5
dvVqX2fbo;9;1;0;3
ubdIb7B7;8;1;0;3
j4sq0f;6;0;0;1
jm8r;4;0;0;1
CO28MljlDar;11;1;0;3
2u7cT7W5VE7;11;1;0;3
8c0bVGkw;8;1;0;3
"4k{?;^GIJTgbPW~V]";17;1;1;5
DhA7klnrp;9;1;0;3
o7d6XsenkC;10;1;0;3
X1Hz4mNE;8;1;0;3
O2YQK2rNNI;10;1;0;3
M4nUOI7KkCy;11;1;0;3
w:-\btTK#0ut;12;1;1;5
tg6hoky;7;0;0;1
1QrT0gJGW;9;1;0;3
k2olxz;6;0;0;1
u/|&==pKUgqQpI;14;1;1;5
BTg2TX9e7;9;1;0;3
Qb0ydtU0u;9;1;0;3
3EhhXfH2mW;10;1;0;3
gvjf5p;6;0;0;1
jHGqoK31u;9;1;0;3
f1v1;4;0;0;1
{Z$SOB]Bh-E#8gE;15;1;1;5
V9ny9XjP;8;1;0;3
lqrghvh;7;0;0;1
IQJKDyrOwS8;11;1;0;3
}#n}T[8):<Rwy;13;1;1;5
p1mmj1r;7;0;0;1
2uti;4;0;0;1
57G4qnniS;9;1;0;3
utgpwei;7;0;0;1
e0d07e;6;0;0;1
r.+?BkUr5nL-2;13;1;1;5
mg2n;4;0;0;1
9s9ave;6;0;0;1
laed26;6;0;0;1
x0Ng1lL4r;9;1;0;3
b9i9e;5;0;0;1
WsgZbuppNFk;11;1;0;3
b^-4cR%]@~^vX;13;1;1;5
ztIWNCMIR;9;1;0;3
nk4zyRms;8;1;0;3
9h4h1w;6;0;0;1
zBhv2EYpAV;10;1;0;3
ZokENXIz;8;1;0;3
"qrbQZ%|;aHI$c";13;1;1;5
jdWnP1vA;8;1;0;3
6b5ui;5;0;0;1
x8du;4;0;0;1
n4i4;4;0;0;1
"wg""4{!pK#(*/'";13;1;1;5
2Z6:~Dk_|L%8BF((ho;18;1;1;5
50`fJ-EGb[SQ;12;1;1;5
ovbsOuFGA;9;1;0;3
ge144;5;0;0;1
ebv4NBBRv;9;1;0;3
rSp62Nld;8;1;0;3
7LorlGTy4V1;11;1;0;3
lc30sb;6;0;0;1
mf(C~}=:,R1z6o;14;1;1;5
YVrNjx8S3;9;1;0;3
3qz6z9d;7;0;0;1
D1JZcYpyg;9;1;0;3
6dsl;4;0;0;1
n0GMI_<9)8NPr=@R;16;1;1;5
hd8qmpn;7;0;0;1
n`XDGNI9X-B}/_w$26;18;1;1;5
ou1il;5;0;0;1
p1w7jxg;7;0;0;1
w\<`'-tsKLFB;12;1;1;5
cm85pww;7;0;0;1
PxiB=dJ7d:RIi}aG;16;1;1;5
b5?Wta[Ay:xmffytA;17;1;1;5
35ayksd;7;0;0;1
trcO88sw;8;1;0;3
1OCwg3Up;8;1;0;3
uGSxF9'DJ`H=p1;14;1;1;5
i])jf_7n/pkJdbDJ;16;1;1;5
5X>85MV/DZ!rC7<R~;17;1;1;5
f622ul;6;0;0;1
OF6DXrijsIx;11;1;0;3
wpagv;5;0;0;1
YaB6sOJgk58;11;1;0;3
kiXuGEWC;8;1;0;3
ObqF3g2O;8;1;0;3
ef2i;4;0;0;1
4k67f;5;0;0;1
fvo0;4;0;0;1
g5pyyx;6;0;0;1
8kUJBWUI;8;1;0;3
eH1pwjOze;9;1;0;3
"J""HK~8[Av`""7}'k";15;1;1;5
kxoaoea;7;0;0;1
2noam;5;0;0;1
"{;VAs\IX0qbl";12;1;1;5
mtt6y38;7;0;0;1
zcQhxX1rpUl;11;1;0;3
inl9mf;6;0;0;1
tmr36mx;7;0;0;1
0JzIgulYVm;10;1;0;3
reep1s;6;0;0;1
kya6;4;0;0;1
Z(J9q5XS+K(O;12;1;1;5
83q6x;5;0;0;1
x0th;4;0;0;1
rk4f8pi;7;0;0;1
MO7A3sjkY7;10;1;0;3
iezt4u;6;0;0;1
tocm8z7;7;0;0;1
5a6g;4;0;0;1
32zKrPZrMG;10;1;0;3
Ntwmdd9Td;9;1;0;3
pX0vbH6mGl;10;1;0;3
BNLdsdsoHD;10;1;0;3
#TRdCP?-:aQv.z'w&,;18;1;1;5
zmm6BbyVU;9;1;0;3
ixzmn;5;0;0;1
h8k1Nfgk;8;1;0;3
3XryAbKW2cJ;11;1;0;3
A1MKX9Cvyo;10;1;0;3
9]I_ii2t^EjCu;13;1;1;5
"?\LDm-3R.uJ;NZ";14;1;1;5
_>%Q(v]pJaLSN*5;15;1;1;5
QDtqtlzZzuF;11;1;0;3
s4688y1;7;0;0;1
nI[i6(#Mqm}7vd<>;16;1;1;5
dcevx2bf;8;0;0;2
6CVKmXIF;8;1;0;3
NbnQ7zwgXsr;11;1;0;3
12HWZN9tXS;10;1;0;3
76PKGnY5v;9;1;0;3
rjajHBxAWV;10;1;0;3
.WLb:!#<N9Ocx(\fx;17;1;1;5
"{EI#;](R)ViT(";13;1;1;5
e)k^\]u*&o{ppIS;15;1;1;5
"3""SNM7ji2cw=GH";14;1;1;5
2l1ctd8;7;0;0;1
wqgr;4;0;0;1
7zak0qe;7;0;0;1
4j7tvjh;7;0;0;1
b9v0y;5;0;0;1
IVdp:$2p^.Vd2=^#;16;1;1;5
p6blnnr;7;0;0;1
ueeqa3kq8;9;0;0;2
_pj~3#7VH^P-.&;14;1;1;5
k!tQHFax~B.0\DK=z;17;1;1;5
TwcjhdoCTCw;11;1;0;3
k0ws8;5;0;0;1
hqo8;4;0;0;1
b,eHnw>F0DarZquuPR;18;1;1;5
ujti3u;6;0;0;1
5O96cY_KDU=(?cs;15;1;1;5
isb71sm;7;0;0;1
aONLqQmDq;9;1;0;3
s0hV0E53okF;11;1;0;3
BImSVbrEu3I;11;1;0;3
skre;4;0;0;1
ihiiy12;7;0;0;1
oXA2AqQxGVS;11;1;0;3
2hhg;4;0;0;1
HmrNyZII;8;1;0;3
.C:j'EUQG:?Q:s;14;1;1;5
eEueeN4mRb;10;1;0;3
QGCepua4R;9;1;0;3
bJQe8yWXyU;10;1;0;3
E7UmZ7A0j;9;1;0;3
"`N>ZWzR.U""AS:";13;1;1;5
bcfhQ7M17t;10;1;0;3
gFuzTdSk;8;1;0;3
yjb5a;5;0;0;1
0PyEQaD1;8;1;0;3
QBlENSIX;8;1;0;3
8J3ZS2BPpdq;11;1;0;3
"<H?:*op[><-""K";13;1;1;5
"6,""C/[bg[OD'j{ML";16;1;1;5
Nf~8F'Tv)v85;12;1;1;5
2q(K4>Zl^#!+Zd;14;1;1;5
"CdKfi=""bp0[Ih";13;1;1;5
0wAfu8qNmob;11;1;0;3
GDHBiiA2ZX5;11;1;0;3
OHt55GOjxUr;11;1;0;3
Beg>N:>TtzdWD%T;15;1;1;5
sq056a;6;0;0;1
hl7l;4;0;0;1
hfad;4;0;0;1
kj40;4;0;0;1
1ErGBWxJQTs;11;1;0;3
b3jk8z0;7;0;0;1
urwly1n;7;0;0;1
a6019da;7;0;0;1
6RkuLpyG;8;1;0;3
"LYxD,4D9V;_a4Nz";15;1;1;5
3lzp;4;0;0;1
aamXhTKLqwP;11;1;0;3
Q/@k>VoEtk^v)r0J~{;18;1;1;5
K0=<[Lxb6`2I5'?n;16;1;1;5
lqgvmh;6;0;0;1
n6vwf;5;0;0;1
Nh7OOc5PZj;10;1;0;3
kzc@9LID,rd?Mms>Q=;18;1;1;5
6worj;5;0;0;1
Ah4ry5sBAU;10;1;0;3
RJvD7jtB3DH;11;1;0;3
$[etmdU^o>%8ebl*2L;18;1;1;5
Tgw6cf3eGEk;11;1;0;3
"<g7/cqx.T|-""";12;1;1;5
@La#$(`L5Sf=[${/;16;1;1;5
xvVRQv6DSmE;11;1;0;3
)'\!:5x|Dw'A[j';15;1;1;5
Eu9OKVdO7wh;11;1;0;3
HJiK7vqC;8;1;0;3
1uc2;4;0;0;1
qa5ab6a;7;0;0;1
jsjeooq;7;0;0;1
-|TKmC!de(Z\nJ9;15;1;1;5
8X59YdWndt;10;1;0;3
AaW[lJh1_M2l;12;1;1;5
"8P]sANSXS;z*j[sV^";17;1;1;5
FJImji0qUs;10;1;0;3
xsGU2CT9;8;1;0;3
iMkwebC9v;9;1;0;3
QU6RPpLKl4c;11;1;0;3
R6RByszG6h;10;1;0;3
HRHskfkh70y;11;1;0;3
Te3YPMwq1;9;1;0;3
igzli;5;0;0;1
"GmrX=NTCY}a""g8;""k";17;1;1;5
mjw1zFKf;8;1;0;3
IdDEdxIh;8;1;0;3
"NmI;(WOWs7PdP";13;1;1;5
[w2WRj8{Fr11UB);15;1;1;5
qh}QT*HvrVmyP2t@<f;18;1;1;5
?rAq<6p1$j:yyiQd;16;1;1;5
r5!#R}o:-t1X\;13;1;1;5
HaN6qhx7s;9;1;0;3
kwh624;6;0;0;1
"C3Zb""4ES]7q,`K7Dw]";18;1;1;5
lNzB8Jq8xl;10;1;0;3
+7:KUsR/)O`f;12;1;1;5
go04Oi16vW;10;1;0;3
LSIhTbYfYZ;10;1;0;3
iWCmNesqPxr;11;1;0;3
BL()*}_QmFu3/D<r+};18;1;1;5
8rcu49;6;0;0;1
nHj%o-0Ak9O7~:&x+;17;1;1;5
y5ibzlm;7;0;0;1
hxu7;4;0;0;1
4i6ly2;6;0;0;1
kcXH_j7Y?yeeD(J|;16;1;1;5
".W*rH4""SG<>zf;F";15;1;1;5
e'fd,,r{|,PG;12;1;1;5
8g9ArgSylSZFOd+*;16;1;1;5
tesb;4;0;0;1
PC8bJt1PF;9;1;0;3
2vfov9y;7;0;0;1
D4LZUhF9k;9;1;0;3
3yNODviX;8;1;0;3
">Dg%Cx;4Qq))=iP%";16;1;1;5
4AlJJHQqR90;11;1;0;3
wmNRktb4Cw;10;1;0;3
0;16;1;1;5
P]x3\2=!yg|4D;13;1;1;5
LVF01kNbT;9;1;0;3
"-B0""oVY=VwO?WA";14;1;1;5
M8gfP&s4cb89DhV;15;1;1;5
3v0y5fn;7;0;0;1
gYb7Ai3lONF;11;1;0;3
Y96GA*D_%vV~;12;1;1;5
dDgpOCeZq;9;1;0;3
">wEdkme""/atcr";13;1;1;5
EFRhwX7qsm;10;1;0;3
rq73dw0;7;0;0;1
JXZ0D2bH;8;1;0;3
"+;6wK_G%xLiKi?/";15;1;1;5
u2W8nHQtl0y;11;1;0;3
PKuOtvef;8;1;0;3
mOUz1SD8rj6;11;1;0;3
qziqj;5;0;0;1
79db;4;0;0;1
crlQYjsdxG5;11;1;0;3
wjh9919;7;0;0;1
fw6m5;5;0;0;1
48h0r;5;0;0;1
h7F2mwWA8yw;11;1;0;3
cwtaQYQY;8;1;0;3
d5Vg4vhks;9;1;0;3
JfTxs9CGa;9;1;0;3
0WMsTYnlV;9;1;0;3
1nl7i5;6;0;0;1
!y*9DzB*?#&kkw!'f;17;1;1;5
0:0mLV+vj%90UkM;15;1;1;5
kDWgPaYchv9;11;1;0;3
lWUci95pS;9;1;0;3
"]fP[,ndO?vo""+JpP_a";18;1;1;5
sMrCgfmnBIJ;11;1;0;3
msw9w;5;0;0;1
Q&3aP@%:LrCjl,;14;1;1;5
ceu1wp7;7;0;0;1
p'<9kk.=w0'v*{=qdW;18;1;1;5
P6kXQJ6dei;10;1;0;3
TYmBr5lC;8;1;0;3
VZ0Cg1Mt;8;1;0;3
N%i%WTnCc?e\|)e;15;1;1;5
:sY3qxro[93F>cUI5;17;1;1;5
W64<6b]r54%53L;14;1;1;5
XN0UKKXp8;9;1;0;3
i2js;4;0;0;1
uNJCuWSVKB;10;1;0;3
nhmmi;5;0;0;1
E?ow3:kxQ^_^;12;1;1;5
w8gdr0;6;0;0;1
"""A*R`v1?W,eo<E~";15;1;1;5
56bfrw;6;0;0;1
4a7it;5;0;0;1
e5go3o;6;0;0;1
S1wnuWSVav;10;1;0;3
RM1lEN8aU;9;1;0;3
vg5x6;5;0;0;1
DGaC1zHhU;9;1;0;3
"X;?@V>G&I~e%wQ}";15;1;1;5
q8t82td;7;0;0;1
nxkq;4;0;0;1
XmPD782n2Hh;11;1;0;3
X7UIfaSVBVA;11;1;0;3
u9SULtJj9r;10;1;0;3
pgvi;4;0;0;1
IGBsJLFk;8;1;0;3
DikUeQOdL;9;1;0;3
Vqis8IRW8x;10;1;0;3
h2cdp18;7;0;0;1
JzXyjB2BHX;10;1;0;3
3ddyno;6;0;0;1
lsyCcY6Zb;9;1;0;3
8g9tv;5;0;0;1
"OC:Vi;%0jQ3j";12;1;1;5
"SN`Y{;>8^sD$]A|";15;1;1;5
(N2ivWs<{gp}%v+AQ;17;1;1;5
55gd57;6;0;0;1
hWwlsOTZT7;10;1;0;3
/~`I`l=Yxkq%XOf;15;1;1;5
nyNAb3mwv8;10;1;0;3
8rz6e;5;0;0;1
yHghEWb1yHO;11;1;0;3
R$0=X)O@NI`m2.;14;1;1;5
"f(AH^Ty""Vg'6:?";14;1;1;5
l1qg;4;0;0;1
iGbhn4VT;8;1;0;3
gox0pqm;7;0;0;1
"Id;C*m8Cu\TTf}~/";16;1;1;5
3[`)CYt(`s6);12;1;1;5
oih9fj;6;0;0;1
L5N3kycoDN;10;1;0;3
5#8rH_d}tHQ)N;13;1;1;5
loatzs;6;0;0;1
ifPpXzyA;8;1;0;3
NtYaPw97;8;1;0;3
eWi{PLoM<I/N;12;1;1;5
bgF9B3tm;8;1;0;3
jQYH@Ar?K|$wqp0^J!;18;1;1;5
2b8h8r;6;0;0;1
aCfrej3q;8;1;0;3
KVDCspA4qzJ;11;1;0;3
bqboPSBdmXv;11;1;0;3
jgc65;5;0;0;1
61uf;4;0;0;1
Xdjw1uM5;8;1;0;3
UayeZLek;8;1;0;3
w1uWY6uVU;9;1;0;3
hm5xz1w;7;0;0;1
"]OoZ|Y`0lG]Yh@A;|2";18;1;1;5
c4z2gi;6;0;0;1
yghxf;5;0;0;1
rTirG2qC;8;1;0;3
tpgdgs7;7;0;0;1
u4l9h;5;0;0;1
jic7i6y;7;0;0;1
m308ge;6;0;0;1
@RQ[n^(TDGj{}MOHc!;18;1;1;5
0wq68;5;0;0;1
w2Nf1o5F;8;1;0;3
"~!(#@~w)wqfONrW6;";17;1;1;5
Zoocydjq;8;1;0;3
Mw2DYEeBuTv;11;1;0;3
ynyxZx5hKk;10;1;0;3
xW'L[zZ(Qq^bIa#(i;17;1;1;5
tj4jhub;7;0;0;1
kko8n5l;7;0;0;1
"Z;Mit7-&NBD6ZtO";15;1;1;5
2w2xcsp;7;0;0;1
6tll8c;6;0;0;1
"|Za!3,WW*IGJ2""";14;1;1;5
"EW^mZ_9;W,l|->5^>";17;1;1;5
DmlNDDE3;8;1;0;3
hq1NttsTEWS;11;1;0;3
ph4pv5;6;0;0;1
"6/""DZ=83]LjJ_!Bx~";17;1;1;5
k6k4bz15;8;0;0;2
476y;4;0;0;1
"2t>nf}{*z;Y+";12;1;1;5
gzb2t;5;0;0;1
oxyj;4;0;0;1
8i(mgC/41'lRb;13;1;1;5
G99LlvSU2;9;1;0;3
0IpDEb4V;8;1;0;3
2m6lf3;6;0;0;1
w@!E5T?~IaA>d;13;1;1;5
qq84X@e,EINGX;13;1;1;5
ZjtIY2Ux;8;1;0;3
4j2e3zu;7;0;0;1
GAJjLfvWaam;11;1;0;3
db4s5rd;7;0;0;1
e87DWLBn;8;1;0;3
]|jYRIrzI%:x=~h;15;1;1;5
e1td8z;6;0;0;1
xhRjDOcmZOF;11;1;0;3
e4hke;5;0;0;1
"%(;+G<`akay4";12;1;1;5
wzc4v8TcnW;10;1;0;3
xkn8cV3aSGz;11;1;0;3
473q;4;0;0;1
ADfLEgXC3I;10;1;0;3
wijTj0sF7;9;1;0;3
iSmexogi;8;1;0;3
Z5if3fHRk;9;1;0;3
9u61;4;0;0;1
CzRkitKT;8;1;0;3
Q3woqiuPsz;10;1;0;3
gI79igbFfXv;11;1;0;3
pV3uj7kS0nQ;11;1;0;3
C9mRDS3CN^@iG;13;1;1;5
mWRhUTss;8;1;0;3
|:7d$eE`7'Q}ms[;15;1;1;5
7w061;5;0;0;1
pt~H}!~n1I!e;12;1;1;5
acjv03;6;0;0;1
JvU7QPBh;8;1;0;3
SArvkOIQs75;11;1;0;3
34y6n;5;0;0;1
hRaSymHAHcI;11;1;0;3
6k955y;6;0;0;1
0;16;1;1;5
SnZLIcnfd;9;1;0;3
YvvBsNW7;8;1;0;3
zIrEM3GmyRR;11;1;0;3
mh2n7vj;7;0;0;1
@pUGO~gj?RJNo;13;1;1;5
z8ah5gy;7;0;0;1
OhOjjqJf;8;1;0;3
13aSPqH}=LS}-;13;1;1;5
jsr6f;5;0;0;1
TdTsG8Mb;8;1;0;3
q1AdnArb;8;1;0;3
zw8TzTcNn;9;1;0;3
c9hz;4;0;0;1
ydCmnlbpON0;11;1;0;3
gyV6XHnx;8;1;0;3
ikbmk;5;0;0;1
91yr;4;0;0;1
"^;+v_L7}x|i$2lL";15;1;1;5
RsNZRzYQd;9;1;0;3
Mpe~Q7Ul0d~F2*\';16;1;1;5
m0g00n;6;0;0;1
BtJsB'o?5d:X0;13;1;1;5
tvH8w4pl;8;1;0;3
*diGz8o*/&l$[`MCs;17;1;1;5
$wD==&4GZva&`uK1;16;1;1;5
nqwfDVBaZ;9;1;0;3
MQVV$!*-N0x.b<;14;1;1;5
65ak3tjr;8;0;0;2
ordtg;5;0;0;1
WK&hmq<A:6~7{r;14;1;1;5
V2IrLuED;8;1;0;3
ifom;4;0;0;1
]F*2[[tX&?tFtJ.PB;17;1;1;5
afvt;4;0;0;1
"w>GAsb2(""ldf";12;1;1;5
qm58e1;6;0;0;1
0bvu;4;0;0;1
h6vdh;5;0;0;1
D8kDsLUJ;8;1;0;3
za0s;4;0;0;1
1t3s7KytHna;11;1;0;3
XI.!t#@|TLrRLg3+;16;1;1;5
Q\.[v9G'E[l7;12;1;1;5
ejkz7e;6;0;0;1
r%IHFA'G5`WR*VUy~;17;1;1;5
"2bG&DBFg;vs,]";13;1;1;5
K17ESidbl;9;1;0;3
-3VP<+dA88tY;12;1;1;5
n9i9uv;6;0;0;1
Sp3@_`xbba(v^;13;1;1;5
8sjxwc2;7;0;0;1
ELKmh&?,+0E\;12;1;1;5
nmuCdppu;8;1;0;3
2L#@0Q|ng^pPGd((y;17;1;1;5
yz3ogj;6;0;0;1
&~?*X]YmL&R83t;14;1;1;5
u6fo;4;0;0;1
bvot;4;0;0;1
^~^B3n[&,e#>O/S;15;1;1;5
tS$H4f!8H/9,uI;14;1;1;5
IYBDMY6V;8;1;0;3
t33d41i;7;0;0;1
yIuJet<.l0!);12;1;1;5
z:m<~?Ir)<J7u>`];16;1;1;5
NyGUTrGrJwV;11;1;0;3
z4e7ud;6;0;0;1
da4jg1;6;0;0;1
BI8HyYT9;8;1;0;3
wuSM0jduA;9;1;0;3
vhzkr;5;0;0;1
%]7DrBU21S#Oi>;14;1;1;5
#]z6ln'22of-Z4ov9;17;1;1;5
kiK4BF8li;9;1;0;3
yY.>!r(vi-lOU#*;15;1;1;5
EnpLDo6gQ;9;1;0;3
J59GmY2Op;9;1;0;3
XUqKqc1qt;9;1;0;3
bh4ni;5;0;0;1
1Lsgi40EZ;9;1;0;3
N0leUi:LZShbc09w;16;1;1;5
04dTCpVQdQG;11;1;0;3
TI1FLsV1zPp;11;1;0;3
3KT_WLm=*-B*nF^];16;1;1;5
'Ty*+C@3w,&w;12;1;1;5
0;13;1;1;5
O9dQbDhfaK;10;1;0;3
L3Sp]sS'DjS_AWV;15;1;1;5
"Vig!k"",q_tOFW=";14;1;1;5
dz1crSxec;9;1;0;3
^URt[z2!xUXbMqf*/N;18;1;1;5
kgKH<.O~13O?-MKO;16;1;1;5
qhIXteLw;8;1;0;3
CJPGZhemW;9;1;0;3
BzOQt2bsu;9;1;0;3
YMY`BqxNfb3v9;13;1;1;5
lSQYMuuPJ9;10;1;0;3
uVRSYg7rM;9;1;0;3
n5boe;5;0;0;1
"YJ/~VZjuyeO;$[";14;1;1;5
";P)Pgm,*LIKG";12;1;1;5
"mnct""kXJ8<H_\j";14;1;1;5
gdTYWcq|TCf!sa.;15;1;1;5
ZCJD07EU;8;1;0;3
"SPqk[=!higHO-Dh;K)";18;1;1;5
1jhv3d3;7;0;0;1
j5qcu;5;0;0;1
"aO(amjC`h;JBT&ygU@";18;1;1;5
anZCB1HG;8;1;0;3
"]w!pc;cXvXaC";12;1;1;5
6j*JBg*gBh(LI;13;1;1;5
rnFKDzkpH;9;1;0;3
a04lEdb.?KSF;12;1;1;5
t40CImZC;8;1;0;3
bbv1;4;0;0;1
zffpt0r;7;0;0;1
QwdOFc6c6p;10;1;0;3
t>s0pl&TLtR|l;13;1;1;5
"Wm&*`U}]lQNs~ai""";16;1;1;5
votu;4;0;0;1
"Pa8~^cT4^""@J";12;1;1;5
LUZrlc24;8;1;0;3
fisv;4;0;0;1
+B1QXF>tY77ag;13;1;1;5
#s{nK.Z!v^W&k;13;1;1;5
XrnhAL7c9;9;1;0;3
B~?|Euwcj*:qaHN-I;17;1;1;5
"e`D""[k=gbKe]*`1%";16;1;1;5
sujx6;5;0;0;1
041lLtSBm;9;1;0;3
SwcK9msKeW;10;1;0;3
nGCHZB6vDp1;11;1;0;3
CZPyjqYBoN;10;1;0;3
bo3n;4;0;0;1
ru1dRHS9q;9;1;0;3
fiql;4;0;0;1
ee2kqd;6;0;0;1
GFqR9kdD48h;11;1;0;3
3klsk;5;0;0;1
sFTMlZGV;8;1;0;3
0xlvug;6;0;0;1
"CLkmd{aC1ebfuYK""";16;1;1;5
66ykpf;6;0;0;1
hEJXY2E5jGy;11;1;0;3
lj4qp;5;0;0;1
o9mnxrf;7;0;0;1
1hw323o;7;0;0;1
x44lb;5;0;0;1
9n4g;4;0;0;1
rqCEDig8TE;10;1;0;3
CeF6Llp[C+S_/}z'(;17;1;1;5
GX5jjQYY;8;1;0;3
8cj4n;5;0;0;1
5qk62ti;7;0;0;1
ahH^Tb,`RD>TAa`1D;17;1;1;5
oq2hl1hNSh;10;1;0;3
ghzIFSDpx;9;1;0;3
FR3JY%?O]FN/;12;1;1;5
NOFmjd2Az;9;1;0;3
5cko;4;0;0;1
UloOCi8tf;9;1;0;3
hsnwvw5;7;0;0;1
ksog;4;0;0;1
arfURcL6;8;1;0;3
o9UVnulD;8;1;0;3
VX8NnmKz2L;10;1;0;3
1mY9VdL7;8;1;0;3
4zPJoyiwbe;10;1;0;3
"f""3S|5Y>xyF,|hX|X";17;1;1;5
"LlR[AZ&ma/6QIg;t:]";18;1;1;5
OWugfq7g8Qd;11;1;0;3
'o_`SOCr?^w,P^^aI6;18;1;1;5
VZc2cWkE;8;1;0;3
8er3;4;0;0;1
h6fhxxd;7;0;0;1
A7nVzn`lD7r|;12;1;1;5
Q1l2lCrhv;9;1;0;3
qP|NlFh\%-WUJaqr3;17;1;1;5
MC8yAh6Ndh;10;1;0;3
ImSJQKXj;8;1;0;3
iqTgAfcoX8Y;11;1;0;3
m11x;4;0;0;1
QxEpnR\nz%L{T;13;1;1;5
orlibdc;7;0;0;1
zx7cvh;6;0;0;1
le2s6;5;0;0;1
1oae5;5;0;0;1
"1xy{-sp/^>ug;";13;0;1;4
YrjbveQTg;9;1;0;3
x45acc;6;0;0;1
14N29lthV;9;1;0;3
Fam4FWTmY;9;1;0;3
"~h:H""|pc4XjX@";13;1;1;5
nQoM5UApfL;10;1;0;3
xlce9;5;0;0;1
g6we0SySm4J;11;1;0;3
Obnr3gfn8;9;1;0;3
qqJgyXLB;8;1;0;3
]<C&o@=By4RvV6;14;1;1;5
Dl8Tlp6INNB;11;1;0;3
sXQoDHmiu;9;1;0;3
xQ>r2eNY%kr&1A.><e;18;1;1;5
DmWyovxW8l;10;1;0;3
mQwSUr7vrgx;11;1;0;3
Cj50tDtApj;10;1;0;3
lf64an;6;0;0;1
hjuv34b;7;0;0;1
"n;Q\`55`m?])[8H";15;1;1;5
3ldl;4;0;0;1
2tv2;4;0;0;1
dXy[Bn/?-dY^|q;14;1;1;5
3sytlc;6;0;0;1
k4rkrn;6;0;0;1
l348aj;6;0;0;1
I1l10Dsrm;9;1;0;3
ypwkl;5;0;0;1
0nurnh;6;0;0;1
$ee$Tqh3S|F,IA;14;1;1;5
p0z5;4;0;0;1
4a8bm10;7;0;0;1
6xurvKBAJ0;10;1;0;3
sefmr;5;0;0;1
RxaUDaRnuHs;11;1;0;3
NwLSTXP7;8;1;0;3
s7[.2Sr7LN0s|}obw;17;1;1;5
aq7iVb8ekJ;10;1;0;3
ga*K+8LfjDbuY$+n;16;1;1;5
zd)s?0TN,hz/*#1?qV;18;1;1;5
uWW8IUsoM;9;1;0;3
UxEQ9LhuX|_kjcG`;16;1;1;5
kb39x;5;0;0;1
Cd7doQfxaB;10;1;0;3
6k6m;4;0;0;1
dWs5nOjAk;9;1;0;3
9YgBHbQNdN;10;1;0;3
Ev3uFGC9n;9;1;0;3
@Vq40Il[x7a4xS^;15;1;1;5
qkhrxdKEnh;10;1;0;3
zdiwr;5;0;0;1
"W:w4vB;eB9&B";12;1;1;5
^o=VJ/FA+v9zx#\FJK;18;1;1;5
5QMs{iea}/MTVph;15;1;1;5
aZ9XmQPAdL;10;1;0;3
ArFEF9NXcWu;11;1;0;3
TEX4XO82aMU;11;1;0;3
lO3UUkr5;8;1;0;3
ect4;4;0;0;1
yDUqpfjVq;9;1;0;3
uzW2WsFknDC;11;1;0;3
USjCuQXPPD;10;1;0;3
hHkGQo75uoV;11;1;0;3
AxdQlEAQ;8;1;0;3
Bnapstdpp3;10;1;0;3
whcbx3c;7;0;0;1
At8S63Wp;8;1;0;3
DU{=ZYsbdFJ^H#%;15;1;1;5
sbez7v0;7;0;0;1
em45;4;0;0;1
OpeVereUTi;10;1;0;3
ajvm;4;0;0;1
"a""'4%3vcP%F7";12;1;1;5
gw9wug;6;0;0;1
GJVXqf.@#8jh:JQM;16;1;1;5
jicZQNK08;9;1;0;3
ig1a;4;0;0;1
2dwSXCNK;8;1;0;3
ur8764c;7;0;0;1
2tlj33;6;0;0;1
^}=5|=:@<%h0w;13;0;1;4
c5ctlx;6;0;0;1
jAnYyLnlyEQ;11;1;0;3
Uoj7mdYN;8;1;0;3
nPWok2yqWAN;11;1;0;3
7QNoHdgm;8;1;0;3
N9pzzfOPCu;10;1;0;3
8BCkBkdHGRG;11;1;0;3
34d35m;6;0;0;1
u}}e87Nm=}Kt%;13;1;1;5
"R)P?KV90$&;[::]sY";17;1;1;5
nXRA9b9haex;11;1;0;3
cuwgBsdGB;9;1;0;3
s9i6a7;6;0;0;1
ibjpHJMA;8;1;0;3
9cVuGsy7z;9;1;0;3
bdgi;4;0;0;1
o7znf3w;7;0;0;1
T0*9<u!Mq4N[GN1;15;1;1;5
sSPj6WO1Gv;10;1;0;3
OZTMWWxXn;9;1;0;3
0iDQFzUnXGf;11;1;0;3
usuc4;5;0;0;1
4DGINyxH;8;1;0;3
jugahmA5B;9;1;0;3
gvtef;5;0;0;1
oAGpeoVE3D;10;1;0;3
dhiplj7q;8;0;0;2
1JONlUG4t;9;1;0;3
Apm9oDOL6N;10;1;0;3
b6e0;4;0;0;1
fqlr;4;0;0;1
}J.:#D`$tIjsG;13;1;1;5
uthiiwk;7;0;0;1
S&KC4@3}bEb[Bw2;15;1;1;5
-V\($aIiQHS=m;13;1;1;5
ubd0cwn;7;0;0;1
~{:|y#jY!o{B;12;1;1;5
NPrY9WGbIp;10;1;0;3
p8cp;4;0;0;1
cj2p13o;7;0;0;1
fj9f80;6;0;0;1
6r29jz8;7;0;0;1
AjlJ<[vlchC};12;1;1;5
TfYrMRo3b;9;1;0;3
F4QOAIjW;8;1;0;3
45pyb9;6;0;0;1
TTVdbsvGF;9;1;0;3
o74wd;5;0;0;1
pRsEdIjWr1;10;1;0;3
"Vd4oA]0l':S4""";13;1;1;5
"PPK;bnL~H$bL";12;1;1;5
".,|/XV;$vIxr]n|R2";17;1;1;5
sjt4;4;0;0;1
"A;lag(_!a!OBkSXAK!";18;1;1;5
2CB07Nb6G1;10;1;0;3
uwca;4;0;0;1
HfyFIvshRze;11;1;0;3
ctM174pfc;9;1;0;3
kAkUEIPn;8;1;0;3
UZ3JyYe9iil;11;1;0;3
uv8wy2w;7;0;0;1
":./5NL=DmDc;-";13;1;1;5
1DAFFlFJ5R;10;1;0;3
):~k`R&}1gvm;12;1;1;5
RF4riTTDKw;10;1;0;3
EKB13UAGwV;10;1;0;3
3h4ezbx;7;0;0;1
1tmF4NCF;8;1;0;3
`YaBIRAo`C7h;12;1;1;5
cZckJDCe4hs;11;1;0;3
N@9={''3U*_^e$jT?;17;1;1;5
xL8gxROsD;9;1;0;3
"Ixn=2icl>R-;oG";14;1;1;5
1vgcvy0;7;0;0;1
"*sj02=5o""`Yrl}6pS^";18;1;1;5
wuchnRln;8;1;0;3
e4bg;4;0;0;1
LGsWdXWA9e;10;1;0;3
56gf;4;0;0;1
ZEuXSswJW;9;1;0;3
D7xNo33Jtq;10;1;0;3
"]4;H1?*Ble4<m"">y!G";18;1;1;5
"'t_G(F2WAfh$;";13;1;1;5
66a3l;5;0;0;1
bfwzg;5;0;0;1
dLXW4mnhdRA;11;1;0;3
8Nm>O2b9_YAO;12;1;1;5
n4uiav;6;0;0;1
ay6j2k5;7;0;0;1
d6XaMcL7WjN;11;1;0;3
6Rn+@%@/'&@ZI@;14;1;1;5
U21j7O85OR;10;1;0;3
S2iQuB5KewJ;11;1;0;3
bPZ4WSoRZ;9;1;0;3
0OCnyUSXA3;10;1;0;3
7wvxZ8bqiET;11;1;0;3
wEiy7lYv9;9;1;0;3
y5srz4;6;0;0;1
s=#InL^^jEk~G:K;15;1;1;5
p1mRxuFfCl;10;1;0;3
i4dg5p;6;0;0;1
ylgp3zc;7;0;0;1
"zQaGyn1^\""UNGoi";15;1;1;5
FxbVNq0fnUi;11;1;0;3
39oi26;6;0;0;1
u7mHM.kZfC@Ls;13;1;1;5
e3dLMMSZx;9;1;0;3
3etmi;5;0;0;1
079p00q;7;0;0;1
*E6HNrk0%CxhpgV;15;1;1;5
25e13o;6;0;0;1
sad56w;6;0;0;1
mr=&]f=p4RI.;12;1;1;5
d8kbhmg;7;0;0;1
eJk3Gfx2;8;1;0;3
uYnUU9Fv;8;1;0;3
EO3KopmTZBd;11;1;0;3
lJDHPYDEr;9;1;0;3
P6EHiuZExs;10;1;0;3
A'7|0b@PPZJKce6n|`;18;1;1;5
v+5cSIkN!ZMy;12;1;1;5
T97oFf9os;9;1;0;3
WqRejrb1HjA;11;1;0;3
EXgVyBTHdI;10;1;0;3
o8ffek1;7;0;0;1
rOj:Zjq}3l5R0Ek!;16;1;1;5
HBmPq489HKw;11;1;0;3
rUU)?co'd5IniTgx,;17;1;1;5
^Xq60IQQt1:+$[)2;16;1;1;5
_u56>_apd6ua:KD;15;1;1;5
n49ktz;6;0;0;1
OhEo9mgttH;10;1;0;3
&$#&s(fjyv3];12;0;1;4
kkgoTgVJ4OF;11;1;0;3
h0e16;5;0;0;1
Fo0U2bAORB1;11;1;0;3
"_D""7`E#8WCK@!vVxX[";18;1;1;5
f7oj4;5;0;0;1
yv80c3x;7;0;0;1
I[ED[A4#DSxj;12;1;1;5
udysuvt;7;0;0;1
s0K0PbE3;8;1;0;3
jeXaqxUzYU;10;1;0;3
DodvlsKa;8;1;0;3
ELn0CCzAcnN;11;1;0;3
lzwvu;5;0;0;1
Vk3D1FUe;8;1;0;3
bSRPcqMZ;8;1;0;3
gwvg56T6cs;10;1;0;3
g0xc72l;7;0;0;1
i5j0jfk;7;0;0;1
eb2cepy;7;0;0;1
r2gwi8w;7;0;0;1
.?{'QjU(`Jlx;12;1;1;5
G}}JFnZDfIoSaC;14;1;1;5
m4DQ4oYctu;10;1;0;3
O3UhiikZun;10;1;0;3
li7f4w9;7;0;0;1
.?OMU(pBTD~LakSpz;17;1;1;5
tzy8;4;0;0;1
YUk8pQoF;8;1;0;3
MwY{d[pi[/K`;12;1;1;5
at5j6h;6;0;0;1
";C%\z""h&$&_fE+}";15;1;1;5
wxcc5m;6;0;0;1
jjz1<C9MEI{Xw;13;1;1;5
X73QEgtdkdb;11;1;0;3
>$n@ectciO,co@*_~;17;1;1;5
MWTWRmINxw3;11;1;0;3
gvx5;4;0;0;1
9kvg;4;0;0;1
<WtYb`W{:fxJ{Ae6;16;1;1;5
5gnO1cNK;8;1;0;3
QmQ13A5DeG;10;1;0;3
"&Nx%8c;W]Bd,9&";14;1;1;5
b54ICOKNSr;10;1;0;3
hlk4x;5;0;0;1
E[6[5[ZKp/*oOur!X^;18;1;1;5
YQBCpjJZeLt;11;1;0;3
Q3/-AMVoXj`~;12;1;1;5
VGPdeVH2GdD;11;1;0;3
E6ak+tHejefq-Q3J;16;1;1;5
MBuAUiuw;8;1;0;3
1nxz;4;0;0;1
V7Yngyq1cg;10;1;0;3
l7c1h;5;0;0;1
nkittj;6;0;0;1
Mn40,)j.}a|\2:W0rC;18;1;1;5
05l85;5;0;0;1
xKoK7crljiH;11;1;0;3
zl52d4;6;0;0;1
"GmVB""NsM52;2zH5";15;1;1;5
yQhxsEKe;8;1;0;3
2r`DWqMCHPsR86G;15;1;1;5
"iThU#+|i!D:};";13;1;1;5
PYLavQ3Wfv;10;1;0;3
JEYOiCJR;8;1;0;3
WAYp3ao8O;9;1;0;3
#*%-ZY7a)_lA@u*f(';18;1;1;5
9h5h4w3;7;0;0;1
6wg0WlKP;8;1;0;3
vz48oed;7;0;0;1
6fiLv9GIs;9;1;0;3
"!)}J]c.lwKw8;y";14;1;1;5
m*6%?N^K~qxv/mW(a/;18;1;1;5
tlids4;6;0;0;1
OtNZCYAkGO6;11;1;0;3
ziyh;4;0;0;1
jkzMypqql;9;1;0;3
A[-f(bSElAu:6t&&D,;18;1;1;5
#zMF>DEI.D]/t3rcT?;18;1;1;5
bytxqc;6;0;0;1
ZOqz3b15TC;10;1;0;3
9kefj;5;0;0;1
b0jsvmo;7;0;0;1
rbp6;4;0;0;1
9s7j3;5;0;0;1
7wad5n;6;0;0;1
R68c78xrt;9;1;0;3
eOqU2xYm;8;1;0;3
auASOW6aKU;10;1;0;3
I6vMMCJD;8;1;0;3
VMcP`rItLNC>%,|N>;17;1;1;5
i2hMkeGYlR;10;1;0;3
8mewd8;6;0;0;1
qEcjaCyZHX;10;1;0;3
ks12x0;6;0;0;1
BiRMzePr;8;1;0;3
"dD0GOQ""cyc#L+ZG";15;1;1;5
c4ps81b;7;0;0;1
o791;4;0;0;1
9gaiD93o8pQ;11;1;0;3
n1aure6;7;0;0;1
hfEBIlnKV;9;1;0;3
Rq4aA4qHj;9;1;0;3
opisw;5;0;0;1
"""VQ<&bGc!sR^";12;1;1;5
flyk/EykMTu9~pHMi;17;1;1;5
"55yoRX`L;yLr";12;1;1;5
peb8UsNHT;9;1;0;3
(UqV$}L`/{CY;12;1;1;5
92jsMT9ya;9;1;0;3
v8PmFplCaip;11;1;0;3
|{Z\}}y\VQ,2\;13;1;1;5
mp4m0;5;0;0;1
PS:(s\Nr~gi?_;13;1;1;5
isRB6iYLi5T;11;1;0;3
:s'Vwyf}(^fCWA!DA;17;1;1;5
7xk1wyn;7;0;0;1
pq1g3mG1ivU;11;1;0;3
eQ3ZteuK;8;1;0;3
lJ(duw&{?7o|Fu$U/S;18;1;1;5
"a""tn&HDvZu>q4!j;gC";18;1;1;5
"?nT+SNvcR#z_|w2""";16;1;1;5
q2LSgbUTn;9;1;0;3
98cvb;5;0;0;1
thxm6sz;7;0;0;1
,`'#.4X?JcPQG;13;1;1;5
CG#.~c?}3T<Gv;13;1;1;5
9dq0JFVqzIz;11;1;0;3
9uy9gAtJe;9;1;0;3
kd0G3OPW;8;1;0;3
"33""tMHW@K9a`On]u`?";18;1;1;5
WvqSclYL5G;10;1;0;3
2iTXufIZI1n;11;1;0;3
WOb1IlTTd1;10;1;0;3
"%g9YmCu`""%!@Dx";14;1;1;5
hjrl65KfKea;11;1;0;3
z2C,_5wXnJncRa`1;16;1;1;5
0wfV20ZlZ;9;1;0;3
OoJGe2pqj;9;1;0;3
pp8gnv;6;0;0;1
E!]9+D$kNdUQs!;14;1;1;5
EDSK2dkQ9;9;1;0;3
nMN1lusJ;8;1;0;3
"2+&f|nb;-%*`m,O:x";17;1;1;5
1S0DBZA4eWl;11;1;0;3
souSOVq7xdC;11;1;0;3
8zh0g;5;0;0;1
ubahAyYAq10;11;1;0;3
gARaNzSvE9;10;1;0;3
nv2tltm;7;0;0;1
zhze28;6;0;0;1
"<2,=Q3;U3,EGV@";14;1;1;5
4xHTkb7q`7`=7a;14;1;1;5
3RgzUdW48;9;1;0;3
fupk;4;0;0;1
ruod3;5;0;0;1
9enmfe7;7;0;0;1
{|{?4phNS>rR)Cla;16;1;1;5
t0WNczyAu9;10;1;0;3
"D>?yE:W_goqFM4.""8";17;1;1;5
3\,VKwA(M/c'-ws;15;1;1;5
zxP54kGB3;9;1;0;3
IxgknhA6W;9;1;0;3
S@\jyAjH:W{k+;13;1;1;5
n1llb;5;0;0;1
XG5R92SsBB6;11;1;0;3
m}?j\1.tSLDA$q;14;1;1;5
7y4zva;6;0;0;1
XqnW7h3bN;9;1;0;3
]~')2(3ptT7$>{h;15;1;1;5
8wF3dexNQS;10;1;0;3
^L:=CFwe((*BI;13;1;1;5
?3l'NaVBf3^e'BK;15;1;1;5
MRY6Ao5b;8;1;0;3
dcf39;5;0;0;1
sx56kZV6;8;1;0;3
Gf>6+-w3}j_|=|2$t;17;1;1;5
U:6:zyX=0b$eq;13;1;1;5
fuJsg5StgQ;10;1;0;3
jai4r;5;0;0;1
3vrr2v;6;0;0;1
R^|?+Z/I<:9p@/-u,;17;1;1;5
fhijn8r;7;0;0;1
0ivtyWv7;8;1;0;3
97inv7UwXKV;11;1;0;3
"""[g5+tRhPojU";12;1;1;5
tmh9;4;0;0;1
uPhh{JNLF:#.]\>CB1;18;1;1;5
AHy@{*dUhXz$;12;1;1;5
dgkb;4;0;0;1
#zeN5v[qTmZa_G;14;1;1;5
a81l3;5;0;0;1
i05w;4;0;0;1
KEUZ5hmC;8;1;0;3
6kElqFuR2z;10;1;0;3
"$ZO6#I:5y]~I;hXYD";17;1;1;5
dq2vb;5;0;0;1
0n8n4h;6;0;0;1
yfkRJ5Ds;8;1;0;3
RNHhiE2DZ7;10;1;0;3
xvxqlmh;7;0;0;1
yozojE1NP;9;1;0;3
qo3cd3;6;0;0;1
CDYCZZIEfhz;11;1;0;3
BHzyVJ6a;8;1;0;3
v4qRsahTxo;10;1;0;3
WsYPQ5Rq3CA;11;1;0;3
I<Bd_2xz^YF|:N,;15;1;1;5
cS2cT9aIjE4;11;1;0;3
RdlsAzNYbqW;11;1;0;3
UP0OZuIxy;9;1;0;3
#Q]@:4X^kF/>L<~;15;1;1;5
~Eswed^KKm$.`<9Z6e;18;1;1;5
l1irw;5;0;0;1
eK03UgjemW;10;1;0;3
YuqIbqL4ax;10;1;0;3
hfS9CMb4pE;10;1;0;3
0/B@I{4#A7Q*5;13;1;1;5
oygygd;6;0;0;1
Sr!CyqHiVl>06(^q}h;18;1;1;5
piq1;4;0;0;1
?im~#l?n1}068Ph;15;1;1;5
cxozUQ?&}\p4;12;1;1;5
pBjeCLnKa7;10;1;0;3
idxjew;6;0;0;1
bqghBxpIDh;10;1;0;3
on9bq;5;0;0;1
"');YXnzn,\%h#pl)M~";18;1;1;5
oseeP6g0H5;10;1;0;3
xnqezm;6;0;0;1
939mF1Txs;9;1;0;3
"ynLsg""`w0""L51036";16;1;1;5
ZuVeoj2zcfW;11;1;0;3
hTz2NN00ds;10;1;0;3
zbUpYpQcnqr;11;1;0;3
4s25i2;6;0;0;1
bt0wmv;6;0;0;1
g82F^r5tO3jqqwt*p;17;1;1;5
txdDehLf6;9;1;0;3
:qvCiLzZBkt4@L;14;1;1;5
grcgj9b;7;0;0;1
6AjHYwEC;8;1;0;3
9z1hwl;6;0;0;1
c7nlym;6;0;0;1
";}!ja/<KFXQT]";13;1;1;5
MIigGycdRBz;11;1;0;3
R8r3uABe;8;1;0;3
mYKE26SV;8;1;0;3
2fcho73;7;0;0;1
4wd7f;5;0;0;1
q78y;4;0;0;1
EBk1dyN-00w'^I;14;1;1;5
}MiRJj8yW,Nu0ua)C;17;1;1;5
bt38iup;7;0;0;1
"KGSJ;b5(Kr*m";12;1;1;5
z6qpckl;7;0;0;1
":i_B}I""|jlZ%";12;1;1;5
4768;4;0;0;1
rrmm7;5;0;0;1
ptGJE+7j<'YsjS{;15;1;1;5
3wju3ym;7;0;0;1
gS5JzDmVWo;10;1;0;3
qke2VfnT;8;1;0;3
ZIybCPfHwRb;11;1;0;3
!K~t|\ztke\4-$;14;1;1;5
bggcsq6;7;0;0;1
$JHOu5owo-/:D*6{;16;1;1;5
8mqDra9x;8;1;0;3
H7nGbXBj9hQ;11;1;0;3
h4gv9i;6;0;0;1
tdimf7p;7;0;0;1
At0Ey4yoMI;10;1;0;3
twjq3V0PM0a;11;1;0;3
5wVWdELGMEm;11;1;0;3
0g73tz;6;0;0;1
rgsoc;5;0;0;1
QD}9o'kd@%QN/C.Y~;17;1;1;5
sw9bj8v;7;0;0;1
BDhFEoSw;8;1;0;3
e7nUT0n{#9~@D+p;15;1;1;5
S4olXxGJMk;10;1;0;3
z6ye1Z9ARW;10;1;0;3
ofkzNwK0q2;10;1;0;3
9Q36QM1S;8;1;0;3
nlndk;5;0;0;1
krdTvX_4GgAwdRA;15;1;1;5
HCdcPl7G;8;1;0;3
3er3;4;0;0;1
0Y7wyIdJDWS;11;1;0;3
"/_#qi,93ihRd;*%D";16;1;1;5
UhuuAPNzGF;10;1;0;3
2cxhq;5;0;0;1
\)uxJC6Kk?i$hBkZ;16;1;1;5
R6skJJYSX;9;1;0;3
W[{FT=I5M+h[M/U;15;1;1;5
hKFiBlYmTO;10;1;0;3
7azwgz9VyB;10;1;0;3
ac4QD39W;8;1;0;3
3ckslw3;7;0;0;1
"z:s(co2Y""p>_ER";14;1;1;5
zaxoCTxX;8;1;0;3
MeBId6NhBde;11;1;0;3
@P[aEHUAKz0\*kf4.;17;1;1;5
Nb60B7vBTRJ;11;1;0;3
88fr;4;0;0;1
8kLf6M_t4QZ[#}o;15;1;1;5
r6m0;4;0;0;1
7gNp<%,OMmN}-y8}z;17;1;1;5
ytae6;5;0;0;1
EQEXo0iRv+'0EUzH;16;1;1;5
f6gQFzKZ;8;1;0;3
mnbze;5;0;0;1
JZ2QCV8Q;8;1;0;3
NKepkw6lPtW;11;1;0;3
CeC4QyZa;8;1;0;3
2vWb1Ijgg35;11;1;0;3
MahF4QdIZY;10;1;0;3
srX5wMO9aH;10;1;0;3
"lf&;qJ?/\D6T`}tIGY";18;1;1;5
yxjb;4;0;0;1
y19w2Ra2Yy0;11;1;0;3
kxti;4;0;0;1
iida;4;0;0;1
gcixpfe;7;0;0;1
Ex37r1Uq;8;1;0;3
V3XHfIv3gd;10;1;0;3
c9bJ9N9I;8;1;0;3
huz8TH90;8;1;0;3
7T}(Ek[|KS5Lh!L-^2;18;1;1;5
T8AVK0W0L;9;1;0;3
RLv9sd4r;8;1;0;3
4m265jn;7;0;0;1
h5ie95y;7;0;0;1
ntl9;4;0;0;1
fIpt}X,j*][52WOxp;17;1;1;5
hyIkf0wcTp;10;1;0;3
"chCni)C]Sd}9iDLf;";17;1;1;5
45ShONx9NQ1;11;1;0;3
lKv4PRqTg;9;1;0;3
UqY3LTUHOD;10;1;0;3
.N:5d9N`]f:gP;13;1;1;5
4ofnjhx2Npw;11;1;0;3
WylDZiyPB;9;1;0;3
ghSDaCev3B;10;1;0;3
"ws\VBD%j25&D6l/';";17;1;1;5
XDKRlb9Nj8;10;1;0;3
oyBPiSNIl;9;1;0;3
iNYAGIkvrKP;11;1;0;3
2cD96<lx.t(C,8@;15;1;1;5
+(Pngx7N~mY<;12;1;1;5
*i0$<ztd{*?h;12;0;1;4
e9c2TefPo2n;11;1;0;3
`uVv:z#s]6=\bIQb/%;18;1;1;5
c4*d&3ZeuOjh%xE;15;1;1;5
WlD7,t<$|[FO~8;14;1;1;5
"SxdC7,RM;]EEq,V";15;1;1;5
WglkdmU$nr&xo;13;1;1;5
EfRD5ogw;8;1;0;3
8wrd8;5;0;0;1
v:W#V*(|5gD.^;13;1;1;5
"okto5""JSWF0P""Gy^""";17;1;1;5
PPnASBIiX;9;1;0;3
3UYNSm.hPDNpn9{Y;16;1;1;5
7SxyQQko6B:*rSPp6(;18;1;1;5
L-]U&F_f#]9m,eym&;17;1;1;5
P7qdBWUqk;9;1;0;3
Xdp2y1dWUz;10;1;0;3
j72Z[VN12#1R<Fk[L;17;1;1;5
yy2q;4;0;0;1
8-x/64>m2f{QC;13;1;1;5
"oBGkzi;x*Mmhu2n4+Q";18;1;1;5
HD9Gjl31G;9;1;0;3
AyB2iCm8;8;1;0;3
Gw97pdh8;8;1;0;3
IEs6tGqw9;9;1;0;3
VuYSfZday;9;1;0;3
91b6vj3;7;0;0;1
brypuk;6;0;0;1
pP5g3uX1cBJ;11;1;0;3
5hSzRO1F;8;1;0;3
3)%|`HBDcInj=C;14;1;1;5
zkf0BZgZH2;10;1;0;3
EldZ1Hhx;8;1;0;3
keiciu;6;0;0;1
vdmjen8;7;0;0;1
"u;s4:kYh$*<z";12;1;1;5
GrIwVM0NfwF;11;1;0;3
o4hrjmy7;8;0;0;2
zUnCFOZLL;9;1;0;3
vbv0l;5;0;0;1
b3bSqIFo;8;1;0;3
lujc;4;0;0;1
QUuPprmLw3;10;1;0;3
xfe1o;5;0;0;1
&M0aUg)JoKd\hUd~H;17;1;1;5
2m1y;4;0;0;1
w0z46u;6;0;0;1
i5xm1;5;0;0;1
PXU9YpWpI;9;1;0;3
qozwb;5;0;0;1
i7I2sKIZ;8;1;0;3
hcme;4;0;0;1
c0hr4;5;0;0;1
kGjKqi9KE7;10;1;0;3
6usa8cf;7;0;0;1
9k78;4;0;0;1
90qh6ju;7;0;0;1
qyuoo;5;0;0;1
xhaku0;6;0;0;1
"f&'b""FRI2{8o{R^d";16;1;1;5
tJl0rdnHCB4;11;1;0;3
Y4x0j67nf9R;11;1;0;3
0up64m;6;0;0;1
plm90r;6;0;0;1
6ipz7v;6;0;0;1
olizpdf;7;0;0;1
aosoxp;6;0;0;1
$%`Y-UY!Vu/xh<];15;1;1;5
5mG4yRT4JJN;11;1;0;3
20f1f7z;7;0;0;1
!sL+9@frT'i%]M;14;1;1;5
265MEhR3;8;1;0;3
7h603;5;0;0;1
pejf;4;0;0;1
qnwtmh;6;0;0;1
KutX2zLj;8;1;0;3
IL0XkIzBl8G;11;1;0;3
5mqas;5;0;0;1
qjceo;5;0;0;1
+^bV0,gvec^j7`;14;1;1;5
uH4WH3ZXkh5n;12;1;0;4
t8vct;5;0;0;1
~p>vyNoxK(|gj1c.;16;1;1;5
vlmwxk;6;0;0;1
Qy|]=L$*f&2u:7;14;1;1;5
aZN~!}D`x%_5c?EIg;17;1;1;5
wunu;4;0;0;1
IfMaffn8W;9;1;0;3
efeep;5;0;0;1
wu88v;5;0;0;1
qoyyg?BxFc$)4;13;1;1;5
v8`,Rmdf<Z'FD8xv\V;18;1;1;5
j6498qc;7;0;0;1
41imv9;6;0;0;1
3QUfx64ms;9;1;0;3
V=I)V#R01t:SS<;14;1;1;5
kh1q14b;7;0;0;1
0bUqh9sKl;9;1;0;3
2CHzX8DIg9;10;1;0;3
2byhQ2Ljz;9;1;0;3
jkslh;5;0;0;1
an7sz;5;0;0;1
pOBClFKgip;10;1;0;3
"GRzx.9F;/3P9t.o";15;1;1;5
mL3urKkYdX;10;1;0;3
'+iBZwqbPDSP[};14;1;1;5
ymc4a;5;0;0;1
3<PGJ}`PD:X2;12;1;1;5
1tyu;4;0;0;1
vrjk4;5;0;0;1
4miqc3;6;0;0;1
6ff4h4;6;0;0;1
KQlWNoFpf2;10;1;0;3
"Bqj`XlC`!4=?;";13;1;1;5
FricQdDg.bzmA[1;15;1;1;5
"$wG,$>#Om6o&7des;T";18;1;1;5
<%TZOm^EBkn4f1GM9J;18;1;1;5
RnnAAEidZ;9;1;0;3
ffiwx;5;0;0;1
XRs1egmZZ;9;1;0;3
lvpf7QMi;8;1;0;3
F6u7sa8R;8;1;0;3
]Hf+ufgW|T#flEo2;16;1;1;5
vMuJZZnWU;9;1;0;3
bS6gO8N0;8;1;0;3
Gh54qcQMpGp;11;1;0;3
'QLZ/yoCpl>%+1Lf>;17;1;1;5
fUbYsVlc;8;1;0;3
soUqbF3)If[j6p;14;1;1;5
54hp;4;0;0;1
?:YF2S)!<2D4]3;14;1;1;5
WMAH0Z5LyN;10;1;0;3
mLhaRIgYH;9;1;0;3
stIgzMlvX;9;1;0;3
V6Z0sKnRJFz;11;1;0;3
8yCkUtAUY;9;1;0;3
"NG?a{#$|$k;=XK<'";16;1;1;5
yMHiNe51xwy;11;1;0;3
QNeTOu6qbIu;11;1;0;3
K2PV0eJOa;9;1;0;3
8jqgzo4;7;0;0;1
ClqMQWega;9;1;0;3
QRGL4zq5;8;1;0;3
"5k6^BDy;1u.00kzX";16;1;1;5
0;17;1;1;5
33suar3;7;0;0;1
r0hlv;5;0;0;1
75id;4;0;0;1
qo1fjq;6;0;0;1
JvuOgPV7J85;11;1;0;3
nRFroFUVYY;10;1;0;3
z6l7;4;0;0;1
Yr3682Bo;8;1;0;3
0kRcTECs;8;1;0;3
96SnzsvC;8;1;0;3
d4tm1DGBd;9;1;0;3
d9HpsiA8Zx;10;1;0;3
RzJmUO6bpTt;11;1;0;3
jN7aTzh8Ro0;11;1;0;3
tiwgn;5;0;0;1
P0MOjJ9LUg;10;1;0;3
qfm2y57eo;9;0;0;2
lsqst;5;0;0;1
1cb4jg;6;0;0;1
"?}?;_9X?5T|G`lx2w";17;1;1;5
twu570j;7;0;0;1
)}^JS(H3*>L2)T;14;1;1;5
m21y;4;0;0;1
wnFeblkT;8;1;0;3
W9uBvUbm;8;1;0;3
bwFa3oe^{_Cn5!=DV;17;1;1;5
wveoji4;7;0;0;1
QyqEFr7f;8;1;0;3
5y{{gMeEyD7m~?;14;1;1;5
y32b;4;0;0;1
m@bNx#iR|K%wq]{;15;1;1;5
jOErwCSCl;9;1;0;3
y5a2FfDspaj;11;1;0;3
9v6cim5;7;0;0;1
">6:s;JyO7Ax'v";13;1;1;5
r1rhhv3;7;0;0;1
sy8GZe3s;8;1;0;3
nfhN6DJ0C;9;1;0;3
55Mdy0B0n;9;1;0;3
Eo^)Je)@:FnG'~;14;1;1;5
WBU{ci_p'+JqWOKh.;17;1;1;5
KGKMIyaJA;9;1;0;3
sj8C5Vo|0uVE02B5;16;1;1;5
lld71c1;7;0;0;1
y72ojFKc;8;1;0;3
hVq5zqJr{_Ez{;13;1;1;5
nD08vdNzl7d;11;1;0;3
hj5yx;5;0;0;1
#8@M8cD6@[>A;12;1;1;5
"$xmy1W]""^VM\l";13;1;1;5
ekuEA50z8XR;11;1;0;3
DLEM0pJl5M1;11;1;0;3
Dnic6qfGEKr;11;1;0;3
AHBFxN3onG;10;1;0;3
ZdPAcUtFl;9;1;0;3
Oc%(&!A4Shi[F;13;1;1;5
7O7eT02ZBc;10;1;0;3
26u0o;5;0;0;1
Gr5RjCGHPv;10;1;0;3
lbpda13cU;9;1;0;3
Ypy9e2HE;8;1;0;3
"*g7;HgE\O9T&;}UD8L";18;1;1;5
fzzx;4;0;0;1
9a91;4;0;0;1
PIfZ18Avx9;10;1;0;3
bg3e6k;6;0;0;1
ajqGdAYVZ06;11;1;0;3
x7TNmDJT;8;1;0;3
4k17s;5;0;0;1
6vme1h;6;0;0;1
d4Yzlt9w;8;1;0;3
fZoJhtmxcv;10;1;0;3
vrOVK3o2pWN;11;1;0;3
mnh1g;5;0;0;1
PgEe3sAXit;10;1;0;3
frdzgwf;7;0;0;1
j2sll;5;0;0;1
1YZqgzFrw;9;1;0;3
ptjg;4;0;0;1
R%9%=9B3Od$CB;13;1;1;5
iB]eZoF`X|w0^nK+;16;1;1;5
,cHH\'DHz3Z{;12;1;1;5
b?%CF)N(t>hc;12;1;1;5
!T@1ZtMTAXC'5%cC;16;1;1;5
/.[}ss@eSp>hit';15;1;1;5
3P&4l_?4i@8q;12;1;1;5
0ma6dzl;7;0;0;1
31310;5;0;0;1
lYdVPfIu;8;1;0;3
iAbFu2UE;8;1;0;3
ytdse5;6;0;0;1
lxnk;4;0;0;1
"b:Q2Q'Pg,;]^9m";14;1;1;5
4g9cs7'~qa~45L;14;1;1;5
F0dqCKIoBY0;11;1;0;3
43gtBfO8dul;11;1;0;3
phsjp;5;0;0;1
Pt36JR0d5Mz;11;1;0;3
frik5;5;0;0;1
u5slo;5;0;0;1
"kTEM),|5p""E4y@M%h%";18;1;1;5
kb0d25l;7;0;0;1
5qvxalp;7;0;0;1
cEQ]BEau8+,G{xvY5;17;1;1;5
AR6UKCSTwR;10;1;0;3
1l1lm;5;0;0;1
7iorp7u;7;0;0;1
je1evst;7;0;0;1
AVLDhUIV;8;1;0;3
knZQ4wkai2;10;1;0;3
Y2a4On5c;8;1;0;3
M8X7KP60cSX;11;1;0;3
gU7syxTl;8;1;0;3
ife8;4;0;0;1
m,<Z9T'f]h.3!x@#;16;1;1;5
,i:dyo8bw$vCxz%@l;17;1;1;5
is8viKi5eIi;11;1;0;3
1TmiUV3cJ;9;1;0;3
daWvVnYO;8;1;0;3
nfU2QaxdJj;10;1;0;3
6wmkljq;7;0;0;1
1rqifai;7;0;0;1
kYjdYwJly;9;1;0;3
d21m0a;6;0;0;1
MU86fHb5G;9;1;0;3
"<U1LG#O;v>>KJ";13;1;1;5
410dc;5;0;0;1
(4l\%V4.[P!mY;13;1;1;5
ikm6m50y;8;0;0;2
rqdp;4;0;0;1
7wm7;4;0;0;1
InMXTZxF;8;1;0;3
evtUAfI1ImT;11;1;0;3
"p,;<E%)w~>7W";12;1;1;5
jcGA-u{~C5Y3;12;1;1;5
od7f5YSX;8;1;0;3
D>8>s#_`/94m,;13;1;1;5
l1zs;4;0;0;1
7zd2nu;6;0;0;1
wllw1bOOhf;10;1;0;3
4vma5Bnd;8;1;0;3
#)oDD@u>Rj0N;12;1;1;5
$b|vuSOL2,.6:bLj;16;1;1;5
oo8fRinK;8;1;0;3
g:ssv4*)n^={;12;0;1;4
MIHMFMMo0;9;1;0;3
]vW``qZW9>vQ;12;1;1;5
M,@8gRHgl^HIY2se&V;18;1;1;5
B}MPXkpxxMICKK@l0c;18;1;1;5
6mkrGuLb12;10;1;0;3
LrdieCNsVL?qj};14;1;1;5
EPz1tQDG;8;1;0;3
xlp&N3|5B4N=CpH!;16;1;1;5
pjy5f;5;0;0;1
TQaPnF4}^P1n;12;1;1;5
49lou8w;7;0;0;1
f0YtMEjNk;9;1;0;3
axgw2xg;7;0;0;1
3MfDuWu3K;9;1;0;3
MAWtLDAV;8;1;0;3
RlGIZ6Mv;8;1;0;3
.WCPdZS~~3[|x;13;1;1;5
[T+Q6b81QGT,*LhLK|;18;1;1;5
EY8w94OXl;9;1;0;3
ZLVPXo8Hlu;10;1;0;3
#P5dj[C1tficQ?PO;16;1;1;5
UPeWXRBI;8;1;0;3
iluQEwQYw8t;11;1;0;3
2icqi;5;0;0;1
G|GU@Lx#W9iW;12;1;1;5
Tbg4jp9KJ;9;1;0;3
3W2ycuIWBQh;11;1;0;3
kg:I\WV\F,A,RPWE;16;1;1;5
vikzs;5;0;0;1
_qP08x=m:2f^2H33Jl;18;1;1;5
3X@+w0JZDLld;12;1;1;5
qyygw;5;0;0;1
a0ydgb1;7;0;0;1
afh5;4;0;0;1
r0z0;4;0;0;1
ik$dvU&c.B|51P^;15;1;1;5
7rp1zt;6;0;0;1
pp06w5;6;0;0;1
qQ4mHL6D;8;1;0;3
i7V2cN!cFn+WzACx;16;1;1;5
QmHYtrWn1;9;1;0;3
0d358n;6;0;0;1
3J{#L>5bQS7i,x&;15;1;1;5
t72c7t;6;0;0;1
i1fpw2;6;0;0;1
AP9Fz9Qgzlh;11;1;0;3
~%:VAAPyI@4rG;13;1;1;5
2KRtCjNNu20;11;1;0;3
W|aF+qT#c_`(^/>;15;1;1;5
0qCyb70mM;9;1;0;3
fuvNiZ2c82O;11;1;0;3
70lbg;5;0;0;1
6UrDmAIvG;9;1;0;3
JGr7otPtL7;10;1;0;3
osgxgd3;7;0;0;1
T01(L9sJP&i~;12;1;1;5
z9m3m;5;0;0;1
rB4WWH6Ml;9;1;0;3
5c3143;6;0;0;1
bPAe4KQFfaD;11;1;0;3
aocqnmh;7;0;0;1
zj1is1e;7;0;0;1
Y>f4n0_O.1YG;12;1;1;5
rdya4b;6;0;0;1
KnyDwyWOUpn;11;1;0;3
92z0vk;6;0;0;1
y0KvCcj8Mo;10;1;0;3
rgjeui;6;0;0;1
30eugnl;7;0;0;1
z7x0ik;6;0;0;1
vld5x6;6;0;0;1
WXfpO#-jmlZ*e;13;1;1;5
oav5ycj;7;0;0;1
3qlb;4;0;0;1
ZSFfqW7ktf;10;1;0;3
"k`I{]w?Xt|R;W}OPX+";18;1;1;5
xzH4POxA;8;1;0;3
SLMkHNas;8;1;0;3
QUGsSACer;9;1;0;3
qiHwskhCT6;10;1;0;3
kecyouQPDsf;11;1;0;3
)$yNY6?v8WGDJ;13;1;1;5
Wc?^t.!k@f'A;12;1;1;5
kw33w;5;0;0;1
SbIYuu7gVv;10;1;0;3
"qXDS18hCM*3""^[";14;1;1;5
LuJIKem0;8;1;0;3
9perhvv;7;0;0;1
7gj8p;5;0;0;1
wytkgy;6;0;0;1
rlqe;4;0;0;1
V:M?s2Atl`llx;13;1;1;5
1s23acp;7;0;0;1
EPYB6Oqf6;9;1;0;3
e6a!%hhViU<|K'[&%^;18;1;1;5
p0vPMdaB;8;1;0;3
xb7c0;5;0;0;1
kgcigNujL0;10;1;0;3
+8}?4}f`%3M&Tm^i:r;18;1;1;5
5vqcpl;6;0;0;1
JKZo9YkybV4;11;1;0;3
urt0c;5;0;0;1
pmktEV3m;8;1;0;3
txuogxp;7;0;0;1
j5nz8;5;0;0;1
ee84o6;6;0;0;1
2myws;5;0;0;1
NJtSbkAp;8;1;0;3
XvSGg3&FBQ.d>=H;15;1;1;5
CEvGxCaZcaL;11;1;0;3
co3bc;5;0;0;1
Z91El5FH9;9;1;0;3
fTZP3HSpq;9;1;0;3
NmciL!JW=a/=$;13;1;1;5
cF23d0sE;8;1;0;3
ARk%'BNv'tO$_3m;15;1;1;5
Coh5g946;8;1;0;3
Pjuj9ykHMy;10;1;0;3
7d05oq;6;0;0;1
P&P{^Snu:&uLNZ;14;1;1;5
90y2;4;0;0;1
nvSOM43Tt;9;1;0;3
7ump2;5;0;0;1
dfw04jk;7;0;0;1
kucafp;6;0;0;1
">\.*NI}!SZ""]~A'";15;1;1;5
bMqD4XlpxH;10;1;0;3
veudp4p;7;0;0;1
gn1.MCrk%W)34;13;1;1;5
hM!.}mOX{y|:B:XPo\;18;1;1;5
Pi67PZwXi;9;1;0;3
&m8DZ.BG{Z]vNg;14;1;1;5
pZp{oU2fC|(7\;13;1;1;5
sSXRDpOStv;10;1;0;3
4is6;4;0;0;1
RkI]?lir8~gRJd;14;1;1;5
"!n~d=""whk22W:/Bw";16;1;1;5
nD6YeFwfX;9;1;0;3
qBs5lwJJM;9;1;0;3
yh9swbd;7;0;0;1
0N12hwcG;8;1;0;3
uqgx0y;6;0;0;1
iv48dpl;7;0;0;1
QGFjE5EbFck;11;1;0;3
dmknr4EWf}|zW{u;15;1;1;5
4exsn;5;0;0;1
kkqzu1o;7;0;0;1
UvLz34H7T0;10;1;0;3
WD8Kf7uozJ6;11;1;0;3
8DPXfwXR;8;1;0;3
sevlx0a;7;0;0;1
EL.2Ypq#39^um8P;15;1;1;5
"""`)2rQGk(*U1rk'";15;1;1;5
)5&JN/O@56!`;12;1;1;5
k(}k>Z[oCWU}C;13;1;1;5
de2i8b5;7;0;0;1
v3d5s0;6;0;0;1
hcsg0j;6;0;0;1
3335VpNXVJy;11;1;0;3
2micpm;6;0;0;1
EL6MiyNembq;11;1;0;3
JkyG81Cg8;9;1;0;3
nf6m;4;0;0;1
-:kR?Ey83aKDdU;14;1;1;5
cu53cf;6;0;0;1
hmvfxksQh;9;1;0;3
sbarfq2;7;0;0;1
MFy5TPUYuaF;11;1;0;3
9vCz1FOpXC;10;1;0;3
45inwpx;7;0;0;1
X2jrv0SQTwS;11;1;0;3
jb8oriq;7;0;0;1
UvxXVPUw7;9;1;0;3
CR2B4ksW74;10;1;0;3
"IDEtq|iB6zF4C;gEM8";18;1;1;5
alUgukjPYce;11;1;0;3
SPyMM4\Kd=+z$`=;15;1;1;5
IXfsLnDs;8;1;0;3
q8gB<oG'uxc/;12;1;1;5
2GJzxMNRdP9;11;1;0;3
74pv26o;7;0;0;1
ly56cs;6;0;0;1
TWoTCo6Z8A;10;1;0;3
"*NC3{K;Mmmb9";12;1;1;5
t$Q69*~9!(X__;13;1;1;5
"""""[G!}.W~,kgPM#+";16;1;1;5
JVm\O}>F]b(J5XE;15;1;1;5
eJsa3V6gR;9;1;0;3
"*Ci6`L\(b""Cf7j3*";16;1;1;5
gs1w#f>a<x)CI9^;15;1;1;5
xb8jvh;6;0;0;1
sUydFp0wwzc;11;1;0;3
4q2k;4;0;0;1
lNxx7SDA;8;1;0;3
"l;r%L1U7f/h@ml{k";16;1;1;5
UiWb6pxhC9k;11;1;0;3
WLa62Nqk;8;1;0;3
IrXPlvgPZ;9;1;0;3
sm94{^NF[uJtEHv;15;1;1;5
bt2AuQQQJg;10;1;0;3
o9z8q;5;0;0;1
T5ISFS8Q;8;1;0;3
*GF0W`jj{=hC;12;1;1;5
D-!Mug[awKXIYp;14;1;1;5
,JA_nE-lmP\vH1*BiX;18;1;1;5
OMg[Qv%O>{UX:>>h;16;1;1;5
cLVHdwwH2Lq;11;1;0;3
f9ht;4;0;0;1
cfEoD20x;8;1;0;3
ec091tw;7;0;0;1
"cFW8cIs""_z6Ap";13;1;1;5
9YSZJLF9e;9;1;0;3
kvpcCtYLAz;10;1;0;3
"g/6"":R$ZxaCVLiy";15;1;1;5
$b3-YU{y<d[_J;13;1;1;5
zOQ36RF6LJ;10;1;0;3
6k}rpk=o.J8|Wup7P;17;1;1;5
SOjFSr[3!cay9:WS;16;1;1;5
sgus;4;0;0;1
HbQAhAFy5qb;11;1;0;3
oW5nBoazsJQ;11;1;0;3
}UI08PjW/bs9r#ue;16;1;1;5
igo7a;5;0;0;1
H2ciLpohw;9;1;0;3
MCUO48Dp;8;1;0;3
5HELRT5fs1;10;1;0;3
5jc4v7;6;0;0;1
0;17;1;1;5
6jCauyvasF;10;1;0;3
"j<|4,<V*;H{f";12;1;1;5
KhQguoI#Pi,(yZ;14;1;1;5
G#wd^!+Y*VPR;12;1;1;5
UVgfmxHn;8;1;0;3
qzUkGM0l;8;1;0;3
9cngdl;6;0;0;1
MBCySKN2Iag;11;1;0;3
uAqReV!u1'/v<=IMCS;18;1;1;5
tzi8g1k;7;0;0;1
YjuiLvHiFk;10;1;0;3
cmgrys;6;0;0;1
LY2gBd^WY:14pj7m.m;18;1;1;5
PDl0QR928()Iou;14;1;1;5
S6PbHH7YfB;10;1;0;3
yn5s;4;0;0;1
tGCt2o08;8;1;0;3
TvLaSBeAn;9;1;0;3
h0bju;5;0;0;1
io5zhm;6;0;0;1
UsaIQoOv1j;10;1;0;3
n7nlt9n;7;0;0;1
bhuv7;5;0;0;1
ZDn9C6itZXD;11;1;0;3
28v6;4;0;0;1
mvdqrtg;7;0;0;1
\gJ0<vNv|0!pH;13;1;1;5
Rd\mS-154`O$K^/0c;17;1;1;5
g0YymPRPJql;11;1;0;3
j8tb;4;0;0;1
OkKH#_]m2ng\t>]z)1;18;1;1;5
tpiN0X4NM;9;1;0;3
QZ7yHsjIv;9;1;0;3
fJ&/y&*!G,,yoN=;15;1;1;5
mbvv3;5;0;0;1
lfay69;6;0;0;1
NXr@uQ|{W8y8o@t]A;17;1;1;5
URuBC3gm;8;1;0;3
0nrp7t;6;0;0;1
H7wYpwBu;8;1;0;3
69mr@V]\lk'B~F6ZR;17;1;1;5
jdxy64u;7;0;0;1
t':'\8)SZohL}kS;15;1;1;5
"3ub*X|""wqo<T@*";14;1;1;5
esGto1IIJdX;11;1;0;3
C01STD7G5y8;11;1;0;3
l9mj;4;0;0;1
"jbjsxsjA""{%X";12;1;1;5
142epa;6;0;0;1
8U't+A|ELN$r*ZFV;16;1;1;5
mib5ei;6;0;0;1
payJb3gXQlf;11;1;0;3
UqexFZUNhP;10;1;0;3
Q%@,?[v(gArL;12;1;1;5
SFgXrMioa;9;1;0;3
axafvb;6;0;0;1
jhk3qb;6;0;0;1
kKL`2UdT4ajv#VQaZ;17;1;1;5
"H6@R"".&\l<W9I,a";15;1;1;5
mvz4;4;0;0;1
6C5YTq1Zwf;10;1;0;3
"OY<&,Y{d:a\""8eX=.";17;1;1;5
FK3z2JcmK;9;1;0;3
NYBFyIw54;9;1;0;3
6fez2;5;0;0;1
4^.V+VG$&PVRmJ!]T@;18;1;1;5
*byRrynW(LDcy36;15;1;1;5
"ar^=jYv;ng^aBosI>";17;1;1;5
jwbQY>i-1Y^e<1<;15;1;1;5
kEBTSWYGz0O;11;1;0;3
eTa0vufNsW;10;1;0;3
:@ree-y?>48![O;14;1;1;5
m6r2;4;0;0;1
4u0pj;5;0;0;1
C3XdpUuhsEk;11;1;0;3
y<dcx[gFb<nq+3J`.7;18;1;1;5
L552UlQxE;9;1;0;3
?'HyGj(Bb}{h9;13;1;1;5
z9gs;4;0;0;1
j162;4;0;0;1
EdY}diK)Lz}%^);14;1;1;5
8uowWveievSal[9=;16;1;1;5
zjza;4;0;0;1
PdKTizb6GSP;11;1;0;3
vktcg;5;0;0;1
4HMXSc1k;8;1;0;3
"&H9NTiqY`;)s+.5;a";17;1;1;5
Tpy2kfCI70p;11;1;0;3
wbcrjMJH;8;1;0;3
}Z~`{9]WvB(K;12;1;1;5
8VZp$.)TE22&Q,0';16;1;1;5
KXeGtL7ZNy;10;1;0;3
IlepwJBXQ;9;1;0;3
5Dl4PJKYXR;10;1;0;3
TDKdI9NK;8;1;0;3
pp2qjbs;7;0;0;1
z6a373;6;0;0;1
59ju9i;6;0;0;1
k9ge7y;6;0;0;1
WdeWswoUgR;10;1;0;3
D4JMARXxC;9;1;0;3
730c;4;0;0;1
"DfxK|""8C+g0z6k9(y]";18;1;1;5
pyE6O|'C2pR(};13;1;1;5
rvkhae;6;0;0;1
yln1;4;0;0;1
pxR<_IVLAFW&?(,;15;1;1;5
GhUDMPYd;8;1;0;3
lempqe8;7;0;0;1
8dDTL9gwE48;11;1;0;3
"I6j;>Kh]Rg6OD";13;1;1;5
Y~6zWABC&jO@l]dt;16;1;1;5
DJe~aCg>C{i<L4;14;1;1;5
8lOziHzaP;9;1;0;3
amtpjsz;7;0;0;1
OhFcTZiUe;9;1;0;3
Js(z4>>KkuoKE;13;1;1;5
fy8PYfxKYpq;11;1;0;3
np08tzc;7;0;0;1
e3cosvn;7;0;0;1
"x?o^Pf4ibJWU;p\C&z";18;1;1;5
wc*.na^?E&2ED)`KF7;18;1;1;5
r1eo9ru;7;0;0;1
O5yNvYIYP;9;1;0;3
udjixdc;7;0;0;1
sx2u92o;7;0;0;1
uDoPEAwYHHQ;11;1;0;3
ON)K|)k_${WBw;13;1;1;5
BEt7'*-,aMkZ;12;1;1;5
]|cW9?:&1xzT;12;1;1;5
41hbf0s;7;0;0;1
MF2eN~5)N'xsh1_);16;1;1;5
pvom1;5;0;0;1
ZVrNPfgML;9;1;0;3
kmUe9mo6;8;1;0;3
>{uQy_n67#tx;12;1;1;5
fsevpa;6;0;0;1
lz^oo@Zt#3U|bC;14;1;1;5
kczg5ay;7;0;0;1
5ZJEBPjIA;9;1;0;3
"\bLmq:;,:=gWtU/";15;1;1;5
8afEKxI92m;10;1;0;3
eE5fjDOnJd5;11;1;0;3
KkIiyVuO;8;1;0;3
y=(p\e2wWSTp~;13;1;1;5
g5FAdcIHB;9;1;0;3
jWj5WPUrL;9;1;0;3
9$1sQ9T7E=+,S3W*_e;18;1;1;5
5yl0rst;7;0;0;1
elL2ePCY;8;1;0;3
Fd5dIGjr9j;10;1;0;3
JByfd2k1;8;1;0;3
sq7i7e;6;0;0;1
6st0do;6;0;0;1
ogwd54;6;0;0;1
b9598;5;0;0;1
EjPY0bn0Fh;10;1;0;3
8gc12o;6;0;0;1
k8ywV9Eyiu;10;1;0;3
s7wd;4;0;0;1
p4tqu3;6;0;0;1
17ofb90;7;0;0;1
y2ohwx;6;0;0;1
"$~]#w9u+9bvtr"";YnW";18;1;1;5
oaAGmzEpuz;10;1;0;3
hMCZ5UpkKJ;10;1;0;3
xIjnoYKrEqR;11;1;0;3
WQ8v>Y={/]P:1Zo5;16;1;1;5
)E|3K/Hce_Up>E5m#[;18;1;1;5
`a>0D[&<WGY0+;13;1;1;5
Xo>$S.m8rNFi2KdP;16;1;1;5
2h8y86;6;0;0;1
rOtkXUMtNZ;10;1;0;3
XqO:u_2BPW[P|SF1?/;18;1;1;5
"2;1Cv.OONLt}Y=";14;1;1;5
V<[0V=H)3S9}2l;14;1;1;5
k6hd0;5;0;0;1
x[B[srRy.efa)NUsA;17;1;1;5
"CIn.jn/GS;O:ab4S";16;1;1;5
"-]^<""4P]N^>m#=7T";16;1;1;5
iPHFsIJ9;8;1;0;3
"BOAKon;U,M>Tu_1s";16;1;1;5
99Dm9xrLF;9;1;0;3
m9gnX/iiRG@>;12;1;1;5
y833c4;6;0;0;1
v5JiweWhxD;10;1;0;3
RvttGNzkCC;10;1;0;3
amxz;4;0;0;1
UShmwnoTi9V;11;1;0;3
265on;5;0;0;1
efqo5pz9JxR;11;1;0;3
"bx;%;R6:P(R""|m(U";16;1;1;5
rWueRLGOXc;10;1;0;3
mtjqlTBmdBP;11;1;0;3
s,W#p:2K)H'STE{L;16;1;1;5
aart5;5;0;0;1
2xwz4s2;7;0;0;1
nzbb?^|D{Z.ah*B>];17;1;1;5
3ujEvIfrYm;10;1;0;3
ElFyJT5WLOV;11;1;0;3
LwGf3mt4De;10;1;0;3
u7kiti;6;0;0;1
drfjn1y;7;0;0;1
wswh4ynAc;9;1;0;3
tkkibmc;7;0;0;1
njs[Yh@=nX6I|;13;1;1;5
Mkw-q6sQ=+w/X\;14;1;1;5
m12TLE7a;8;1;0;3
WajQvXwcXe9;11;1;0;3
Mg<?,/KuU?M}o~wP;16;1;1;5
l4gz;4;0;0;1
6pmfl6FAqS;10;1;0;3
mrelvy;6;0;0;1
^WA@W<hssaE`@-g0;16;1;1;5
FM9gAkdO;8;1;0;3
ksv6hpxJPS;10;1;0;3
"ldRD@_>VafU""A";13;1;1;5
pqZtcFeSO;9;1;0;3
o1pXr651;8;1;0;3
sspyzo;6;0;0;1
0;18;1;1;5
941pf8;6;0;0;1
h5w8sb;6;0;0;1
a0d#MDMh4d#^t&\;15;1;1;5
eza8pc;6;0;0;1
JlEE3ejACvj;11;1;0;3
YIdhH2C86t;10;1;0;3
PSWt%-:!-iF'e)o+3;17;1;1;5
HN9oitkRWNk;11;1;0;3
SX_bJU/Y{sS^@$nEX;17;1;1;5
CGchS8qVx;9;1;0;3
yunmUXQpGp;10;1;0;3
FYxYvle0&Z.s=:v_;16;1;1;5
";3\n,0(%w.S7jMxQ2";17;1;1;5
qkrsj;5;0;0;1
^W7ab^)o|WPv(sp;15;1;1;5
JFclhzowXg;10;1;0;3
"GT5_.4b("":bKB\e";15;1;1;5
zfpDBgBGlEn;11;1;0;3
2t5c;4;0;0;1
"""~Hyy)=2dT4e&T1";15;1;1;5
84tLPKDD6F;10;1;0;3
2%|ywtDt8gPlhc;14;1;1;5
\X[x8$O{gslbMGNY6;17;1;1;5
QOakrb8VvaX;11;1;0;3
L[[.aAf~G&B@%>M;15;1;1;5
<6-Qz8IG\$WfK7S\65;18;1;1;5
Uh6GoknWGZg;11;1;0;3
bunyt77;7;0;0;1
BIpPChnOh;9;1;0;3
9pgrs;5;0;0;1
E8hDmZ6pEni;11;1;0;3
mcha;4;0;0;1
(]J$d/w2WSD^l;13;1;1;5
V9FisedDJ;9;1;0;3
5EddycOOeS;10;1;0;3
RMKDlTsm;8;1;0;3
sxcl21y;7;0;0;1
UfrPXPPM5;9;1;0;3
rlwPTfwlpJ;10;1;0;3
QlZi4HvYFcd;11;1;0;3
6dpiip;6;0;0;1
ro1r1x;6;0;0;1
h28ua;5;0;0;1
Yd9IdtkgAGe;11;1;0;3
jlFkZ4OyUz;10;1;0;3
cV2SgqXdS;9;1;0;3
dZrBe83M;8;1;0;3
av@x_w&.3|-^CF;14;1;1;5
WL4JpGTDGI;10;1;0;3
o]f>]&*V~%cJb;13;1;1;5
jz907i0;7;0;0;1
K#U%98X'[$3gYYTkiZ;18;1;1;5
jes4;4;0;0;1
kwn6;4;0;0;1
IzAiC5C5J;9;1;0;3
SHcQfbzl;8;1;0;3
di48t;5;0;0;1
ESWEXCbv1Tz;11;1;0;3
hd7s3;5;0;0;1
.3YwcbTs`0.P4OCC?;17;1;1;5
"N0iqn`8g3c9+""bE";15;1;1;5
P63zzviNaXd;11;1;0;3
"?<0Y"";9&3jJK2Kz";15;1;1;5
v>C4FI@')30MkbF;15;1;1;5
(o,L:WK&tXXA,;13;1;1;5
NPODhcckYK;10;1;0;3
hSWDsPEEwED;11;1;0;3
X4IP|%O6M{~_+k!a;16;1;1;5
s9am5;5;0;0;1
P1bt1bnlL;9;1;0;3
$v`d0CZ9CiT`V~Ae.D;18;1;1;5
fn0mh;5;0;0;1
d5c0;4;0;0;1
lhapq;5;0;0;1
*{v~lbN&{>[g?jG6a;17;1;1;5
0k5ah9r;7;0;0;1
wavtheo;7;0;0;1
yxGQc9GLVBl;11;1;0;3
PUH936elrA;10;1;0;3
G7xxDiE0Z3G;11;1;0;3
e8WZ&`*ye%64SH;14;1;1;5
g5k9ys;6;0;0;1
koysoc;6;0;0;1
COkia1AM3;9;1;0;3
$X~SpY$<xa~AtFc!;16;1;1;5
FiFjhK7%:r5[o;13;1;1;5
b1luf;5;0;0;1
iwrdut;6;0;0;1
gaww;4;0;0;1
u5fney;6;0;0;1
dzuku;5;0;0;1
qtauu;5;0;0;1
%)`X\uiUxsLe[^oYa;17;1;1;5
Xu4NGV7n;8;1;0;3
QYjwNljg;8;1;0;3
jL1Akdvt1;9;1;0;3
y8XDNhwa;8;1;0;3
r7lf;4;0;0;1
c2mqte;6;0;0;1
i86h;4;0;0;1
Lq249yi5xcR;11;1;0;3
rm3h;4;0;0;1
i441;4;0;0;1
67G4ahui0X8;11;1;0;3
"""-S1F%o}=.(4""j";14;1;1;5
r5aAK5X9nCe;11;1;0;3
tsmag6m;7;0;0;1
C6Gqu61eiJx;11;1;0;3
BJmnavDOuG;10;1;0;3
3dhw;4;0;0;1
ess1l2;6;0;0;1
41f0c;5;0;0;1
"+Aabyzv;ga&q";12;1;1;5
7CRvU1VTkZh;11;1;0;3
BMh12pREKiP;11;1;0;3
WNlXM2JO6B;10;1;0;3
HznzEt9Bog;10;1;0;3
6xdg;4;0;0;1
l013u;5;0;0;1
24ifba4;7;0;0;1
mf5w4e;6;0;0;1
Y8ha3U3p;8;1;0;3
xocb;4;0;0;1
CL2mSueF;8;1;0;3
bvavRjOrREL;11;1;0;3
"GK018lDf,zx,a""S@W~";18;1;1;5
"G)ny""hPo3LU.@H";14;1;1;5
";z){nS&U}*@b";12;1;1;5
"MX""g)}tO6z>;\Y.$.";17;1;1;5
sjm4f;5;0;0;1
vabhj;5;0;0;1
"bLC%Q3&(wMO""z";13;1;1;5
pc3vh;5;0;0;1
ayg7yi;6;0;0;1
iqd7mj;6;0;0;1
4BDNYaSYme;10;1;0;3
Qd4G7UB5JF;10;1;0;3
giTWo7tsZG;10;1;0;3
1VnoA-E2PKuu!$3;15;1;1;5
\gDNE?L-yGLrq;13;1;1;5
jfpmm59;7;0;0;1
pk61l;5;0;0;1
l2orm8d;7;0;0;1
kc>4NQ>xQFBr2;13;1;1;5
j0YbJcu'_=qp4]\>w;17;1;1;5
08dm9u;6;0;0;1
2zf8jk;6;0;0;1
qnh^=1QI3KmsdfVA1e;18;1;1;5
XWDaY2PKP;9;1;0;3
vRyepRvE;8;1;0;3
h=\!0%fMMoAW^J;14;1;1;5
7tVYIZS7xMK;11;1;0;3
hWN32EBUOn7;11;1;0;3
h2na0e;6;0;0;1
00vNk6t7F;9;1;0;3
xcNQ3J1OdP;10;1;0;3
2abivin;7;0;0;1
95jkz;5;0;0;1
jov-'=o>.I~4+*'6n;17;1;1;5
loEEFLaLH;9;1;0;3
5Dvek6R6P;9;1;0;3
9vVun55Pa;9;1;0;3
OBjBh8Acm;9;1;0;3
lz71r;5;0;0;1
bix145;6;0;0;1
nRzHtnoYD;9;1;0;3
t57rh;5;0;0;1
jd29ebu;7;0;0;1
TvaTeUm3ea;10;1;0;3
45i72;5;0;0;1
CqktIwPOe;9;1;0;3
vu5qc;5;0;0;1
|iCD(q{eYmH0Ro;14;1;1;5
h5tsqbv;7;0;0;1
rjgpvwx;7;0;0;1
9jemb0w;7;0;0;1
y0zqgl;6;0;0;1
gke3qzw;7;0;0;1
"H\NP<pz4}""!;6+";14;1;1;5
Ck5nMjyuJ;9;1;0;3
omzedq;6;0;0;1
CqxRJp3Mzx;10;1;0;3
epinApO8p;9;1;0;3
EwO4GHjgJnt;11;1;0;3
QttEX5f4;8;1;0;3
6ikm;4;0;0;1
u7ns;4;0;0;1
vMRoLqwSi;9;1;0;3
hwdb;4;0;0;1
eXHzNXd7UB;10;1;0;3
ptjy7;5;0;0;1
\W{%o=S6'!fy;12;1;1;5
ykA(I^t!ZMhD;12;1;1;5
NHaA89j4y9;10;1;0;3
ez9P0y5vM2;10;1;0;3
5JG7nb4N93;10;1;0;3
gm8sr;5;0;0;1
QWpF76ACrPo;11;1;0;3
KsfjlWi0cpD;11;1;0;3
HtsPijO0y;9;1;0;3
fY_UUX-1CzVF;12;1;1;5
kXUKcG2VTmW;11;1;0;3
XeJgXdZa;8;1;0;3
`=G*@|Nf{}Z_^PYo7;17;1;1;5
tKgFcBGQGIX;11;1;0;3
KQ:,_/L7'9Ok,;13;1;1;5
@)V<jv&-OGxZp0;14;1;1;5
wjkxe;5;0;0;1
ZTOGhMQJS;9;1;0;3
lFPqIHWHiRH;11;1;0;3
IOir1eGXfxB;11;1;0;3
6ol2g;5;0;0;1
"&S<Sb2""upEJ;]rlH";16;1;1;5
s8dmmz;6;0;0;1
qmD8czD2pz;10;1;0;3
XrMzR4ht;8;1;0;3
FZ2yfl8w;8;1;0;3
W2hEAbYT;8;1;0;3
x1syPGOr9;9;1;0;3
%4nh:,De1780rYrS;16;1;1;5
ucMI^5>9!HS67[+B;16;1;1;5
XuQ'FPe$0RPtM(;14;1;1;5
!a*HI*v/ygUr/:t\;16;1;1;5
"J[Ao;aU.+&88";12;1;1;5
Drv4cR95;8;1;0;3
"1(Oz2jd}H""|V!`";14;1;1;5
jgpg;4;0;0;1
eNn<w]fP_zK]2Ki;15;1;1;5
ilsq1;5;0;0;1
FG7WOZhRr;9;1;0;3
"qh""Lr#}ea{.F)2'S";16;1;1;5
xov30sa;7;0;0;1
Ks5yNNkMJU;10;1;0;3
+T?N]9),7AyfwH;14;1;1;5
X9epqvct;8;1;0;3
(]])KBnNC*]=?|O:+];18;1;1;5
zGuJVUmyEDt;11;1;0;3
"pw<<<o&""h1_VG=";14;1;1;5
1WK6npBaf;9;1;0;3
zbbbmkp;7;0;0;1
0inc0;5;0;0;1
6XfUozBLcn;10;1;0;3
D#pCR#:uk6%)<~qMw;17;1;1;5
Ja1CL}_J_zJ~};13;1;1;5
"Qd0Q/@-(o(Z""HD";14;1;1;5
oX*|FXEUxp'DhY)T;16;1;1;5
p7x0ty;6;0;0;1
Q9H0pknPA;9;1;0;3
4g3gwre;7;0;0;1
lFIfArTCD4;10;1;0;3
uou(itBQ~p+cM;13;1;1;5
g>J2X{AAXNzHELV;15;1;1;5
3fmbzpy;7;0;0;1
S0q4zXdZJc8;11;1;0;3
zw52;4;0;0;1
bwrtc5;6;0;0;1
3_Do)O~q~9dOC8=Y;16;1;1;5
nMV0yx9C7i;10;1;0;3
2gx58xi;7;0;0;1
3OutLmoXcm;10;1;0;3
qnayj;5;0;0;1
7gtwvs;6;0;0;1
nOPXzgMSW;9;1;0;3
rn9l;4;0;0;1
j18ay0h;7;0;0;1
26pF1Ybvj;9;1;0;3
`i#t{+>WZ=?,_;13;1;1;5
q7em33x;7;0;0;1
7F(>d28p'wa1s;13;1;1;5
4djt4u;6;0;0;1
e1tGPj7XQH;10;1;0;3
RKSC1uP7XZ;10;1;0;3
C5vCLQrwY3;10;1;0;3
dvLt5sfxAQ7;11;1;0;3
5eIPqiL8vy;10;1;0;3
3xo4aj;6;0;0;1
B?y3|G,DKW$P>j};15;1;1;5
Zl'<O{$4@(<HW;13;1;1;5
6jVqqo9wHJ;10;1;0;3
+W<3f/lcAWw,JW;14;1;1;5
3l5w83;6;0;0;1
"%=e?<""E*0$oFn):,l";17;1;1;5
CNYc9ZozVks;11;1;0;3
b0ubfko;7;0;0;1
Ngj0eGy3XKA;11;1;0;3
wv5W4S09pL;10;1;0;3
vFQ4eyl7uN;10;1;0;3
H8TSjUjyU1n;11;1;0;3
18j9Ne9v;8;1;0;3
580oxc;6;0;0;1
e45p;4;0;0;1
"f7Z;AXi3%D0WUgW";15;1;1;5
Mf8lywVXv;9;1;0;3
jdylp8;6;0;0;1
ynb5r;5;0;0;1
dYCDC5sHD;9;1;0;3
lelmx6ABzUI;11;1;0;3
UhRmXmS9jf7;11;1;0;3
"A<j/@""hj(z]+7-i.";16;1;1;5
vjqyl6wvn;9;0;0;2
"*;]or./[_Z""ng";13;1;1;5
740xn5Qh;8;1;0;3
vw2rz2;6;0;0;1
YDoQxohi;8;1;0;3
2b2t;4;0;0;1
8Ps^+Kx%Ylm:weW1;16;1;1;5
81p186a;7;0;0;1
Mr7KvAkXFGg;11;1;0;3
VS4BEavU;8;1;0;3
y8C2TZH4J;9;1;0;3
i{90eEoty[Y5zTk$J?;18;1;1;5
"$E^zgZ..Gyb;O";13;1;1;5
6xplopl;7;0;0;1
nkeqpbr;7;0;0;1
Zx70kpZp;8;1;0;3
qCWz#{$(wYy]zIp;15;1;1;5
qemWm1u7;8;1;0;3
2g56zk;6;0;0;1
]*q_86_=lA{Z1&;14;1;1;5
h43032;6;0;0;1
3mn5;4;0;0;1
X:3VPa4_r1\c^Hm5;16;1;1;5
m1wqw2;6;0;0;1
ki8zxo;6;0;0;1
nWYJnGwuAtk;11;1;0;3
"c;3O7ydz""?6%sJ";14;1;1;5
BtYdWAldi;9;1;0;3
pcxu60s;7;0;0;1
0;18;1;1;5
&2?'T$dOV2gl?X-MV;17;1;1;5
jj1ru6;6;0;0;1
yp3gsvc;7;0;0;1
bKivPEtrQ;9;1;0;3
CaK3fqu5QdR;11;1;0;3
vm91;4;0;0;1
a1eagce;7;0;0;1
4q5o;4;0;0;1
egivpzf;7;0;0;1
eia6(g[4C-#{Ng;14;1;1;5
g5NmtRU8KXH;11;1;0;3
c!^U1NG?ccYjr;13;1;1;5
5u2c;4;0;0;1
6qeszb;6;0;0;1
zlg9o9fgIx;10;1;0;3
p6SLUZpfu;9;1;0;3
ISe1N0OtAF3;11;1;0;3
lsf9v55;7;0;0;1
fCgiWGJBkDB;11;1;0;3
72RyuxrlYy;10;1;0;3
J(ha.Km,Ls2rGY;14;1;1;5
82t1;4;0;0;1
9tqjz;5;0;0;1
u9ml;4;0;0;1
^K8IVuGnqQ[+^-K>;16;1;1;5
>4re>r|3WiKF;12;1;1;5
:g%X)*{H(.eA8);14;1;1;5
cxKWnBF2IKm;11;1;0;3
YOs5PMeCSCm;11;1;0;3
0rqi1y4;7;0;0;1
V?@Ef2y3wV(&2E;14;1;1;5
|(bWBPy(b6e,nS;14;1;1;5
VxqmnxfZb;9;1;0;3
c5QVuEzL;8;1;0;3
+ygZ)TBIv]zF)1%AH;17;1;1;5
0C3zr:l>H$2KzmF8\o;18;1;1;5
U3Yq9N54;8;1;0;3
$]TOTD7l]yZzL44;15;1;1;5
IsP3hVrkx;9;1;0;3
ry6v;4;0;0;1
3lfuBCJnw4;10;1;0;3
8V9n)>P.j8+v;12;1;1;5
dk67;4;0;0;1
fb5z;4;0;0;1
5HKSADOa;8;1;0;3
N1mSxCoBCB;10;1;0;3
"""S>,\%u!`Y4p~M{,";16;1;1;5
hL15QhWOE;9;1;0;3
1zyu;4;0;0;1
a3N0e8oiYScL><+|kI;18;1;1;5
cDupcKFCO;9;1;0;3
pjmif6;6;0;0;1
`hkjjd_CiOvB\7;14;1;1;5
dw$.o:PXvm)ZD[Th;16;1;1;5
}V+:37/n]D.CbO$;15;1;1;5
|6n}7j5KiFP6t=;14;1;1;5
[4:W:+sxdd6?G;13;1;1;5
bPYeQN6WIg;10;1;0;3
34h2js;6;0;0;1
M@$Vu8^q9{#{F;13;1;1;5
b0r9j5s;7;0;0;1
odfzpx;6;0;0;1
b8msh;5;0;0;1
ABCYdnEGLt;10;1;0;3
7JnN8Iw4;8;1;0;3
sm9EwqkmnyG;11;1;0;3
dArgiHFipx;10;1;0;3
8L?{IP1?9n+)m$|X58;18;1;1;5
YEkc0L8kA7;10;1;0;3
Ihibkzzs;8;1;0;3
sqowf6;6;0;0;1
Ab8Q05knBum;11;1;0;3
$5-Qi7!R%g^-Z;13;1;1;5
hwtm;4;0;0;1
Irbmw,$$Oj[h6$;14;1;1;5
25ifr;5;0;0;1
mFQa3fs2q;9;1;0;3
p6JRYvMvFU;10;1;0;3
aohG7wjda(`S`tg6s;17;1;1;5
2^A/><}3HZ(]aV(C;16;1;1;5
"[-'DZiNpzvs?^""";14;1;1;5
59lb76y;7;0;0;1
xa269tw;7;0;0;1
1jpxyvr;7;0;0;1
"HWmx"")2'Vi&c;%";14;1;1;5
zvzy1Yof6;9;1;0;3
4rao4;5;0;0;1
j4i4j;5;0;0;1
yae9rx;6;0;0;1
e9kvde0;7;0;0;1
+1c?tnO~1szt18xW3;17;1;1;5
pbRnVpxVeB;10;1;0;3
wz4huPca6;9;1;0;3
btSu98ch4\nH@Hve/;17;1;1;5
}]t31a41I'(I|t;14;1;1;5
MsTTihoyQH;10;1;0;3
vgtyf;5;0;0;1
SEPKbgWORCS;11;1;0;3
aGr3ee5FQ;9;1;0;3
f1wab;5;0;0;1
Vmndtwgn>u4jQ#;14;1;1;5
ElJ0wxdc;8;1;0;3
vUlW4PJP;8;1;0;3
UCy439Ri;8;1;0;3
SLytQc8xJHo;11;1;0;3
{8>P+G?mPnLtOvDK;16;1;1;5
"Vy&'""ig-R9)%d";13;1;1;5
apc!8>,bqX/wmf;14;1;1;5
(xOu{N7q4a#S;12;1;1;5
31mulz;6;0;0;1
pyXnphTS;8;1;0;3
o5wkmz3qWTu;11;1;0;3
a+06F=$.RKJ<hw;14;1;1;5
3bbzXWOPg;9;1;0;3
flehq;5;0;0;1
YEh5yR9T;8;1;0;3
QHAMuiO38HN;11;1;0;3
WimyNhSLsUP;11;1;0;3
33DCPYgs;8;1;0;3
zMSA2Nnk1;9;1;0;3
i^s__</|sZrb\WR7;16;1;1;5
"P^gqpF[uMd@:;";13;1;1;5
BzsV22rXAY;10;1;0;3
'70lp><Aivnc_;13;1;1;5
tiudz4;6;0;0;1
pETDavETA;9;1;0;3
1mb4nan;7;0;0;1
"2-kH=L[Lo]D9tww;";16;1;1;5
q4nw;4;0;0;1
3wd5jw;6;0;0;1
3YpM+5.PLqlcrW49Wt;18;1;1;5
Sw\!o(VD=}nE<ilU9#;18;1;1;5
ctuzx2o;7;0;0;1
lOByYYni;8;1;0;3
koka;4;0;0;1
iku8;4;0;0;1
"""i]8mf+Q2E5C3F[";15;1;1;5
ewjd3v;6;0;0;1
vs9k5k;6;0;0;1
U399&]q9Y{SYF|;14;1;1;5
4E2yqSftO;9;1;0;3
326v;4;0;0;1
1F@dWG)Y^WlN.F;14;1;1;5
olfschv;7;0;0;1
6mlh;4;0;0;1
6GlHlG8cw;9;1;0;3
OxEZFd|QXJudm;13;1;1;5
KuqaHr1q;8;1;0;3
b~TOx}=H&FB.d=8AB$;18;1;1;5
kGgixldIdH;10;1;0;3
9tsrggz;7;0;0;1
YYElUtuKEfD;11;1;0;3
t2rj;4;0;0;1
8cKmc0iYyfs;11;1;0;3
+qa%Ve^~zIF:IHy:;16;1;1;5
xtbg1ss;7;0;0;1
zxpDpYG7R&7P;12;1;1;5
"s.v!$omL}.m7GEZ""r3";18;1;1;5
Pw1FrHdsztg;11;1;0;3
^p!#7]Es2FN'{vy`;16;1;1;5
VU7Ag20A;8;1;0;3
"+t@;YfEk/9Z'hn";14;1;1;5
"?q`""HC(U<D*'^B";14;1;1;5
luhmkh;6;0;0;1
}X<Vf[UE$~n7fb;14;1;1;5
UOdSycwO;8;1;0;3
9Oe$}da#nNru;12;1;1;5
95zb;4;0;0;1
jmim7k;6;0;0;1
S1jBIgwqVh;10;1;0;3
Lfjvev3Z5aG;11;1;0;3
stg6vlq;7;0;0;1
E\Pi]Kifis0:;12;1;1;5
ko9jz~Pz6!._-=;14;1;1;5
Jg5yU1EE0U;10;1;0;3
9W#Ty_U>GI(V};13;1;1;5
()Ea^?4v'!iTm(04a;17;1;1;5
yhaf;4;0;0;1
7bu3hf;6;0;0;1
33VmiAtvuj;10;1;0;3
yufn;4;0;0;1
hgS1ZFy8N;9;1;0;3
4YSqYFglFu;10;1;0;3
!5.C1|,&:tTA=;13;1;1;5
6_4MYgfJ+5i5f-;14;1;1;5
L8@Mn??!*}:s>%BN[;17;1;1;5
">]}^C=X2-bb?qk;s9";17;1;1;5
LfXsJf8na;9;1;0;3
70u1y;5;0;0;1
bj5ac5j;7;0;0;1
yqfUeYjNM;9;1;0;3
xyjg;4;0;0;1
WrCUaN6dJP;10;1;0;3
kqvj;4;0;0;1
CP32GSFOilw;11;1;0;3
A99Wn2lJFF;10;1;0;3
fuyvh0;6;0;0;1
"_""\(<afX@P/a8aYQY~";18;1;1;5
sci19u;6;0;0;1
2Gk6RkZw;8;1;0;3
c4OaHXbrs;9;1;0;3
w97C19dPh;9;1;0;3
zy8r1go;7;0;0;1
CC4hLKf0ILb;11;1;0;3
\TC}ce?(06ANZnTW;16;1;1;5
3EYb3o26W;9;1;0;3
Gvn7THAneV;10;1;0;3
G18gxipO65;10;1;0;3
m5s5q7;6;0;0;1
Ko3gV93O;8;1;0;3
nG=711iCI%{u%;13;1;1;5
hzxmpH9E0;9;1;0;3
by3jk;5;0;0;1
73fqod;6;0;0;1
Zur6KKlHb;9;1;0;3
cfa85mh;7;0;0;1
ceU5c7YG;8;1;0;3
Fs2yxbdIr4j;11;1;0;3
UbydUthzb;9;1;0;3
1cdo6md;7;0;0;1
vWlWijuAx;9;1;0;3
lhuvi;5;0;0;1
FcCgXaqGv?kx:rmvQ-;18;1;1;5
n3hgq;5;0;0;1
33926z;6;0;0;1
qtygar;6;0;0;1
BdUBnklR;8;1;0;3
3LTiLe6Zo;9;1;0;3
uiqpR48AqB;10;1;0;3
"%cLVT95L~_a;v+";14;1;1;5
")\N"":}mKgsl+M{#";15;1;1;5
SndbR*9)[TX@#w!E:;17;1;1;5
n2HNJkfsk;9;1;0;3
ibhfTMJtLma;11;1;0;3
m3vbg34;7;0;0;1
gws0o2;6;0;0;1
fghibi;6;0;0;1
y2z5x;5;0;0;1
fs33;4;0;0;1
pjj1iev;7;0;0;1
5il3;4;0;0;1
aY09PgGxvV0;11;1;0;3
rWzN2MVV6C2;11;1;0;3
czgdBPWcpe;10;1;0;3
a6pDgR2MnlH;11;1;0;3
VYZSuVG1a;9;1;0;3
YtFAPDD2mez;11;1;0;3
AW7WyfqQNR5;11;1;0;3
"@8M^bd=2{-b;';.|Q";17;1;1;5
IF9mmJ0E;8;1;0;3
'`$9MsA_e%=V;12;1;1;5
0u{zcrj-Yo,Bp3F\;16;1;1;5
f2HzT\!_4ntDkEL;15;1;1;5
Kws6RZRX;8;1;0;3
abxH3pEeyuY;11;1;0;3
q3wfc;5;0;0;1
ucf2;4;0;0;1
Qd8bYQsk;8;1;0;3
4vfvvD\3t{MzU;13;1;1;5
#ZV5lekr]k.AERC];16;1;1;5
X9!,V9G7G_A~6#;14;1;1;5
.[uMb|a1y5-Bp&1;15;1;1;5
fca)/jjKe\?[0le;15;1;1;5
$/ia'![aKF6lQfE;15;1;1;5
mny9wlg;7;0;0;1
6lmmhq2XOf2;11;1;0;3
w2s59te;7;0;0;1
29cu6qc;7;0;0;1
,g(e8ApF2rLY:;13;1;1;5
Z2m1SCyVru;10;1;0;3
hnd9t;5;0;0;1
kX5A4REOW;9;1;0;3
bt9l;4;0;0;1
<KTf\aI7JbmaB-DJKR;18;1;1;5
ql2QtFIl;8;1;0;3
"_~#:F;qTu=s(F";13;1;1;5
3waRsCakl;9;1;0;3
b06r3rv;7;0;0;1
G5LRGLGB6EF;11;1;0;3
udukq8m;7;0;0;1
LN6889Wyv;9;1;0;3
O@pKT1/+MvJ,#=3(;16;1;1;5
.3h6cR+mm.w';12;1;1;5
zsBi09ok;8;1;0;3
%KMc'J,]g!J8P}N\;16;1;1;5
GFv$uAc)&(/IAo;14;1;1;5
89zz;4;0;0;1
u9#F:EVvIY=9;12;1;1;5
Evzpp2Iul;9;1;0;3
qJh9iVHX888;11;1;0;3
VHVnmYCIL;9;1;0;3
d7r1pwm;7;0;0;1
--0xC&wK5*%+pyOwY;17;1;1;5
EDngMgO1Vi;10;1;0;3
zxYrbF.:Qi-o`KI<L;17;1;1;5
IW+d,-JrLY^$3CAb;16;1;1;5
zxqsg;5;0;0;1
9rTWWiIys;9;1;0;3
nLjoseEa;8;1;0;3
iV`kx3%x\C8/hio;15;1;1;5
i4y0r46;7;0;0;1
a38qu;5;0;0;1
neu0XJDqKK;10;1;0;3
7mqe32;6;0;0;1
"rxw5Q,""o^#^C%D3H^D";18;1;1;5
D6mnUs1!3J'T0;13;1;1;5
v=-U$R.)|+77$]1l;16;1;1;5
af2HhTbki;9;1;0;3
04ghq44;7;0;0;1
7q05;4;0;0;1
lz4fw;5;0;0;1
k!A<!yiREt]]Vl;14;1;1;5
f49e;4;0;0;1
ct8stbi;7;0;0;1
nO5itgRZDQ;10;1;0;3
9poso;5;0;0;1
"8<>J.#0w=^nRaC;s]_";18;1;1;5
Mkw2r7NRKp;10;1;0;3
d2ss6b;6;0;0;1
0RGoEFLOXvw;11;1;0;3
aCey6mMqe;9;1;0;3
NCLlD48PDB+I;12;1;1;5
bseg;4;0;0;1
)M$=AKgOqGCK;12;1;1;5
96gi04z;7;0;0;1
cb90q5l;7;0;0;1
DdqGdw7Cr;9;1;0;3
SkYKcnPqP;9;1;0;3
Jhv0TFIn;8;1;0;3
mYgiaWwecn;10;1;0;3
rSVQOeQt:@mVet;14;1;1;5
OI8DqWFwL;9;1;0;3
\7?T^B[/[|F!A;13;1;1;5
zGPpVHu3;8;1;0;3
c50~QqmXVwy<38J[w;17;1;1;5
k5jvbu;6;0;0;1
"yp)Xve}q0""@^\";13;1;1;5
6xsgoh;6;0;0;1
]YawpA|>?/RR>8/;15;1;1;5
"]Qfl5au_<n~plr;A}{";18;1;1;5
)@3wr,KtgjkEz;13;1;1;5
KaeVyzX4;8;1;0;3
y1yip8;6;0;0;1
eun1s9;6;0;0;1
J%1BC]5X!\-0Tc;14;1;1;5
w8xByQb2l7;10;1;0;3
nvlp;4;0;0;1
aPp7onqaA;9;1;0;3
fl3t6;5;0;0;1
k0Kuz38OABm;11;1;0;3
dq1hmv;6;0;0;1
eacrNm2R9;9;1;0;3
kbs5WWSzw;9;1;0;3
Sf907jl5xQf;11;1;0;3
SVSr5NC1G;9;1;0;3
"S5!PN;fI`X~F";12;1;1;5
}@^jrn(<Uij'9m(M6`;18;1;1;5
G57(hkXWRTW'ykg{S;17;1;1;5
n23Zi1lL8;9;1;0;3
k0b6ros;7;0;0;1
o)%Lk`D$mF9L3;13;1;1;5
:Fu5eW_M(0sdH4};15;1;1;5
vy75;4;0;0;1
53fpm;5;0;0;1
2ILYtAYu;8;1;0;3
H7@Vq:0aLTJ#'t:/;16;1;1;5
nyO8dEi2b;9;1;0;3
aSCzCujF;8;1;0;3
Sibz4qVjU<x-sPg+mZ;18;1;1;5
9GLArKbb;8;1;0;3
9nxj9r;6;0;0;1
"al,Vu'^AMcJ+o""$";15;1;1;5
V6DqCdrMw6L;11;1;0;3
g3ucim;6;0;0;1
g42yf0;6;0;0;1
46kf74y4w;9;0;0;2
04gas1c;7;0;0;1
MEnINmDnb;9;1;0;3
48t6pvo;7;0;0;1
bys9;4;0;0;1
XPcy6d5L2X;10;1;0;3
gbiRZSEE`?f%a;13;1;1;5
mLF4frH4.*V*h$yH#;17;1;1;5
sgvdc8HKZb;10;1;0;3
pELahmif;8;1;0;3
AcV*k(r)\~?A;12;1;1;5
XJjwPIXL;8;1;0;3
";S+vhzP'}_A<K";13;1;1;5
yd2smy;6;0;0;1
iz4oo;5;0;0;1
x9BvhbHhZu;10;1;0;3
ytnll;5;0;0;1
".SL!aqNZ_q;b40>";15;1;1;5
ueq39mkVsn;10;1;0;3
eiZIre42E;9;1;0;3
m2f7;4;0;0;1
">""qu(v[E.L7B[a2;5";17;1;1;5
8oxagr;6;0;0;1
rpg0dx8;7;0;0;1
grsrsn;6;0;0;1
jksq269;7;0;0;1
kHp&e!W-('$h;12;1;1;5
htnskw;6;0;0;1
.~zODd'B!f57,Q;14;1;1;5
4D&Mw.-XYQpazl';15;1;1;5
6rnb;4;0;0;1
JfKwGUd5Yh;10;1;0;3
DP05Msj55w;10;1;0;3
9KXRSHwI;8;1;0;3
Ij6SGIhz;8;1;0;3
erF7pQfr4AV;11;1;0;3
FM9ZqA10M3E;11;1;0;3
']Z'WR>Hd<[{NZgmzo;18;1;1;5
45yfm1;6;0;0;1
p59g;4;0;0;1
aMSzQGukO;9;1;0;3
vw7q8n;6;0;0;1
rnmn;4;0;0;1
]4r*b1dbW.t`$6;14;1;1;5
4a484Mhub0G;11;1;0;3
$]24-Iw>5c:lK;13;1;1;5
4npp;4;0;0;1
KQv3lSzz;8;1;0;3
njfg2gn;7;0;0;1
IVUsubGh5;9;1;0;3
siq9kim;7;0;0;1
vbmeu9v;7;0;0;1
"y?JJXj-cdh;h";12;1;1;5
UQd4XWNBi;9;1;0;3
h5dq;4;0;0;1
iCbLt3HX;8;1;0;3
fdiExULq;8;1;0;3
CcnlhXq3UKw;11;1;0;3
q8G98M86;8;1;0;3
60#n7LK03laAA;13;1;1;5
g3ljxdf;7;0;0;1
ugyl99;6;0;0;1
sCEJD1IH6;9;1;0;3
ZJdpSgiBP;9;1;0;3
jud72;5;0;0;1
8lp7yv;6;0;0;1
P97nDf50e;9;1;0;3
sR=`1Q2/z_Vjt;13;1;1;5
ria6cb;6;0;0;1
3nLMjDpixJ;10;1;0;3
"%K*L!or>5A+""UpK}R";17;1;1;5
3plf;4;0;0;1
AeNKjz7DG;9;1;0;3
Hsy42t3vSL;10;1;0;3
0;16;1;1;5
ParWIt4QLv;10;1;0;3
yVX1llK79aJ;11;1;0;3
tnvt7;5;0;0;1
4nqe;4;0;0;1
d27gv;5;0;0;1
.%I\VGEo:VSkzQG<GF;18;1;1;5
YWlXaF8Pi;9;1;0;3
ik,dK<@??43-L#MahT;18;1;1;5
NNTjmI3j;8;1;0;3
"WQBV""h{Y~G`g}";13;1;1;5
Qp8F0cgYkYN;11;1;0;3
AGFxzQKSEW;10;1;0;3
mqnl3;5;0;0;1
3q8Om5Icj;9;1;0;3
rxnq;4;0;0;1
"0J""&d97z_%qGj?],";16;1;1;5
gk9ip;5;0;0;1
6fe1uf;6;0;0;1
zn5dp;5;0;0;1
qn19;4;0;0;1
8wiybu;6;0;0;1
"U]q6J7M'0l%;UyPWQo";18;1;1;5
<[DT]yP>)_A^C@Cx;16;1;1;5
E!-VCnrx2K-c;12;1;1;5
nv-~RFO8n1mO8;13;1;1;5
lg2COd278;9;1;0;3
uW0rUD2GeMg;11;1;0;3
fHD3zS0YXg;10;1;0;3
af270;5;0;0;1
iPlDDtATK;9;1;0;3
r1g3t1q;7;0;0;1
I5ng03fYRM;10;1;0;3
vwg1h59;7;0;0;1
'-0yj(?QwvLx;12;1;1;5
$I5~@LYerjN_5u;14;1;1;5
"L|>;HuN(teP7\+5";15;1;1;5
uNWwZNls;8;1;0;3
"QkQ;F4m.,nT+";12;1;1;5
1KI(/bF\2(h1:NgK9@;18;1;1;5
"QF;n)#Lx2:|3QZh";15;1;1;5
5fayd;5;0;0;1
jeias5n;7;0;0;1
imwsepl;7;0;0;1
99zwxScs8as;11;1;0;3
0k07o;5;0;0;1
";DwsA-,yLsy""";12;1;1;5
6{6WlcV*]epvv@;14;1;1;5
mlGhtOdDj;9;1;0;3
zi=n&bY`eNGh;12;1;1;5
gqbni;5;0;0;1
1=0hp=p|Pizbf@]M;16;1;1;5
mMUgRfneo;9;1;0;3
6FlNsnfA;8;1;0;3
%1NIsVY8Tu?]2HJLzQ;18;1;1;5
3ha7;4;0;0;1
yoSur7Vr9F;10;1;0;3
Sf3NlbQHK;9;1;0;3
caeLixyK;8;1;0;3
0Iwy:,J@*>LnvGDga;17;1;1;5
frtgos;6;0;0;1
s2xnj2c;7;0;0;1
hW\^{siOXjdR<za;15;1;1;5
aebh4;5;0;0;1
newrhIcy;8;1;0;3
ZMS0HWUHP;9;1;0;3
"!\66k#j:~""2:";12;0;1;4
o}d],%}5lt-ma;13;0;1;4
Q7CYGfjZA;9;1;0;3
*AINEk:^sg1+5[;14;1;1;5
Kq3AeneB5Aj;11;1;0;3
gbxkka;6;0;0;1
bbmo6i0;7;0;0;1
bBFVVP79M;9;1;0;3
48nyjr;6;0;0;1
nuae;4;0;0;1
HPOh4Kdzm;9;1;0;3
7dfWcVHaQ;9;1;0;3
'*+{jc@g[qWdB>)]i;17;1;1;5
amjwtr;6;0;0;1
/j76gx\!6MM3^5g;15;1;1;5
"COBqvrjIev;u#+vN";16;1;1;5
1z8snin;7;0;0;1
Hx2EsR5Vvj;10;1;0;3
fykdp;5;0;0;1
??C.n%ZQmCO@8&&u;16;1;1;5
bjjj11BmgzL;11;1;0;3
4UQnLC6hoME;11;1;0;3
52f8;4;0;0;1
QeO97HQG;8;1;0;3
C/@@=@/%lj_7Q;13;1;1;5
0kgnz;5;0;0;1
t2yq;4;0;0;1
bPnMyeHkkWh;11;1;0;3
IVW218I59NA;11;1;0;3
w1wrrowsnkx;11;0;0;2
ldjPwsz7I;9;1;0;3
9HXCUUxI;8;1;0;3
g6z3;4;0;0;1
TWZpJBJtN;9;1;0;3
jb4m;4;0;0;1
3P#nM,%oI`Ou;12;1;1;5
krKWZhmCS;9;1;0;3
"@SppKyX\]vvDv;hR";16;1;1;5
sd06ict;7;0;0;1
p2x1zig;7;0;0;1
HoHHiUL2et;10;1;0;3
hwve;4;0;0;1
I@c[.2~=`nbPQKRqe;17;1;1;5
cwMWbPW258l;11;1;0;3
EpvMLMy15f;10;1;0;3
9qnl2avif;9;0;0;2
kvhv5t;6;0;0;1
esqoxi;6;0;0;1
"8r(ps{em'exUz^;""";16;1;1;5
3k3Q6FUY1wH;11;1;0;3
pppmg;5;0;0;1
GOZlJT1v0;9;1;0;3
3PEnvcBLJ;9;1;0;3
>HK@:!K#G<'Ub1y;15;1;1;5
oKPw6Mu7mz;10;1;0;3
x93em49;7;0;0;1
v2pnnvu;7;0;0;1
Rxt=gdwDp2RdOmza|;17;1;1;5
6ygGQDYRx;9;1;0;3
<^{Bz?7QMdYPlI;14;1;1;5
l4HAzNc6;8;1;0;3
LuQuYTAopgu;11;1;0;3
v77a;4;0;0;1
5JbCMKqeSVn;11;1;0;3
nv3wsr;6;0;0;1
"$oFor](""G'2FAqp3LI";18;1;1;5
q70l4zl;7;0;0;1
SBWO8UoJB;9;1;0;3
u58p7mi;7;0;0;1
LK7-:f\u8(+s;12;1;1;5
oQteZnBn3;9;1;0;3
9pzr;4;0;0;1
8xHdGOIbgO;10;1;0;3
Lb['0od82VgvV;13;1;1;5
3)DIoe71Se[e78;14;1;1;5
SR8BefVne;9;1;0;3
VHKd6ud105;10;1;0;3
iMA<(,sk2_M}yg%Ln;17;1;1;5
"\4>c:0}5""{Ks?e@q|`";18;1;1;5
XMaXQL1BvLU;11;1;0;3
"QAgbcCzsK;o.}";13;1;1;5
ir8o;4;0;0;1
z1q76jt;7;0;0;1
s491h;5;0;0;1
qy9LggQiPo;10;1;0;3
wFG2lVclXoz;11;1;0;3
NLoUmiD6;8;1;0;3
s1aiam;6;0;0;1
d4rK7u2hKm1;11;1;0;3
v(x3hj(tqUk{bcYW+v;18;1;1;5
".~wG)""\(.'=B*%dgAH";18;1;1;5
QIJmga3M;8;1;0;3
"3{F)""UzdDD)_xP";14;1;1;5
%f\fXa@7C6HwjybQWm;18;1;1;5
}o+ON27&tyGpS;13;1;1;5
mFesFv5mxi;10;1;0;3
<XW.d+Z!U^svkV;14;1;1;5
1WbyY39PyA;10;1;0;3
d02yUHR7dV;10;1;0;3
NMYEBTcMs5z;11;1;0;3
7v59pdngqs;10;0;0;2
4pR8BLIs;8;1;0;3
noSDM2i6Q;9;1;0;3
a6yf;4;0;0;1
i8Dz95Yi;8;1;0;3
0roouw;6;0;0;1
tczc;4;0;0;1
Dt4QkLdq;8;1;0;3
LOu9oNivk;9;1;0;3
7m4mg;5;0;0;1
bqU2sHTOu;9;1;0;3
%8_~m]821K[<n^&#;16;1;1;5
aPgcFSVV6gh;11;1;0;3
lkq6;4;0;0;1
i0mn2;5;0;0;1
49zrv;5;0;0;1
p9s$^M^HKFqkPK[F;16;1;1;5
_GW<)kNWJNS-6#_G};17;1;1;5
"i}1y`9%Krxz%""&G)u,";18;1;1;5
dJOPKSU7u;9;1;0;3
dcN./G|fUBGLVYax\F;18;1;1;5
tdin;4;0;0;1
fygihb;6;0;0;1
orkl;4;0;0;1
"""aUU/ea!u>EGr";13;1;1;5
SZpILdPvcLI;11;1;0;3
OQJkvuVpK;9;1;0;3
51Gdy4REF5;10;1;0;3
GrJ6g9Cj;8;1;0;3
R^]ld8dy-dRqq*=));17;1;1;5
n1PbGn*<SURM$l;14;1;1;5
A/43sV90nQ'Bn#E6ev;18;1;1;5
zzvd;4;0;0;1
3h76LBRK;8;1;0;3
"*/r=*cOpmN/;zB";14;1;1;5
8Um?$_j902yo$/h/]k;18;1;1;5
2`$B?wfGL[!#\$e^&\;18;1;1;5
")"".[rbt>B3\LO";13;1;1;5
.KCzefc_]gM7|/Q;15;1;1;5
cY<!e~%okMp.Tzq%&;17;1;1;5
qr0st66;7;0;0;1
ZqPSqOAIiv;10;1;0;3
ib6hlt4FrC;10;1;0;3
0n4dsY0N;8;1;0;3
DHt3Iuyn;8;1;0;3
hx14;4;0;0;1
r3O7izBg;8;1;0;3
ZbXRVHIN;8;1;0;3
J0^4NA1[cHj3ms$(mx;18;1;1;5
6zoyzqEHx2;10;1;0;3
O!oIGv'^jjEqIa0;15;1;1;5
e5+%pq9'JECaM[9GPz;18;1;1;5
8Vzzbg3lOq;10;1;0;3
EWS9_4VPmWSQ;12;1;1;5
saaa8uc;7;0;0;1
0;17;1;1;5
z4UvZ7ql;8;1;0;3
zhd34;5;0;0;1
uguyqx;6;0;0;1
aCioyetv5h;10;1;0;3
zqsqno;6;0;0;1
i36u;4;0;0;1
t2p9ey;6;0;0;1
080g;4;0;0;1
elRaenefHm;10;1;0;3
"+7""[%G|x_Q^lW45";15;1;1;5
YGwAT1IR6ey;11;1;0;3
nSuro1DXUSP;11;1;0;3
277l3a;6;0;0;1
"d""FdB""%+3;$gqfe3*+";18;1;1;5
",T/p=d-a3S""k]";13;1;1;5
66^mkl{5rm'z-I;14;1;1;5
"""/0V_%v\h^>s7+B7";16;1;1;5
5fK1PzbGiH;10;1;0;3
NB~3/JW2I:N]]+m`;16;1;1;5
v9281x;6;0;0;1
bxmh6;5;0;0;1
701woo;6;0;0;1
r5cd4zn;7;0;0;1
cHPZdR3R0;9;1;0;3
mhk7s;5;0;0;1
E4f1BzmaYe;10;1;0;3
6pvJEvhsh;9;1;0;3
bnwo;4;0;0;1
"3X10k^L8)RCT;p";14;1;1;5
8uAoQiAP;8;1;0;3
"j!6\Ke.69;zRK8agl";17;1;1;5
kymndy0;7;0;0;1
BnGfIKtp;8;1;0;3
jZ8v$dWBu>cni.e;15;1;1;5
IITcs1S4qv;10;1;0;3
nHU0pSoG;8;1;0;3
qoj8k;5;0;0;1
w6e650;6;0;0;1
?Ge#6r1hjuo2mw];15;1;1;5
vqAxk5r1;8;1;0;3
uq1aj57rf;9;0;0;2
"t]""LttNWS2SM";12;1;1;5
WqPPmlxvS;9;1;0;3
)?@0to2JN.C{=Wv![;17;1;1;5
SwbfInrjX;9;1;0;3
SBjGlIcKYmr;11;1;0;3
8XA,fNf!Wc&UkB3-j;17;1;1;5
e10q08;6;0;0;1
%ZBLnIQ{e8O,;12;1;1;5
hvyo6gc;7;0;0;1
]Jd}%?K*d@YGX4NUZ;17;1;1;5
twmkoin;7;0;0;1
oRG24WvUrT;10;1;0;3
d00l;4;0;0;1
kf27q;5;0;0;1
mziptc;6;0;0;1
d0Xo2BxOO;9;1;0;3
3p8yk;5;0;0;1
uejnWYOd;8;1;0;3
"t@iV=c9q~V*+""Dqm";16;1;1;5
6'd.hi5b<)r@/Y;14;1;1;5
peJ6ugRr;8;1;0;3
UOGPe61Y;8;1;0;3
01cKch8g;8;1;0;3
Pugxjhob;8;1;0;3
[]YCcD,ensAP5;13;1;1;5
XAhgjkCC9;9;1;0;3
"!eNA~X;,(,X4>hO~J|";18;1;1;5
6a)%M>kO9lA8m;13;1;1;5
ICShfLANE;9;1;0;3
g|8VrK\Mas5'Ic>z;16;1;1;5
k0qf4;5;0;0;1
']/qpk2v|IV{&JnK;16;1;1;5
fcRHGFh4xX;10;1;0;3
c3TuOrAe;8;1;0;3
altbvm2Gzxw;11;1;0;3
rvlq;4;0;0;1
DuwuDwHoF;9;1;0;3
1wvf5;5;0;0;1
mi?QEgG=oRo#S9sl;16;1;1;5
lIO0dsTBsb;10;1;0;3
SFjpG7eeG;9;1;0;3
wNfPMKYP;8;1;0;3
7ufdjm;6;0;0;1
74ax;4;0;0;1
LUN|WH8~\R3mh;13;1;1;5
scxafa;6;0;0;1
3asy73;6;0;0;1
u31oek3;7;0;0;1
Xga\Jykt2@m6LSAl;16;1;1;5
N:99A']hg[|63]o;15;1;1;5
vjp>lK8MIDPI4;13;1;1;5
UGZwTO}D`:c9lU;14;1;1;5
fSwWqUvnZy;10;1;0;3
wcY7BYeW;8;1;0;3
Hkd3v2zi;8;1;0;3
7dy0x3p;7;0;0;1
t8uoz;5;0;0;1
7ygfy;5;0;0;1
5x59y4;6;0;0;1
"^VzC""#]~-XV9Mnn]=";17;1;1;5
Kq.pl**|6rsW[;13;1;1;5
<[60B<]n3}!e%$)C~;17;1;1;5
oobqojBmu;9;1;0;3
fx4g;4;0;0;1
gFN>X1F24ZJgV37:;16;1;1;5
Sf0pqlTh;8;1;0;3
tx4l2u;6;0;0;1
r5HTxUnodBk;11;1;0;3
"dyR0|lk#Az0g;1;";15;1;1;5
l9uz8a;6;0;0;1
6gmN5E5tBZ.y4PJ*;16;1;1;5
IlIUytAzZRb;11;1;0;3
36HhxdBcW;9;1;0;3
7mem9VPM;8;1;0;3
zxzy6c;6;0;0;1
fuKRF?+pMCB3.ti2N};18;1;1;5
H:mO7GgAsnoi7dt_7&;18;1;1;5
VepA5hGMnw0;11;1;0;3
X]E6)D$O}>f_E;13;1;1;5
V3yv28UWZ;9;1;0;3
$L)Dz8(c|yZv6Y-;15;1;1;5
bKKJRbqBO;9;1;0;3
94wdo;5;0;0;1
IJeV?rS#0lRY%s;14;1;1;5
JkT6tWCpAp;10;1;0;3
wb!L,yi<?/<&t4;14;1;1;5
5jik;4;0;0;1
1g3mu54;7;0;0;1
"u,RC%2""#vV\>F2AU/";17;1;1;5
ngne6ud;7;0;0;1
vCK50rNPStn;11;1;0;3
SZvVr6LU8B9;11;1;0;3
`W^<WfDv8L2r;12;1;1;5
jlfm3c6;7;0;0;1
"{w6^3c<g(j|i""[";14;0;1;4
obsy5xg;7;0;0;1
4i3IZibYLo3;11;1;0;3
70wj;4;0;0;1
LxAc19Fu;8;1;0;3
KDXs2Rab;8;1;0;3
0jdsew;6;0;0;1
Oih8+1(R1Q1N~Vh,u;17;1;1;5
ma6bm;5;0;0;1
9cUBY2u2;8;1;0;3
rpnk;4;0;0;1
4wpk;4;0;0;1
1bviLgaAY3;10;1;0;3
ul26;4;0;0;1
0;12;0;1;4
,wg)9<GPP4UO;12;1;1;5
RDF&@K::*%[3~;13;1;1;5
gOIAs2MvRt;10;1;0;3
Yg89kY1N;8;1;0;3
r7ea5i;6;0;0;1
dc1Cq5lrS;9;1;0;3
iexZq4Bp1w;10;1;0;3
02xt0;5;0;0;1
D?CV,lNlU6S$Uv='Y[;18;1;1;5
K{\SjU00G+3f+Nh_Tl;18;1;1;5
ef*3gFLymo{2vM;14;1;1;5
4wOZ2BWfJ;9;1;0;3
yCyQTC5bX;9;1;0;3
Bpm7'7`_h=d7m;13;1;1;5
"f;[-H\%2Qsh=%S:$1@";18;1;1;5
RaV:0\]=iChd(QO-Z;17;1;1;5
ry5j;4;0;0;1
RArhEuFAi;9;1;0;3
3jhs;4;0;0;1
"8G;gw)}4Xd}h.@Z";15;1;1;5
O6jn32futu;10;1;0;3
e6EHR3CDHT;10;1;0;3
><1EFSk!{BZP&.`X,;17;1;1;5
03eet4qN;8;1;0;3
tahwwzm;7;0;0;1
fr-5$n{1f}!b'tSq|B;18;1;1;5
a5WbMb7G;8;1;0;3
P8}OLQX_Z+wxg;13;1;1;5
7tyd;4;0;0;1
"Py""iPnmy._H0xNg~tk";18;1;1;5
teok;4;0;0;1
2wJDD6pePBz;11;1;0;3
Qhd6GAYlL;9;1;0;3
wIRFHdpMW;9;1;0;3
puu53;5;0;0;1
"q8XY01DK;6Em'mVy;";17;1;1;5
5x9lkym;7;0;0;1
g2cZeiBWeLz;11;1;0;3
hucj4W4PK;9;1;0;3
gyI7uN2Hdk;10;1;0;3
E+1xC[U@m)~ZD<ik2D;18;1;1;5
GT17kRKwI9f;11;1;0;3
hv9de61;7;0;0;1
4rliyr6;7;0;0;1
z7hpg;5;0;0;1
wrezb7r;7;0;0;1
|j_z%iB@gen)Cakw[3;18;1;1;5
oymhfc;6;0;0;1
zEqm1N8e;8;1;0;3
z7pai;5;0;0;1
rBL7dQiw4t5;11;1;0;3
6tigdfPq;8;1;0;3
wUfTlWZm;8;1;0;3
GXBRQHMDZ;9;1;0;3
,GQ0cB@kFq%N;12;1;1;5
r%`D3|'ylA-#;12;1;1;5
?P9P8Dva2K{yJ;13;1;1;5
XDqnc5PjUO;10;1;0;3
O5TSv1tbdX;10;1;0;3
FFxqBH1si;9;1;0;3
uyOhtJ41p2f;11;1;0;3
nj4AkvtnGr;10;1;0;3
"""07n&<0i@AS<";12;1;1;5
R+h/Sso&94,'arF@+6;18;1;1;5
r3etrly;7;0;0;1
"XuJHHNsdC)]';Q";14;1;1;5
RZ1AeWAjj1b;11;1;0;3
"^yL~8_SxxzQ""Id";14;1;1;5
DO]k\a5*Qy3p[?W;15;1;1;5
yibad0d;7;0;0;1
40bbi;5;0;0;1
"H`V)odu/Q[`,r""#hqh";18;1;1;5
c8J98PO7;8;1;0;3
XRYAKOMvXWZ;11;1;0;3
87zd;4;0;0;1
|bM`sZrS9c|Rr]R;15;1;1;5
yoXTW(1{Cs:,gZ@;15;1;1;5
S1gTCMdoihS;11;1;0;3
LrQ7cezOnj;10;1;0;3
9eIgcTgSzM;10;1;0;3
UzGe4OdUTo;10;1;0;3
h3ovb3e;7;0;0;1
0y9j;4;0;0;1
860jdN3P;8;1;0;3
75UvVJWh;8;1;0;3
ov108ty;7;0;0;1
prul;4;0;0;1
hrxpdr;6;0;0;1
xvsai3;6;0;0;1
skW37Ewul;9;1;0;3
^z^}N&1wK89_GOHq;16;1;1;5
ZmKcx7gcQWm;11;1;0;3
"Je%ZpC@hR~4;Z_\oi";17;1;1;5
cx0N5YHZ;8;1;0;3
ywSVa3ajU;9;1;0;3
YEB69RuA;8;1;0;3
";\M}qDW&wgb<1xr9";16;1;1;5
8zoj8j;6;0;0;1
"O)jPS""Z+%yZR5>";14;1;1;5
"AT""O/&ek=!*EJNv!2E";18;1;1;5
>YwoEjS+-vR3[<z}W';18;1;1;5
KFW52iFH3p;10;1;0;3
`RWzh<D90?v_P,;14;1;1;5
ut4g;4;0;0;1
PtYTkIN5B;9;1;0;3
HoDBBtcJ3Uj;11;1;0;3
CY3Z47ETb;9;1;0;3
hdHj_Ig1)ByaJV(3+d;18;1;1;5
zQ16%Ty{@4KKhJ.;15;1;1;5
TH'%oN+YueO~,iH;15;1;1;5
NRkZiJRR;8;1;0;3
L1j07SfJ;8;1;0;3
r!sUr3Y<Ow1u9-B](;17;1;1;5
RSy1EA5o;8;1;0;3
4dae2;5;0;0;1
39a9dtqv;8;0;0;2
Y6sxIIBzor;10;1;0;3
3v220;5;0;0;1
7m8y;4;0;0;1
"v!?g)DOyTc$^_;";14;1;1;5
bdiaq;5;0;0;1
xelLmdKb;8;1;0;3
"g%j?\xsY;&t|";12;1;1;5
BSJ2vQTV6mw;11;1;0;3
@,d:n#-vTlMkL=Y;15;1;1;5
"YseILEX#I:""n|T)";15;1;1;5
bQt5QhD4z0g;11;1;0;3
Zt79cTJ6V5;10;1;0;3
7opO2Ay3lSi;11;1;0;3
htpJEJXFLKh;11;1;0;3
"}33E!E;!N_8]eLPX,";17;1;1;5
dz20n;5;0;0;1
ll6y8d;6;0;0;1
g7_T*r#O8>oa{;13;1;1;5
"WPb{AswZr,9;";12;1;1;5
g1clq;5;0;0;1
Xm1YTC6eCh;10;1;0;3
te3RRRhn;8;1;0;3
xr6fx;5;0;0;1
h9xtiDdd6z7;11;1;0;3
k09n;4;0;0;1
mil64se;7;0;0;1
wfsmNbYB;8;1;0;3
23m4bo0;7;0;0;1
uoV2fqe0;8;1;0;3
8XZtrhZH;8;1;0;3
Y69gCYhtPK;10;1;0;3
rai5qa3;7;0;0;1
HzaXFuAN2;9;1;0;3
d3NwqGJPck;10;1;0;3
fUtrRq6XW;9;1;0;3
?JB0t0]a[+IhLZy_F;17;1;1;5
[qiLdNP}BIbZ1]k';16;1;1;5
2uvyn;5;0;0;1
5z9ygd;6;0;0;1
0iFsyVAim(GOlz52du;18;1;1;5
2vbi3s;6;0;0;1
z1pBHJaoanW;11;1;0;3
7F8LnxOj1;9;1;0;3
wUAnv46dj;9;1;0;3
fann1;5;0;0;1
ZC07n!Lq~`b]O=Q>,J;18;1;1;5
kzt6f1l;7;0;0;1
cXBFRmkdr;9;1;0;3
ppbdQaNm3x;10;1;0;3
sm14;4;0;0;1
B3Bnqjhwv;9;1;0;3
QyD4dlkCYE;10;1;0;3
fuhoex;6;0;0;1
0CYtxhgJ;8;1;0;3
wJG4zXBoDUt;11;1;0;3
e22wDI9hR;9;1;0;3
bt7qi97;7;0;0;1
ytcjUhnc2s;10;1;0;3
aoz2;4;0;0;1
awawn;5;0;0;1
rhyvT3sU;8;1;0;3
"xQDZU&Xt?&y""FOM";15;1;1;5
02ch;4;0;0;1
YQ843AY7XJ;10;1;0;3
j5K5szXA;8;1;0;3
iyieh1y;7;0;0;1
refof2;6;0;0;1
NjPcI25h;8;1;0;3
jh0qcd;6;0;0;1
e06aj4l;7;0;0;1
nDTgN00Mfl;10;1;0;3
a4lh;4;0;0;1
jr7m;4;0;0;1
lDCE#SvEDXti[NM,V;17;1;1;5
30qq0r4;7;0;0;1
v)c-7\:zil,68GeCQ;17;1;1;5
"K@Pn<""!;RDqf[q4y";16;1;1;5
r2lvu1;6;0;0;1
930d;4;0;0;1
q69m;4;0;0;1
"-k(s537""R2Vd.";13;1;1;5
px6J2zY5sc;10;1;0;3
4isasm;6;0;0;1
XRAwk1dO99;10;1;0;3
apYfeB5E5rn;11;1;0;3
Dhd9DNuaJQB;11;1;0;3
)<f`4Jw<cC@z';13;1;1;5
wpVt$uZ.\D`XF#;14;1;1;5
M1L18ua68I;10;1;0;3
DN8C5Tu7mZN;11;1;0;3
1h1vq6v29Gb;11;1;0;3
9muv3;5;0;0;1
FEI('`kDJp4Q(=qv];17;1;1;5
nu48h1;6;0;0;1
82wSvuJ4j;9;1;0;3
fLW/\'X))`LB5b@[o;17;1;1;5
nU0agu6tLMD;11;1;0;3
llemh;5;0;0;1
y93rn1x;7;0;0;1
VqRMi2yP6wf;11;1;0;3
x5op20g;7;0;0;1
WAgtv+JjK[ds;12;1;1;5
krJx8ygz;8;1;0;3
bSXEXNBe11;10;1;0;3
wT)f[D+fo`Fz(p&W&$;18;1;1;5
K|?0V/cV%Uov5!sVbZ;18;1;1;5
qc7nk;5;0;0;1
cs~lF@'.,w7yZ6T6;16;1;1;5
9CoFpcyA5CI;11;1;0;3
SDFONUhD;8;1;0;3
`%U?MJbQO>G#q>!yEU;18;1;1;5
<'ef/9s0}:uF~J=pJ};18;1;1;5
d0dUGQgTB;9;1;0;3
u9si0o;6;0;0;1
\6*L7xZ25Yp=bd1)G;17;1;1;5
7iSKnNFBCl;10;1;0;3
BXrLTPP0Q;9;1;0;3
YFJr=vEvGZK23(;14;1;1;5
8d5u54t;7;0;0;1
o85ejau;7;0;0;1
WKfULhNV;8;1;0;3
aNsJ1MB1H;9;1;0;3
p5hg;4;0;0;1
ravhcq;6;0;0;1
YhnyZ3lHb;9;1;0;3
".>2""$2in5UR=W";13;1;1;5
oQ4*y_pa&}<.%S;14;1;1;5
XEK0t3jfX;9;1;0;3
hir1w72;7;0;0;1
5_$]@clV{5n[$;13;1;1;5
ptqkVWLxa;9;1;0;3
A715thHRFb;10;1;0;3
SNGKV3bkqKm;11;1;0;3
x9mZSpNRj5;10;1;0;3
zqs0qb;6;0;0;1
o1h0;4;0;0;1
HjxNqXEo;8;1;0;3
NG2xn0BYqN;10;1;0;3
zfwk;4;0;0;1
4rIFGpqX;8;1;0;3
enkbuDGv0jS;11;1;0;3
Fvzb2x3Gw;9;1;0;3
O\gtN*)K[4<3;12;1;1;5
,xw'{U.4SFqk>qdo;16;1;1;5
2ZFfzbmC;8;1;0;3
86aa;4;0;0;1
"TK""vKPjLlxNH!*5e{";17;1;1;5
04ai;4;0;0;1
c4U5rmT63;9;1;0;3
1zcajqf;7;0;0;1
308G36jxJ;9;1;0;3
P-PW<w<lGTn1X;13;1;1;5
869zso;6;0;0;1
sik3t;5;0;0;1
dzHaaEvO;8;1;0;3
u5q4n1;6;0;0;1
lKL7fiZlMyL;11;1;0;3
ijqJIFhjbZf;11;1;0;3
0;15;1;1;5
6ikve8;6;0;0;1
r97gw9Fq4r;10;1;0;3
cD1nvV22;8;1;0;3
fcw4e;5;0;0;1
P~99q!/un.De;12;1;1;5
uQObHyiu9;9;1;0;3
sz182c;6;0;0;1
wth2td;6;0;0;1
{W`)D*hVW!Bx!LQ-[;17;1;1;5
3HTExfzGvwz;11;1;0;3
AdqvB7UJnn;10;1;0;3
QEd1AyTUoK;10;1;0;3
wqyj;4;0;0;1
_V5.gXOt[t.XC,;14;1;1;5
mmc7;4;0;0;1
Uem39gEhC;9;1;0;3
3k2ZUV2buE;10;1;0;3
"8n7{*T&A""%4#}C4%B";17;1;1;5
u(OlE=+xaSH7f_r;15;1;1;5
NGxWyQ1+YlpmM;13;1;1;5
QhpeEiay92;10;1;0;3
As4N1QUsA;9;1;0;3
NIL6sLzf8KC;11;1;0;3
2kYDXP0JO;9;1;0;3
jHHNRuCoyg;10;1;0;3
AusegjO08)NPV[uK?;17;1;1;5
zvg13f0;7;0;0;1
PW:yWM+8C.x_j2;14;1;1;5
wpiCVeuag;9;1;0;3
nkhz;4;0;0;1
raqg7;5;0;0;1
jgmkko;6;0;0;1
"Q!Ur.^P;$O&L";12;1;1;5
TpkUGVit;8;1;0;3
"r)U2omvP}w""ABZEL";16;1;1;5
zOvB77wkgs;10;1;0;3
p=US,&d|T-bLxRc1(;17;1;1;5
9WsLDoYReq;10;1;0;3
+}i_ei3m6KLrA_yZlR;18;1;1;5
KGt4sSbolCy;11;1;0;3
yvGVQl5j4;9;1;0;3
vdol3vex;8;0;0;2
7w0ne6fy;8;0;0;2
b71yxGTSsOT;11;1;0;3
dNyVJagU;8;1;0;3
qhKJ0wAvP;9;1;0;3
N0gjg8DwDBk;11;1;0;3
RMFcsAMjfIi;11;1;0;3
Rpie!(/jS+.hS0$2#~;18;1;1;5
37zgwb1;7;0;0;1
NnBuWcsd1;9;1;0;3
dFLImAxxPz;10;1;0;3
s8oa0zpUs;9;1;0;3
io8nbt;6;0;0;1
",#\6kZ*N,m_8a""%0d";17;1;1;5
ND3DN*5&zn!Wd/Fvq7;18;1;1;5
5aX8cAoZJd;10;1;0;3
8k33;4;0;0;1
"+=nQ""#d@XnrJ?R4";15;1;1;5
FZz6ibZya;9;1;0;3
o7iwoVfx;8;1;0;3
yyup;4;0;0;1
e7w5K0vyYf;10;1;0;3
v773;4;0;0;1
"""~=<>Q$f}&|?d`Y)C";17;1;1;5
52la66s;7;0;0;1
dT7WTYTtA2D;11;1;0;3
R2^X(Qt'EEG7Y;13;1;1;5
"P=""mC'\mB.Dfb2lT";16;1;1;5
H09Ef8nLN;9;1;0;3
flos;4;0;0;1
CV2nihNl5;9;1;0;3
,daNc,Yz)rbx;12;1;1;5
ZuRN9bAW;8;1;0;3
z2d79vj;7;0;0;1
p3^b`<j#9m_=^;13;0;1;4
o5g]$(DZ$,48P;13;1;1;5
asmAOeEM;8;1;0;3
/'c|RomUZ`}JenvS;16;1;1;5
"2AII\Or=%NXK8?f#-;";18;1;1;5
tuyk;4;0;0;1
jtSRn3R9I15;11;1;0;3
%?]~s+|2DuKrx;13;1;1;5
UzMv1LGB?TQ*w;13;1;1;5
PkPE3sMQO3;10;1;0;3
!Ml+-+Mk5K=TV;13;1;1;5
QA[P6dxr_9kgY;13;1;1;5
n7blgy4;7;0;0;1
y5ts;4;0;0;1
n8to0w;6;0;0;1
AhzCXl8nc;9;1;0;3
7f78r;5;0;0;1
"yv`gdk?~;N^8{3Qw\";17;1;1;5
hChi`aj,5G=pP.nq1;17;1;1;5
"w:88d}#nt;""l$";13;0;1;4
4y0j;4;0;0;1
"no^[k#&xBsMdFepG;L";18;1;1;5
mz%.SFsSY|*C(M2*W;17;1;1;5
wNiJ7RMj3;9;1;0;3
Yd8lDwtu;8;1;0;3
OdMjQW6ZL;9;1;0;3
6z2x;4;0;0;1
7c7avNnkVW;10;1;0;3
gDAgJfq2JF;10;1;0;3
le5LDE1AmS;10;1;0;3
"iZ%*z}v2P1;B{c>o,";17;1;1;5
k3d94;5;0;0;1
LFu<Q}oJ:K9l;12;1;1;5
"pU9SqB8gCz0O;H>L";16;1;1;5
z016qcn;7;0;0;1
uNEoV5m1p;9;1;0;3
8+#b_szPlM9|>5C;15;1;1;5
6e3nw;5;0;0;1
"!AmFt='&"",x$O=";14;1;1;5
M<<&pSbz]F3ey;13;1;1;5
CPsubGtWXG;10;1;0;3
jqJau1pEQG;10;1;0;3
w5!VgZbrA5z:;12;1;1;5
RdR[~zB{5,T0;12;1;1;5
i7la;4;0;0;1
Db1jcq5J;8;1;0;3
";>BC/<ZXFmQg;";13;1;1;5
G05EV6IUiCP;11;1;0;3
UiLhZcMSkDI\-<;14;1;1;5
OAGFV1XpjUz;11;1;0;3
DZGJ3tGdBK;10;1;0;3
SCeoV71U4;9;1;0;3
nte3;4;0;0;1
cl63@<\?qBtj%qGC;16;1;1;5
q2zg;4;0;0;1
ZHJKHXpB;8;1;0;3
v@{HQ*Jr%^]-,P0mFI;18;1;1;5
6qpki2v;7;0;0;1
4FhVFBmuF4x;11;1;0;3
t2oywo;6;0;0;1
b0b734;6;0;0;1
"<]N#pWw/oO:hO;cNw";17;1;1;5
uul6;4;0;0;1
o6sod;5;0;0;1
Ifo|6%nhrAxdyH]Y;16;1;1;5
kDukzwUL;8;1;0;3
9KQY2aUPAc;10;1;0;3
VBqns]:,Dq|.x}7#;16;1;1;5
mlj0;4;0;0;1
4aqk0;5;0;0;1
'/`#q6~ANq2x;12;1;1;5
.0J/^!XsaV5d:'4>;16;1;1;5
dhr4p;5;0;0;1
Etttqu87k;9;1;0;3
}N9Jst:U&{qt;12;1;1;5
DOtKblkQ0Q;10;1;0;3
5sz1akx;7;0;0;1
v0c*li]2C%]\QJcMx(;18;1;1;5
XTghotOG;8;1;0;3
8v1jde;6;0;0;1
xqyxm;5;0;0;1
rUy>v|-vStDo;12;1;1;5
c6kz;4;0;0;1
5bxq2c1;7;0;0;1
"p""B@vb6D\?3trvH7";16;1;1;5
`Vl5pB+4lW=H~AIaMu;18;1;1;5
lzs8mpu;7;0;0;1
Y9KuevIbpN;10;1;0;3
vbKYHjxOCFn;11;1;0;3
&{Ry'EV7_sId(+SkB^;18;1;1;5
PQ/B?59gZ?|_m7?GzZ;18;1;1;5
txx48z;6;0;0;1
XlbDMrz9;8;1;0;3
$/}U8hX9<U4qTW;14;1;1;5
k1w3c8;6;0;0;1
0fbmmar;7;0;0;1
syKWubmXq0I;11;1;0;3
IeQ1i1bmPG;10;1;0;3
d36ymi4;7;0;0;1
A9oHwkTrStX;11;1;0;3
eiGm4afdd8e;11;1;0;3
ve0pqn;6;0;0;1
eWtI9!N=in*(Fa;14;1;1;5
e8wu3h;6;0;0;1
"B*~[#""E>'X1m{%i";15;1;1;5
PNHRB6poR;9;1;0;3
r62n;4;0;0;1
Zz5HqjjqUm;10;1;0;3
wvg7k;5;0;0;1
"Q7$$""HUzWU%Q[_";14;1;1;5
ntnem5v;7;0;0;1
o5z3j;5;0;0;1
"SRw{""=uz00;+;ke";15;1;1;5
cF5x2XvMkI;10;1;0;3
lysx9;5;0;0;1
tgew8q;6;0;0;1
TYE2XOGMN4f;11;1;0;3
m01q3s;6;0;0;1
09J,nox~mq{52>Pj;16;1;1;5
F[z-(nQFD,bo;12;1;1;5
o_num,*m5V3+kUk|=;17;1;1;5
5^yHnpIbY=aK/je/_;17;1;1;5
yQ6[P}W~$pTI-^K;15;1;1;5
l9BWcoOty93;11;1;0;3
vaPj8OtoCeB;11;1;0;3
d68ydoo;7;0;0;1
)I's/eO%{&u]kqOI;16;1;1;5
cqlz5;5;0;0;1
w0fj;4;0;0;1
bbfw;4;0;0;1
"{@Rm,"",q*ynf0yD";15;1;1;5
zj6b;4;0;0;1
tbL9PHPQ6fJ;11;1;0;3
"Y_p_2)0Gqv""L[f";14;1;1;5
6nc0j1o;7;0;0;1
f666bJk1Xs;10;1;0;3
dyoCouRsI0Z;11;1;0;3
r9(=UPkN@b_b>;13;1;1;5
Rbv5AlmY;8;1;0;3
"O`LIEQ8C;o=|vd1q";16;1;1;5
"""3vX2'@v>wx%u)il";16;1;1;5
s64n;4;0;0;1
BduUgngK;8;1;0;3
PB)3zgjVAA=>)mYBI?;18;1;1;5
FJv0QT9dXkz;11;1;0;3
95QE6l743;9;1;0;3
SB4VmYql5;9;1;0;3
g2vE7rvLR;9;1;0;3
"nf:-o""o]j%pylE|aNO";18;1;1;5
&O-/Acb!cW,'WT;14;1;1;5
t7w7c5d;7;0;0;1
i9GAIrJ81W;10;1;0;3
(TJ5&\[>L*h&;12;1;1;5
iije;4;0;0;1
0aaibb;6;0;0;1
R.u#}X|!N=/yl;13;1;1;5
"j)zs,ZOD$%O""9R=";15;1;1;5
s{AAgZB)b8_l;12;1;1;5
15vro;5;0;0;1
"v~(lt6J8;bR?wX^BhP";18;1;1;5
]Vt}n,\>U^ZV~#+-m;17;1;1;5
64nx;4;0;0;1
l.u+O)p5ePWHg01os;17;1;1;5
UYJEBTkyDs;10;1;0;3
j37gO7f5P;9;1;0;3
8FK4WIDz2pD;11;1;0;3
1ng60w;6;0;0;1
ktzr8KMn+xyj;12;1;1;5
w0k3ier;7;0;0;1
P6J61qvGU2;10;1;0;3
vK6tiO[T^~ue(g5al;17;1;1;5
"uz~9%g6"".r6Tf";13;1;1;5
jmu3u;5;0;0;1
4ElfqaFG;8;1;0;3
+4lu/A&qp2}R~Yg;15;1;1;5
pyBZe3sgi;9;1;0;3
ID5nweuNB;9;1;0;3
!)FL}nCV1=QEigzlT;17;1;1;5
4j4x;4;0;0;1
cOWFBF5W2c;10;1;0;3
tv50i;5;0;0;1
d1fa52TO5xD;11;1;0;3
UDU9mB8<'\Q)c;13;1;1;5
HM-jt=KfK\ZP<!;14;1;1;5
OUX7vT2G9;9;1;0;3
gvnx;4;0;0;1
Uj8BOmIis;9;1;0;3
ya12o;5;0;0;1
v7q4jxk;7;0;0;1
"d^?T__3\1#;-HW;'$Y";18;1;1;5
RI2*u?pE$Mh&!;13;1;1;5
Kl5o8lEO;8;1;0;3
vgNrzNe0Bzk;11;1;0;3
0da5g4i;7;0;0;1
|/pr`e04]4\tog|R6;17;1;1;5
uppn3xi;7;0;0;1
oecpcu;6;0;0;1
cc659OTsD;9;1;0;3
7mrb21;6;0;0;1
"yS""5z{7\%]{tB-`O>x";18;1;1;5
izxlkb;6;0;0;1
bv0151;6;0;0;1
NGtg4i}Peh$-;12;1;1;5
vpl@w[do|?B6/llbx;17;1;1;5
kg2AnWHLy;9;1;0;3
rgumxj;6;0;0;1
dnolat;6;0;0;1
yQc91aKI;8;1;0;3
Fwa46uGhb;9;1;0;3
:!s'LYN@T@>gV)e%#h;18;1;1;5
!&$7B!,!&+F7Wl;14;1;1;5
pmnp;4;0;0;1
QDbi5OZua;9;1;0;3
vii2;4;0;0;1
Voo9RYk2;8;1;0;3
</]QzCyNQ_YW%0;14;1;1;5
vmWh6htOL;9;1;0;3
BHmhkB4A;8;1;0;3
zALcRTnbDn;10;1;0;3
3IhzlAdmJ;9;1;0;3
rWhqNlo%~?\};12;1;1;5
N31wDBjz4m6;11;1;0;3
kiTX8YLi4mf;11;1;0;3
hKObJfUeQT;10;1;0;3
dm7yf;5;0;0;1
HSoB1hTYS;9;1;0;3
ioq4h2;6;0;0;1
OhQ#lT0=1h\Xr{;14;1;1;5
w4t5;4;0;0;1
TWTJGH9fcv;10;1;0;3
43dpu;5;0;0;1
%B6=>'3y()lk_+;14;1;1;5
'8[#(W3#7BBQm;13;1;1;5
tKmDgwQj30P;11;1;0;3
>80Z*nLSwrUoIB7B;16;1;1;5
EMw3fnATk;9;1;0;3
zpYUgufcQh;10;1;0;3
lgodGLFl;8;1;0;3
ote34ql;7;0;0;1
"[&i/LsB/Lp?""Z#<";15;1;1;5
lL6qvJIaK;9;1;0;3
nf9wc;5;0;0;1
d5osYxZR;8;1;0;3
HzaLU8ph;8;1;0;3
"p""]e#'q+ac_!Dp";14;1;1;5
wq12e;5;0;0;1
K626dTYG;8;1;0;3
ZPHcgPJkz;9;1;0;3
yBiF0Ui3HFC;11;1;0;3
gn9ees<9f0=vL;13;1;1;5
mRrgQTJlZ;9;1;0;3
0;13;1;1;5
rfizie7;7;0;0;1
gGDzRUH3r;9;1;0;3
cc0rhc3;7;0;0;1
id.rU-*KX_{x9LG;15;1;1;5
QT52Xu#zdI,>4Il|gI;18;1;1;5
d,9iq,4lvHxK;12;1;1;5
gB+x<=^R!mcu;12;1;1;5
IWwRIHVDZM;10;1;0;3
uSgLVshKZHZ;11;1;0;3
lRnpcPxr;8;1;0;3
1xdz5mz;7;0;0;1
VqaGrYO.RN^M;12;1;1;5
VXi*:k{MxPb9nLX;15;1;1;5
(>HDCY<@TCQnQ\5$4l;18;1;1;5
",K@@*;y8x[\%;biQk";17;1;1;5
3uV0mYLH;8;1;0;3
84Zs3PjdBjk;11;1;0;3
89GIX0(*ubj{J^#dO;17;1;1;5
sc94l;5;0;0;1
odc2pl;6;0;0;1
oJS2FZQ3;8;1;0;3
AA4CrCVZL;9;1;0;3
1rdxj3p;7;0;0;1
YhjGOdKm;8;1;0;3
3ahdbw;6;0;0;1
izq6305;7;0;0;1
^nNz)B^SaUHoPF/;15;1;1;5
3z50dy;6;0;0;1
l8QCflDi;8;1;0;3
UD1haUATKGt;11;1;0;3
y9dff0;6;0;0;1
j4d%zORP,MrVi<K\q;17;1;1;5
B0GXMwa6;8;1;0;3
FaGeIY86U3R;11;1;0;3
mhsuz;5;0;0;1
"h?k""lcU$x=""%V.s:a)";18;1;1;5
wkk1fxc;7;0;0;1
37axoZPUG;9;1;0;3
46sl7ES7Mjd;11;1;0;3
>YqXAP^UnP))]gg92;17;1;1;5
"~\P*~d""BcHf@2";13;1;1;5
PzRl9KO8sOy;11;1;0;3
"O%/0nl|]J,NiH""6(@5";18;1;1;5
Pr},(*KC:.-QNV`b/6;18;1;1;5
sXPkn3lbAYM;11;1;0;3
y3j7;4;0;0;1
xdkn;4;0;0;1
+LySPfTW|7aop[m;15;1;1;5
LcWAqziJXtf;11;1;0;3
owMGrUJV&r/,+;13;1;1;5
1hij5;5;0;0;1
iyuc;4;0;0;1
szgM6USTv;9;1;0;3
7PTq7UVsJ;9;1;0;3
ReHBPNNTXaH;11;1;0;3
"a8^.2ex~tb]""5p";14;0;1;4
n0FJ<zRy7h79g;13;1;1;5
9q4yj9y;7;0;0;1
q72hnr;6;0;0;1
6iszuu1;7;0;0;1
d3jve;5;0;0;1
Cf8n8o86XKG;11;1;0;3
ijpals;6;0;0;1
"AAo8%""!dg-Bv";12;1;1;5
>4>Wc_$9q?<f;12;1;1;5
t6l3;4;0;0;1
"oUOUd;AtESO[4$74";16;1;1;5
J6ObQ13DczV;11;1;0;3
\k[Q(-M+8Z+p>;13;1;1;5
6jyUUcc9;8;1;0;3
hY\69y_pe!fE>!.-.;17;1;1;5
m2hlj;5;0;0;1
jp3rda;6;0;0;1
nca43sy;7;0;0;1
meQDpA50;8;1;0;3
BOVpPMEy8;9;1;0;3
17d832c;7;0;0;1
"{Us;a^!^NiI::h}";15;1;1;5
+9/7-O@3gsY}YCk:AY;18;1;1;5
o8obw64;7;0;0;1
h9gmb;5;0;0;1
1iooa;5;0;0;1
Da7QKmRZkVF;11;1;0;3
"p*U=<klD&>1b;";13;1;1;5
qn14x;5;0;0;1
bAUPKlVgGNe;11;1;0;3
"7|W$xrEU`m|>.z@""";16;1;1;5
7z}wStDE*z(9}{pud;17;1;1;5
1MY7E3Z2;8;1;0;3
"pC111sg^,5v;Rt&Zi";17;1;1;5
2KfLiSDuO;9;1;0;3
d0HnrPvwi;9;1;0;3
8UIMuHUJIvN;11;1;0;3
77bc18;6;0;0;1
moabKoFR;8;1;0;3
EUaPiWu:6x%iwb=@;16;1;1;5
QaVbfwji;8;1;0;3
H'1dO9Qej4Qe;12;1;1;5
keo3nb;6;0;0;1
3Ri894o2z;9;1;0;3
k0i76a;6;0;0;1
"e)=;^wya{:v4~yg/*F";18;1;1;5
]h_V9#$((8mtD;13;1;1;5
>}M^e3r}P=}I;12;1;1;5
v5pHahHU;8;1;0;3
KOHaSWFy;8;1;0;3
AdUqu79HssE;11;1;0;3
uearq;5;0;0;1
9rz6c;5;0;0;1
Tj3vzXdkva9;11;1;0;3
)UP/gM@A^S=z:07K;16;1;1;5
3thkp;5;0;0;1
WCNNwLGo;8;1;0;3
"w~""oz12KsEXM#FM%";16;1;1;5
zbpmkml;7;0;0;1
3FIz9ZVa;8;1;0;3
RWVdZESnhbF;11;1;0;3
jnsx;4;0;0;1
jKEM&1K/aCjA|l~97;17;1;1;5
L}E7*A,m=m{s%[K/;16;1;1;5
i4270;5;0;0;1
.<(qqA#e,i`_4U@%;16;1;1;5
tShkDxay1mQ;11;1;0;3
j98x;4;0;0;1
gpopx33;7;0;0;1
7Q0zBowidpK;11;1;0;3
VdwxMy9yc;9;1;0;3
t53eZTNY2m;10;1;0;3
8mJyzY79A7;10;1;0;3
e9ns6;5;0;0;1
(hp_>td@G\gb^#@;15;1;1;5
,u*uZO<q$\?wDara;16;1;1;5
2OkkNQ5gh;9;1;0;3
pa6k;4;0;0;1
V+ru-[ieb+zxJS;14;1;1;5
RV6CHA7BW6q;11;1;0;3
jo+FD=Dtq%!0!u'rr;17;1;1;5
o88JCZgNhy;10;1;0;3
Y6aKBLUanac;11;1;0;3
edUUwci0D;9;1;0;3
3chmIvb3j;9;1;0;3
vqx2v;5;0;0;1
dz848NQkAu;10;1;0;3
ai30x;5;0;0;1
6s547@@H{9$Bx@hYn;17;1;1;5
gb6yau;6;0;0;1
IW8KzxMGL;9;1;0;3
"&l{({}@Hf;w7{/M";15;1;1;5
9g5wtw;6;0;0;1
VdjVFyxOQ;9;1;0;3
ldt6cjy;7;0;0;1
9QM9yJLp7le;11;1;0;3
"rkex""A,C4[AZc";13;1;1;5
qh55v;5;0;0;1
NkkYkx8Y\4lp|fC;15;1;1;5
8hb0;4;0;0;1
OVwrT60pL(*:^[Z#jT;18;1;1;5
".KD'^Hi2a""7H";12;1;1;5
?\JVTNhnqz+AH;13;1;1;5
8&h1'f(CBy!\64E}zw;18;1;1;5
0o6qhut;7;0;0;1
lg7skf;6;0;0;1
[nm(CW,rM.KkR.Q;15;1;1;5
<-ww#JC3PQQj>^n;15;1;1;5
"!S,VcvCyL$i|;5y";15;1;1;5
T)*lwN7M[Gc)ApD;15;1;1;5
xH5QW7QvqjU;11;1;0;3
SYp5rYCdS4;10;1;0;3
WjidAQLtl;9;1;0;3
nHVkWKsZNT5;11;1;0;3
sry3ut;6;0;0;1
0uXUGYDpg;9;1;0;3
"Ub)!IBn}(8X7*Gx"",";17;1;1;5
5mhij;5;0;0;1
1UopPR1f;8;1;0;3
?^!y}S[}b>Db5(e;15;1;1;5
nXXVOozbk;9;1;0;3
@8rHeGsEGYT7$;13;1;1;5
zjmQSba:z)HekK9@3;17;1;1;5
ebpr;4;0;0;1
6955u;5;0;0;1
oGe3aaZu8dK;11;1;0;3
OSgb6ics5;9;1;0;3
FG18BLp8z;9;1;0;3
&jHQ12s6~|Vy!7!\;16;1;1;5
bka7;4;0;0;1
o04f5tR^O(@&;12;1;1;5
PRkogj8oe;9;1;0;3
GkH39dzwL;9;1;0;3
0ozkse1;7;0;0;1
0dxcsod;7;0;0;1
oElReNILRg7;11;1;0;3
"e@""v0Q?Ddft%Wq";14;1;1;5
0wwh0;5;0;0;1
3laonSL0D7;10;1;0;3
3oS&-bdu~|M1e;13;1;1;5
4d5zhq;6;0;0;1
lQ1YIpZL;8;1;0;3
9gx1l;5;0;0;1
jzwmg6q6UC;10;1;0;3
LJ7bjAkJyee;11;1;0;3
mJzeUzMXX;9;1;0;3
o14vgxz;7;0;0;1
bURVCPSwioK;11;1;0;3
cO2*17]4gsd]z;13;1;1;5
8p2ikfo;7;0;0;1
uc81;4;0;0;1
Z~Q]rx?g?Xtuh*FZZ~;18;1;1;5
"#.If[iqW'n*Q""CnNa";17;1;1;5
ByOr0YSrO;9;1;0;3
uabfpe;6;0;0;1
s1f8qdj;7;0;0;1
bw0dg24;7;0;0;1
r3VqEa3V;8;1;0;3
q8AzXzZNJn;10;1;0;3
gi9uzt;6;0;0;1
krGT2wQlr0;10;1;0;3
c6DV+n8gZ~fBfa>:&;17;1;1;5
FbNaAvHZy7q;11;1;0;3
cfB'1RY(s0[XL]\v;16;1;1;5
LWTPwpsyjg;10;1;0;3
0;16;1;1;5
lw3hG9RauMT;11;1;0;3
89t2;4;0;0;1
y9F'l|3ntcinCJw&.;17;1;1;5
BbacfVvOd;9;1;0;3
s9uA1oppivJ;11;1;0;3
9AWrLJfT;8;1;0;3
31skKpRBm,@dR(+T;16;1;1;5
ncj3HZ1fj;9;1;0;3
D6a>ztS:c,H*xk#N;16;1;1;5
qWqF2wZv;8;1;0;3
135saop;7;0;0;1
HSuJLMRbuI;10;1;0;3
jsfgs1;6;0;0;1
9f4gfd;6;0;0;1
xJuLRrScjiR;11;1;0;3
d7edf30;7;0;0;1
0a3IhVPf;8;1;0;3
6pg94bf;7;0;0;1
9HHNeRWJ;8;1;0;3
n6rj9ms;7;0;0;1
lutf6mt;7;0;0;1
"od1LPcD?;?^2wz4";15;1;1;5
h>%qP`5Gi)t0sp;14;1;1;5
1ZNFw{_b5HW4l7;14;1;1;5
NhFukssw;8;1;0;3
~psFeZ.[{=(dY0^(`;17;1;1;5
l3522;5;0;0;1
Iw{Eeabigfw6;12;1;1;5
sfwtc8d;7;0;0;1
8h0i;4;0;0;1
YSRamjV1I;9;1;0;3
myiib;5;0;0;1
k02hq9;6;0;0;1
7mja39;6;0;0;1
riOHa2Yf;8;1;0;3
mrk6o;5;0;0;1
"EY/!h0""f'P.{5h\_V6";18;1;1;5
cobiz;5;0;0;1
"#o(uim#l;tgJqL""G";16;1;1;5
mj1g;4;0;0;1
hWyLTvmF;8;1;0;3
gwBpitLpG;9;1;0;3
/L+q]4f=Ir{xpFv{;16;1;1;5
nx0vd;5;0;0;1
Se3Z67l|}1QZ]()]?0;18;1;1;5
g,A4au_A}{/PeU;14;1;1;5
"(<rLC6W;Bql3}(EBo)";18;1;1;5
6WwAr3qxGS;10;1;0;3
Ear4GvmM;8;1;0;3
ZL)[GgnFX`&jE.;14;1;1;5
":(Vc%ecp\\L)pw;D6k";18;1;1;5
wno9;4;0;0;1
ufX5eM0wkA;10;1;0;3
pkUT2drm;8;1;0;3
8fn95CZm;8;1;0;3
muvexjf;7;0;0;1
"<%;l}>5?""I`[[";13;1;1;5
2doi;4;0;0;1
1OgGp4JP;8;1;0;3
KKr0hZ09;8;1;0;3
t4USn50wg;9;1;0;3
"""?Z4OFaf]P!U;3<yhn";18;1;1;5
loxtgrc;7;0;0;1
Ogej6vQKP;9;1;0;3
soaj;4;0;0;1
"D;QH-/A`v)5X";12;1;1;5
ftClmFwjb;9;1;0;3
T3roN9+[jo_fp4.#;16;1;1;5
oc77TWQlr<f,Cm)$;16;1;1;5
rpugb5g;7;0;0;1
j478h5;6;0;0;1
d%F-HU6.]rE%uXTu.*;18;1;1;5
5lvK4I4lQT;10;1;0;3
14jVr=}F:fD`4i&wU;17;1;1;5
4T0l3K~O)BnzJe71V@;18;1;1;5
"4g""8HkBP{v5v";12;1;1;5
P9FTXt008;9;1;0;3
rlpcg9o;7;0;0;1
1uafm5;6;0;0;1
"g:/N7K9pB:D;l;";14;1;1;5
ZBa9pNJRAn;10;1;0;3
IV9bmnc1T;9;1;0;3
6rt5;4;0;0;1
wCwpBiaX8;9;1;0;3
oA{[lZ4_IG/h;12;1;1;5
5dc07uo;7;0;0;1
048wtt;6;0;0;1
WC5sU0ATyh;10;1;0;3
DlrvWbFdM;9;1;0;3
hrqp6s;6;0;0;1
1e5bqar;7;0;0;1
dluld;5;0;0;1
zg2g;4;0;0;1
izax9l1;7;0;0;1
"HTI}a""EG|7{k)u]";15;1;1;5
4df+OymXf|6Y;12;1;1;5
Z&r\mLi^GK!)Dd$i;16;1;1;5
DFfxAUUZhaf;11;1;0;3
sXoCwepg;8;1;0;3
uoo6z;5;0;0;1
sbog;4;0;0;1
YKyVurn4Rn;10;1;0;3
BfIpVE0zYCe;11;1;0;3
7oEodFZfRhL;11;1;0;3
Rpv2B5MR3;9;1;0;3
2w8D2JpKgDV;11;1;0;3
lb61s;5;0;0;1
6kkr;4;0;0;1
[&>?'-Bo&&Iicm$&;16;1;1;5
0aclX7ys;8;1;0;3
K9Gn3Pnk;8;1;0;3
J+RoesLB#CkX9;13;1;1;5
sc3mza;6;0;0;1
gKuq6L94RP;10;1;0;3
c1ufce;6;0;0;1
4qH5qYvS;8;1;0;3
v1icw9;6;0;0;1
7J3rNM0qR;9;1;0;3
p8pncwz;7;0;0;1
"z4D&81.;;f""-eQ";14;1;1;5
1ykmn;5;0;0;1
RfSQb9xQ4gz;11;1;0;3
"R`JY;#'8tG&CBR`z(z";18;1;1;5
Qv5us(a*^v#>(E;14;1;1;5
c80yy8LQ;8;1;0;3
AbyP8T0psy;10;1;0;3
tduN81Pl;8;1;0;3
UuCZ3fQCiba;11;1;0;3
d7tZQcJ7;8;1;0;3
7gNC7vWC;8;1;0;3
ggtqou;6;0;0;1
a01|^q[PaJit2A;14;1;1;5
l20lgp;6;0;0;1
gkmkg;5;0;0;1
Uju0Hvnj;8;1;0;3
rx3fpq4;7;0;0;1
W9NZgusJjB;10;1;0;3
5c94;4;0;0;1
"y$Z!/f;w@Y|%QkAp";16;1;1;5
lpmVLO6G]T@h,!C.;16;1;1;5
poxQSP5tVCa;11;1;0;3
178k;4;0;0;1
1IJEe9t6nYG;11;1;0;3
2zBTjRDlz;9;1;0;3
"~PA4jQW=G"",FnD";14;1;1;5
rcicq3bVE;9;1;0;3
V2wxAvNAq;9;1;0;3
"aL6""D>uF*Syg0==5j";17;1;1;5
a>PV)I-SH$3LCoo])/;18;1;1;5
"l9t;-gd7Mt]5t";13;1;1;5
Am:L^F*RzhSZJ@85a;17;1;1;5
ncHaGRnW;8;1;0;3
wzMsj7KZEur;11;1;0;3
hwcksp;6;0;0;1
PIuDHWfUiO;10;1;0;3
t4f6w;5;0;0;1
tm3WL7hf;8;1;0;3
59gjMLKh;8;1;0;3
"b;zu^n}2Ynktp.m";15;1;1;5
TYfv5RhR;8;1;0;3
b27rnf;6;0;0;1
tvz3,g24gU+G`-$eR;17;1;1;5
I1aztHa6gIY;11;1;0;3
hve1kpv;7;0;0;1
6jvhPcrj;8;1;0;3
rkjw;4;0;0;1
"F'aRvJJiZ;Kt";12;1;1;5
yJpFq84eV;9;1;0;3
3QrQSjz0;8;1;0;3
dXYetYJY;8;1;0;3
gLd`-cr*q*{/QP;14;1;1;5
Q24TqxrFL;9;1;0;3
8t2lk5n;7;0;0;1
vcynne;6;0;0;1
t51tky;6;0;0;1
qYOZJU3R;8;1;0;3
>/,\j}*Zmc's@L};15;1;1;5
KE(>1fPPPG{e;12;1;1;5
kqi=gk/,lF_*fw_n);17;1;1;5
3nmsd;5;0;0;1
hx6cchf;7;0;0;1
gHKHMyHoU;9;1;0;3
G3\]l*odW<F`wV8;15;1;1;5
AWUrI2KP9PA;11;1;0;3
bodnqk;6;0;0;1
1SNlnuhd;8;1;0;3
llp9;4;0;0;1
vWagYklnAG;10;1;0;3
"f%@K28&zC\6I>>L;Z";17;1;1;5
{E!^%q^`5rrLcS;14;1;1;5
gie3;4;0;0;1
h5bu5n;6;0;0;1
/R'3vl+iZ]EC&k?W;16;1;1;5
ll179rq;7;0;0;1
wmB0lI82hU;10;1;0;3
1bf727;6;0;0;1
8gwSJmpk;8;1;0;3
oXP8QW7x;8;1;0;3
nybsmp;6;0;0;1
ptcs7;5;0;0;1
skn43d;6;0;0;1
"v""H\A\@k@Awq$LD-";16;1;1;5
VI]2AzM)N\1ec(cuf<;18;1;1;5
y8du;4;0;0;1
refk1;5;0;0;1
Paj6WBLqRtY;11;1;0;3
C7CHNBEoI0;10;1;0;3
wz44yocSS;9;1;0;3
(W,jvK9*=a2'mRE;15;1;1;5
KE7IxT2kj1j;11;1;0;3
WL1II9IV;8;1;0;3
HUONAu6i;8;1;0;3
HQvwIsrRL;9;1;0;3
dxW6rM34MhK;11;1;0;3
tK,Feq[596UT;12;1;1;5
Rlg&X0W4?@`0-]k~;16;1;1;5
"v;NDh+l\rm&1;fu)6o";18;1;1;5
"9VnO(aC""uwg79hp";15;1;1;5
1.G1MB|_T}A0(r5S;16;1;1;5
zD2uLNzd2x;10;1;0;3
24fqvp4;7;0;0;1
FflraJ8X;8;1;0;3
!:f1de]Qa34CC;13;1;1;5
3paoh2c;7;0;0;1
6creg;5;0;0;1
G2FalCnd;8;1;0;3
~k>[:/j1YKFZ5;13;1;1;5
dCyJvdOy6w;10;1;0;3
"$uq01OdA@fGe*""";14;1;1;5
qgb1gemB2H;10;1;0;3
vDayXoN6;8;1;0;3
alDDoFRNSN;10;1;0;3
@1Kx[%^4&f\Z;12;1;1;5
@.<Llvy~A,0W;12;1;1;5
,$\M(3KYQ6)1;12;1;1;5
2rjy;4;0;0;1
5Smx8bIhHn4;11;1;0;3
"KFzumj3GC]2;1^g";15;1;1;5
5KC6rPqV;8;1;0;3
ek2k00;6;0;0;1
Up'Z:Z{r~2c^#lQ>fv;18;1;1;5
j3ht3cg;7;0;0;1
43<#lQWgy]s0H|`&iT;18;1;1;5
"\nL;E\WaQw#c<";13;1;1;5
q3os2s;6;0;0;1
zTWMKMQlN;9;1;0;3
IxomN12sm9;10;1;0;3
"t;EvOV?]6yt>jJ`N";16;1;1;5
"""~l3A2""$A+Lx";12;1;1;5
ppjhR8SHHp;10;1;0;3
EdiQZhscJs;10;1;0;3
5QQ4nHlY8;9;1;0;3
D)CCZ(7jj-_L,<p\4;17;1;1;5
IFLsYhNRW;9;1;0;3
bx6Ob?zWRKuQ6e;14;1;1;5
0jo679x;7;0;0;1
j85s7uqoa;9;0;0;2
GggPMtQqRs1;11;1;0;3
wPosocySZ;9;1;0;3
v7Tr7HsZ1lN;11;1;0;3
kksylo;6;0;0;1
ZK7L1ovLlHo;11;1;0;3
1WUM5vdH9;9;1;0;3
np0a;4;0;0;1
\Y8l@COI#nFnxg^yy8;18;1;1;5
ftdc82i;7;0;0;1
XRxYSBZFo;9;1;0;3
3oAKRl4IC;9;1;0;3
28sn9g;6;0;0;1
dbqte4l;7;0;0;1
ZzHD13qup;9;1;0;3
rvaj3;5;0;0;1
q1e9;4;0;0;1
g49muM0E;8;1;0;3
":~gU""CR[A1Dx[C\{";16;1;1;5
mRMeqPco;8;1;0;3
MqCGmNrJ972;11;1;0;3
+9g5x%6|qt.#+M>Vf;17;1;1;5
"""Zq_{zYw_6h$dME~y";17;1;1;5
gp4yi;5;0;0;1
3vi6;4;0;0;1
GRE8A04q5s5);12;1;1;5
"|U!w}TWS""sq/p";13;1;1;5
tmked;5;0;0;1
gyxo8fm;7;0;0;1
5xUbVLLPk;9;1;0;3
"?e'P;O7wl=S$";12;1;1;5
1q6egd;6;0;0;1
0psz1;5;0;0;1
A]Z$N$`tbMX<kI;14;1;1;5
2!{H&^_!aPFd-;13;1;1;5
"W:$.G*8w""[`oUkU2";16;1;1;5
~Dnf\N].y%oZ;12;1;1;5
pQvBw5ep;8;1;0;3
wein0y;6;0;0;1
4shkCkrp;8;1;0;3
5R7WNadMUbO;11;1;0;3
"]pkFt$Z`;TR,8NPeDU";18;1;1;5
AIx0PXWHPsq;11;1;0;3
NIDCP3xmc7;10;1;0;3
qacoy;5;0;0;1
eFmZAEF7UN;10;1;0;3
ZiX88EzS;8;1;0;3
u4_Ld>o{$ND{%PPvE;17;1;1;5
B`MhQDOb2JPS)Tr;15;1;1;5
2jKp8HH{?aeuN+;14;1;1;5
KBMMneUQ;8;1;0;3
";dJtz1ax4FiRq5hQo";17;1;1;5
l94ps;5;0;0;1
h|lzMgKdAU`F;12;1;1;5
hml3ms;6;0;0;1
jcid;4;0;0;1
lk>!zF]t]x0e;12;1;1;5
Vnq|hP!*<~=BMe#;15;1;1;5
jym1;4;0;0;1
b41qh1WgaX;10;1;0;3
7fa7Pa6bPq;10;1;0;3
Oq3FeOM1;8;1;0;3
iSobM9AO;8;1;0;3
1IgZG5vw;8;1;0;3
ueres;5;0;0;1
33gr;4;0;0;1
lLS2AKb99;9;1;0;3
japkspm;7;0;0;1
g0dTKZWtGT;10;1;0;3
ONXbEAFls;9;1;0;3
aihybt9;7;0;0;1
vs1k1y;6;0;0;1
"b0VR*i-ElZ%tQs4;";16;1;1;5
mHNM5dok;8;1;0;3
Z8ZpB3N5eS;10;1;0;3
O6UJlyBQ;8;1;0;3
N4KE3aG1M;9;1;0;3
28cn4p2;7;0;0;1
AowCtuEesFx;11;1;0;3
1sy90;5;0;0;1
3\(5n(u4eWCt>;13;1;1;5
TyfsPlUV3e5;11;1;0;3
ye3lky;6;0;0;1
ZCi4kK8VqL;10;1;0;3
VWJEAi38;8;1;0;3
cBup0f91htj;11;1;0;3
tT@t)|p+S':D=1K=o;17;1;1;5
qjss;4;0;0;1
s7Jo)+_\'y-Lsf;14;1;1;5
76jx;4;0;0;1
zA1ztEy5ia;10;1;0;3
zjS6L?Tf]8ay;12;1;1;5
Y|)FtD<#)a6su;13;1;1;5
PcaErX4cH;9;1;0;3
YcBSs13AoE;10;1;0;3
/vNt^<z%r\pP7Z];15;1;1;5
kligp;5;0;0;1
SZUYDq4u;8;1;0;3
X2bmfqJYz;9;1;0;3
Nf0kEzpU8;9;1;0;3
1GGnc0NRV;9;1;0;3
qrgltn;6;0;0;1
b3473k;6;0;0;1
0tm5tdp;7;0;0;1
elXlFcpndOy;11;1;0;3
1FZ2LKG23I2;11;1;0;3
YxC7IdKfws;10;1;0;3
lF2El9QGS<OZ6.;14;1;1;5
j2kcg;5;0;0;1
C6zDD0OhM;9;1;0;3
"c\)!P.;9J[`M'C~pG";17;1;1;5
bYcPWJH(k2lw$;13;1;1;5
3wt4;4;0;0;1
"K7)-a*&Cim;9~";13;1;1;5
cASfSg44V;9;1;0;3
f1)nVBZOl-,H:_&t&(;18;1;1;5
10P!P{z\*vAqk/;14;1;1;5
6io(o^s&\vL_$>[;15;1;1;5
b<wk'dnVuN9k>m};15;1;1;5
7t1r;4;0;0;1
gscx;4;0;0;1
205w;4;0;0;1
u1nydv;6;0;0;1
gh62;4;0;0;1
ozxz;4;0;0;1
znehty;6;0;0;1
HMwEJeXft;9;1;0;3
:@<_B\w-%ua'6e;14;1;1;5
>N@GU[F7pdYvywR}-;17;1;1;5
p2mFYg31;8;1;0;3
sXtvqelP;8;1;0;3
Vv6taoFEP;9;1;0;3
"{-O~;tOV7yK!2vD";15;1;1;5
h70cj;5;0;0;1
LiRxI2f9In;10;1;0;3
OwoVJ3kroG;10;1;0;3
JKQJH9mPk0;10;1;0;3
lCsJe67rEeh;11;1;0;3
Sf0ycJikzI;10;1;0;3
mrUqb10uu;9;1;0;3
fnwP/R?YM|=v;12;1;1;5
38q7rbn;7;0;0;1
{P50}\.L=+0+;12;1;1;5
8I2WcXBSv6Y;11;1;0;3
40k87re;7;0;0;1
Q7!ToCczTLtd1q);15;1;1;5
"::]_=g'SzH)}7)Ud""";17;1;1;5
T~fY-5i+$Fi3;12;1;1;5
1h7fo8q;7;0;0;1
kwakgvd;7;0;0;1
ghT4qgMqwP4;11;1;0;3
a35ti;5;0;0;1
"Xvt""a[!Y[He<$%X;OI";18;1;1;5
H6n7jwVV;8;1;0;3
QUGmKneM0;9;1;0;3
NRqeTaIrE;9;1;0;3
2jAk1kSP;8;1;0;3
BHsXYN1a;8;1;0;3
aXf45x4AKnz;11;1;0;3
625ez2;6;0;0;1
PZ`OZK}EypXZREs;15;1;1;5
H9OZ8f3q29S;11;1;0;3
83q.Ry]D%0^2B3&;15;1;1;5
yTaFncoW3;9;1;0;3
"c""sup""Y,xSeU";12;1;1;5
T?cR%a|s8VPBfGk];16;1;1;5
oTG^R>&tDo3b;12;1;1;5
fq0MtAqFK;9;1;0;3
ksds;4;0;0;1
wqw807;6;0;0;1
Y8YhAqt425;10;1;0;3
0bqa3;5;0;0;1
O2]Hn2.N0~9#;12;1;1;5
V*Dw*h@*c4i^f;13;1;1;5
lHvJYmp3vGa;11;1;0;3
EufhQDKYFi;10;1;0;3
kfTGEcc72D6;11;1;0;3
jce7olf;7;0;0;1
yh2j;4;0;0;1
g5d2p;5;0;0;1
IzRNvSwn;8;1;0;3
uNPA8zv>85a=%B%I[;17;1;1;5
#51]V_qjDOhc`oQ;15;1;1;5
3rHBuvxCkFy;11;1;0;3
087$}dE0p63u+rLU;16;1;1;5
PdVXzDiEkM;10;1;0;3
0u7ym3;6;0;0;1
6a0jm;5;0;0;1
mD`Eu}k|Os3L~Nb;15;1;1;5
OEV`&o8yPK07bzk;15;1;1;5
~[^P%KDKqe'xWL%;15;1;1;5
h2zM8g'2/~f=tv^;15;1;1;5
lhs4;4;0;0;1
nBkdboue9o7;11;1;0;3
YiReflwO;8;1;0;3
M}OM}Vn-^&E?HG9;15;1;1;5
zbWLxv1zVbq;11;1;0;3
"lY""nm51r""4[T";12;1;1;5
40sk61s;7;0;0;1
%9H6yax\oEh71bXkOY;18;1;1;5
4xY8LnWs;8;1;0;3
k6op2;5;0;0;1
"HY""N:e@*:s""@7hyF7x";18;1;1;5
u|SL_OjW]fI=H;13;1;1;5
nxdn;4;0;0;1
0S8LxXCaY;9;1;0;3
qHb3Ye1q;8;1;0;3
p4pjz;5;0;0;1
9lw66a5;7;0;0;1
9yll9uv;7;0;0;1
AdpxY2ik3e;10;1;0;3
i4rMKveG;8;1;0;3
qvs5a;5;0;0;1
lt7c;4;0;0;1
8qxhr;5;0;0;1
tXE1G0M5;8;1;0;3
c8s3b5Rn;8;1;0;3
laexj0m;7;0;0;1
K1M1Th3dc;9;1;0;3
^kyg,<A3N]EH;12;1;1;5
n\H@/Yn:9ZJ(IIO;15;1;1;5
1lCHFYOr;8;1;0;3
"G;`7!{Cznv0yP";13;1;1;5
Vl5HEuAKFN7;11;1;0;3
"!p,y]|;SB~QauGw#";16;1;1;5
707\?xkx-&m/tD5o;16;1;1;5
8m1ab6r;7;0;0;1
@_]6^0xjjf/6a\lJ8;17;1;1;5
lkg3hw;6;0;0;1
"+_LsLND""jmlW3fKKsC";18;1;1;5
3pnbxb;6;0;0;1
H!a-dv>Y^./~Wj;14;1;1;5
hVuaVPbd7TR;11;1;0;3
"?'Ze@oGYMdPmA\;""";16;1;1;5
09gi;4;0;0;1
QulDI5zhgfV;11;1;0;3
bvnpa;5;0;0;1
ji9h05;6;0;0;1
vL2sT4V/EUdY;12;1;1;5
9m07;4;0;0;1
OAkiS:WUo%&u;12;1;1;5
dgr0;4;0;0;1
araic;5;0;0;1
"qxvRRBEF""[8o-";13;1;1;5
TlVSxBKjoV2p.;13;1;1;5
cR=/zjv$Gc:Kx;13;1;1;5
pceh;4;0;0;1
rfkwxq;6;0;0;1
fMzYDkQEbww;11;1;0;3
ofcZSFaFJ8;10;1;0;3
hZlJ\-d|0|H$Q;13;1;1;5
cp0ar;5;0;0;1
Ih=3H9GO+Zuvf4/4;16;1;1;5
tyjmh1;6;0;0;1
YDUBKuCAeKq;11;1;0;3
7gYiYRidRO;10;1;0;3
ubp497w;7;0;0;1
5ex75f;6;0;0;1
C^yamq8T^.-u;12;1;1;5
Q9fSEEam9;9;1;0;3
T<#Bx5n!@F~h4?dDx5;18;1;1;5
+X~[~Tem6pyi#YjTL;17;1;1;5
tvnl;4;0;0;1
Ck6OGpaa7;9;1;0;3
tif7;4;0;0;1
pnpx;4;0;0;1
wx9EVUwBLkc;11;1;0;3
GnfzQf99RAe;11;1;0;3
x0T7john;8;1;0;3
6uibia0;7;0;0;1
"s1=5;AutVC}9ffTY";16;1;1;5
mxgv0;5;0;0;1
xna%Vx!(5<JO7;13;1;1;5
CTUekT>Dj9X@e,TPg;17;1;1;5
2tykk;5;0;0;1
40rcq;5;0;0;1
0;13;1;1;5
JGlC6E2gD;9;1;0;3
apSIt0WhqpE;11;1;0;3
qfL4MqiSj;9;1;0;3
dWPl4Tiyw;9;1;0;3
iTTEcxTSlf;10;1;0;3
VTyzWiXpYHe;11;1;0;3
ILhILfNcMA0;11;1;0;3
mx67d4aJ;8;1;0;3
816wv4pRfoP;11;1;0;3
asz5;4;0;0;1
hknw4q;6;0;0;1
5Z4ABtNmRM;10;1;0;3
0;15;1;1;5
PzMhUlvkLv;10;1;0;3
ed6y;4;0;0;1
hDTr7WEc9;9;1;0;3
A@m'!v?gM|9LTl;14;1;1;5
9tLX?l@|o=um!8,j*;17;1;1;5
l6XB3sc03;9;1;0;3
"_eaEA$gE""H}r7qK+$";17;1;1;5
2>`ED,AdCct8B!F!H<;18;1;1;5
j1kostp;7;0;0;1
FISwlG4I;8;1;0;3
psEmtP3uth;10;1;0;3
:Xa9lRh'*osH;12;1;1;5
ospqit6MdW;10;1;0;3
F^nlozrymBl:S;13;1;1;5
}V35GJJghO*iqp;14;1;1;5
yyns;4;0;0;1
l2c6mS6FtJU;11;1;0;3
lYup8rlnmG;10;1;0;3
DjtRkiTo;8;1;0;3
Twd0xRHk;8;1;0;3
4Bvc53Jp;8;1;0;3
ruac;4;0;0;1
D1V+:8SyJ>sNL-a(g9;18;1;1;5
cy8vear;7;0;0;1
JBPwFxjD1di;11;1;0;3
AE+(F>w^Rw#0!|#,e;17;1;1;5
r+M<BMM[}w&%AO';15;1;1;5
8r40;4;0;0;1
fZ8cpItXR;9;1;0;3
4GwDB5KihP;10;1;0;3
"bOTqQn#i,ZCB""u|";15;1;1;5
J/:RrHNj/#$T`Ib43-;18;1;1;5
4c4j;4;0;0;1
e7954;5;0;0;1
e46jpp0hDz;10;1;0;3
BAhjFAazyQ4;11;1;0;3
"l_g&$tE""t0'PZ`C";15;1;1;5
FMtE#8zIm^(Fg\3>Mx;18;1;1;5
G59WSPPJe;9;1;0;3
"vE-'I.5Fw)R;p[_oc";17;1;1;5
jhF5HkWhy;9;1;0;3
30Nfgzyl;8;1;0;3
for2QbMXqs;10;1;0;3
PLAw4Jn61LC;11;1;0;3
2KBOxVA1DR;10;1;0;3
Ev\eB\0bs/ZSiHL3%;17;1;1;5
bwejr6a;7;0;0;1
fap1;4;0;0;1
B4WDCtvoi;9;1;0;3
GkH9HPr3K;9;1;0;3
ejml3;5;0;0;1
qBdj:=E9Jt4~)U;14;1;1;5
6ef9;4;0;0;1
zxqamojFB;9;1;0;3
vmoxMuxJPnv[M;13;1;1;5
TKGSUjeOZ;9;1;0;3
SQRIqF9t15f;11;1;0;3
LTadx0Uu6D;10;1;0;3
9r5XMKh9;8;1;0;3
`bTSa-6^{8&71#zd-;17;1;1;5
wuqjCYkYo;9;1;0;3
RSvr4ThK;8;1;0;3
UXF@$*~QXI9c1QI;15;1;1;5
iwps;4;0;0;1
dZbCDwVyw;9;1;0;3
"J0[mG2TL""'5.evseM<";18;1;1;5
92h4l7t;7;0;0;1
F64x..%y'/=J;12;1;1;5
gqrUeOXP;8;1;0;3
51j88;5;0;0;1
NfvnQ2wh;8;1;0;3
R1tehSpI;8;1;0;3
3ro7tmw;7;0;0;1
3YdSFux4v;9;1;0;3
wi3bk;5;0;0;1
QwW5uqKvK;9;1;0;3
Bsejvagp95c;11;1;0;3
tauobt2;7;0;0;1
wGpA5x1rC;9;1;0;3
aATkzeUnj;9;1;0;3
WbwAZEqPo;9;1;0;3
uPqjCwfzXv;10;1;0;3
ik2dgJitK;9;1;0;3
13hqoz9;7;0;0;1
jfe1g6wJ;8;1;0;3
n1e9259;7;0;0;1
HwRlpkUuB;9;1;0;3
tc6tg8m;7;0;0;1
%%7KJ+YuG98o;12;1;1;5
bt47kqw;7;0;0;1
kl2uw;5;0;0;1
smHZlJkC4;9;1;0;3
sm7gLLSHal;10;1;0;3
u7Ud3U36;8;1;0;3
j44kvha;7;0;0;1
"NP25IaNPL/L""8>o4_D";18;1;1;5
i(8fR`z%\qq8G7fXl;17;1;1;5
eRgHaUa6G;9;1;0;3
hiCKqLcjMU3;11;1;0;3
ono8f;5;0;0;1
hiBp6LwAOp;10;1;0;3
n2g7a;5;0;0;1
w)YOm,p<!%6@;12;1;1;5
0ykKnkEK1r;10;1;0;3
9vkc0pd;7;0;0;1
HHoBi5sJW;9;1;0;3
wxohvbg;7;0;0;1
CVswUOIizF;10;1;0;3
E/c,l`uRL?%]g;13;1;1;5
sy79;4;0;0;1
\([Y_4_kE:j*Vu;14;1;1;5
sr9he;5;0;0;1
\Ypy&,P\cV!D;12;1;1;5
Xi49vzwM;8;1;0;3
TKb7yFwZEka;11;1;0;3
6br3d;5;0;0;1
AK8zQfgQ9;9;1;0;3
dwp3x;5;0;0;1
Ok0E5TGTZyb;11;1;0;3
krWfmv4sQ;9;1;0;3
JuXCZ3PY8o;10;1;0;3
0;15;1;1;5
jvwtjo6;7;0;0;1
UhBCVrwzZ;9;1;0;3
zqOlbXC8;8;1;0;3
VUkB,f#Doav`#NAV?F;18;1;1;5
hdfqefc;7;0;0;1
6PtDS1d]IO+D%l~9%;17;1;1;5
URn7ZzkF16;10;1;0;3
"V>;0dk:g1J8?";12;1;1;5
"<J,?(Z""(/B_o=";13;1;1;5
unlA6EPY;8;1;0;3
".cf#S&8}oSFXIvx;5";17;1;1;5
yswVXa8EqV;10;1;0;3
wKZ2rYZ5;8;1;0;3
D}R(Y*t+64j>dH1;15;1;1;5
Ng|Mpanl3Pm}h;13;1;1;5
hnybi;5;0;0;1
Z)Y`A9suyO,sqcU?x;17;1;1;5
YHkJv>>5oWeP6e;14;1;1;5
zfMCGmO92;9;1;0;3
Vo2fHj8vQK;10;1;0;3
iGpQmige6;9;1;0;3
R|nVS4$*bD?mYIN;15;1;1;5
Uco58UE3Y:w};12;1;1;5
7kxohn8;7;0;0;1
voQuCVoR;8;1;0;3
Vtt8z1Qtcp3;11;1;0;3
Z1FMO47YYrp;11;1;0;3
4zhb3%AyBH./J$B0^P;18;1;1;5
iErrKvS8B8;10;1;0;3
HhqEsl9fIM;10;1;0;3
@&?zq]V4jwV&S%2&PD;18;1;1;5
o8q00vjM2A;10;1;0;3
JDhhmjFaU9G;11;1;0;3
nZtDk4bDl0;10;1;0;3
YDOIN9Qy;8;1;0;3
wv0c;4;0;0;1
/Ud3LhCPAKwU/;13;1;1;5
R3Y30C2z[1dZ!{Mm;16;1;1;5
b#9YHxfaG50IBK.$@L;18;1;1;5
"A|QT,e;2dG~y`";13;1;1;5
a5ss5;5;0;0;1
fqkaDx6QE;9;1;0;3
1zx1vf;6;0;0;1
lbqva;5;0;0;1
zi4v;4;0;0;1
edcfkc;6;0;0;1
"(s""]~+M-)M,uh;";14;1;1;5
"HgfG;k^?c8&&M2hdO";17;1;1;5
6N3uTnt143;10;1;0;3
X\ah/9:hec#fN#2T;16;1;1;5
"&j""Z{:|z2?sgN2.s";16;1;1;5
289vdv6;7;0;0;1
e[:%IbU[:GbIK)M;15;1;1;5
rbk4KVpNv;9;1;0;3
lxd4674;7;0;0;1
W0k47Ujg;8;1;0;3
frm9np;6;0;0;1
jn1gp4x;7;0;0;1
x8wv9;5;0;0;1
iOOmGMoe;8;1;0;3
jtllZRNyN;9;1;0;3
RlF0uHC5;8;1;0;3
"Ct06Na5u;PFP";12;1;1;5
81i8wy2;7;0;0;1
f92qyka;7;0;0;1
u0l#NC%c+:wa[i;14;1;1;5
D3pM6MAD7I;10;1;0;3
*+'B0sQ^(51UHx;14;1;1;5
knuay;5;0;0;1
k4dhkd5;7;0;0;1
6z2i;4;0;0;1
t30dp;5;0;0;1
hwrjp21;7;0;0;1
";`dkQo.cTC~=FjxOe";17;1;1;5
16scJw?Oc|\<!im7d9;18;1;1;5
WDa69CsKlGM;11;1;0;3
uv3zt3x;7;0;0;1
VcmT4hpKm;9;1;0;3
0;18;1;1;5
nae4j19;7;0;0;1
hkk6uvm;7;0;0;1
u4ghniUmnM;10;1;0;3
KJxbQhXd;8;1;0;3
BfSX6rMo60T;11;1;0;3
867NTUnF;8;1;0;3
U0Pvfen2ng;10;1;0;3
mynpo;5;0;0;1
0y4oo;5;0;0;1
1s3qDf7bWTj;11;1;0;3
cL8pOj68;8;1;0;3
qPJKzoZtmh;10;1;0;3
"1:86C5^o;C;q*A+";15;1;1;5
&pA9'J9dU5G=TwD;15;1;1;5
4CxhzOhd;8;1;0;3
QSP7eprmCX;10;1;0;3
1iJEiRBPBri(~u;14;1;1;5
Oo-9R~NV2pJ>v<J;15;1;1;5
p1un;4;0;0;1
`DeB,@y?=*~sr3O;15;1;1;5
a({`W,LY?TqkG;13;1;1;5
hmdvbw;6;0;0;1
/OrI/E##tZ.ET;13;1;1;5
lGR36iZfd;9;1;0;3
]9N?r{q@[lI,1QX;15;1;1;5
"dyg;R@.`oAw:(]Y^";16;1;1;5
&Em(I|j,#:C,;12;1;1;5
lv7u02;6;0;0;1
v,y,V:`t*~4>)(d;15;1;1;5
7T43akTf;8;1;0;3
ktul;4;0;0;1
nsQPB5TWi6m;11;1;0;3
$iPFW}!Bc&ac*`D~;16;1;1;5
nAtEFmTv;8;1;0;3
"32,V4b`ch]Z=;l`";15;1;1;5
WS~OZ#<<?QB[o;13;1;1;5
2D9nHDWx9UQ;11;1;0;3
P%SP&xlK`c#o},y$t>;18;1;1;5
TXuaR3s7e;9;1;0;3
ja0SkNgU;8;1;0;3
zdEazLvS;8;1;0;3
VP5qsCeY;8;1;0;3
uGAg7J4qY6>O-472;16;1;1;5
js5b;4;0;0;1
9dgu79;6;0;0;1
pNpeNW5Wfeg;11;1;0;3
7rgfw;5;0;0;1
ipczFbUD;8;1;0;3
si5mg;5;0;0;1
fTsZ55l3epr;11;1;0;3
HqXPG5ES;8;1;0;3
FFyduhpQ;8;1;0;3
d0jdjms;7;0;0;1
PbdJSERXs;9;1;0;3
t46re8;6;0;0;1
ZBbpiLPdP;9;1;0;3
lUqcMwU3F;9;1;0;3
a0mdzu;6;0;0;1
uYchIJ5Jl;9;1;0;3
PddOxD{iaMR&e;13;1;1;5
#zlPb~'P^(Z<i@FPN_;18;1;1;5
GHuBo8voO;9;1;0;3
9lwjavk;7;0;0;1
MyWKxAXI;8;1;0;3
06o8HfTGM;9;1;0;3
oaea7Zijz7;10;1;0;3
zlbtTSOwO;9;1;0;3
9P1G7bouEbu;11;1;0;3
CgQ7y30s;8;1;0;3
"|':C]g'""f,A,g]y";15;1;1;5
MwIcrS9tc;9;1;0;3
%y2&cAMu5FC'dx|;15;1;1;5
FDWClf2GG0;10;1;0;3
zxprn;5;0;0;1
5ofyt6;6;0;0;1
LxkqJxh7MWW;11;1;0;3
SfkhdOlcnwg;11;1;0;3
K#^{zj_r.'HxC[Vo'c;18;1;1;5
3hueuy;6;0;0;1
"7/(beUf""DntaL";13;1;1;5
pQprDETI8WI;11;1;0;3
BTVxde,O9T\qSs|d't;18;1;1;5
Hqy7HSliJ;9;1;0;3
"6{=SY,:U;~vu]";13;1;1;5
MPmouFP8;8;1;0;3
978mxzq;7;0;0;1
zwoRugjntvN;11;1;0;3
i7yrj;5;0;0;1
apc0@FJcV!F+=IgJdV;18;1;1;5
q6du;4;0;0;1
yBhq75MDgNX;11;1;0;3
"M7Bn_""Y&YFHJFcCiI.";18;1;1;5
ank6y;5;0;0;1
qj8goz;6;0;0;1
x30jup;6;0;0;1
"D=R_Dp%vP:gh;6e]J";17;1;1;5
L>m^-PprM^/.4;13;1;1;5
RmG!)q)O5Up@b3[y;16;1;1;5
4yd5;4;0;0;1
JMRaRJMX;8;1;0;3
TVNQLjKXhcc;11;1;0;3
rwcn;4;0;0;1
omef;4;0;0;1
D{pQiCw`^g1ek[_xN;17;1;1;5
o1pf7a;6;0;0;1
0iuD9mGg7;9;1;0;3
wdkvxb;6;0;0;1
Ny4sAkbHE;9;1;0;3
riiydzh;7;0;0;1
sr9Vc5ySQZ;10;1;0;3
"&""7N-UD""3.K$";12;1;1;5
yhU##N?VL-?r!E7SN;17;1;1;5
25r2nqq;7;0;0;1
2rh4VnEItsW;11;1;0;3
#']B)yZW/i!YW{/7(;17;1;1;5
sC90ctBf5Nl;11;1;0;3
lZmz0LZ4e;9;1;0;3
e9zRijFs;8;1;0;3
k7px;4;0;0;1
uu07jv;6;0;0;1
fsl1gp;6;0;0;1
8lCuWFTxEGL;11;1;0;3
befSeaN0;8;1;0;3
y2oeFh0H;8;1;0;3
lM0nkXL6ap;10;1;0;3
"0;D}]jl%'ub@=t]Xy";17;1;1;5
tw7f;4;0;0;1
p9ybCNosHf;10;1;0;3
Bl82VA3kE;9;1;0;3
"'oShJiE0B/W2""i`=";16;1;1;5
shFISBKb;8;1;0;3
AFDo0Iarpc;10;1;0;3
okaQ0huiMh7;11;1;0;3
|yd--q$}d'sBOT;14;1;1;5
aoxa6w9;7;0;0;1
&9.|u,^n*^HGot^|I;17;1;1;5
itVaXPsh;8;1;0;3
nIIaWhXX5;9;1;0;3
putzb;5;0;0;1
6hwxmu;6;0;0;1
otq464;6;0;0;1
qrvtr24;7;0;0;1
8Z-&[VAc35e3]yO;15;1;1;5
odgdp;5;0;0;1
QQ6mWa5a;8;1;0;3
xpIrGyJVm;9;1;0;3
0lTOLRVb74V;11;1;0;3
h46r;4;0;0;1
zmat;4;0;0;1
LhC2z0Ys3Bl;11;1;0;3
k6uuOYyYoH;10;1;0;3
"]B}ErH(d@.l2w""m33S";18;1;1;5
{:|v?DyZVD3%j-%|K;17;1;1;5
ftk9fiy;7;0;0;1
S3OAT@:6f%inDh;14;1;1;5
dt8d;4;0;0;1
"NnSS}[;>mehDB~";14;1;1;5
yhv3fi;6;0;0;1
Qwu*wIOy`HQyGVXX;16;1;1;5
4NJoAID3KzU;11;1;0;3
m(FTCkG)D25>cKu[w>;18;1;1;5
X(np&ulqW&>^=RtDDU;18;1;1;5
NErxH1tQX;9;1;0;3
kj18jg;6;0;0;1
Douh2Z2APV;10;1;0;3
qvil;4;0;0;1
fscon3;6;0;0;1
jHmGzbTqUh.N*Zv_q;17;1;1;5
w54dy;5;0;0;1
2Q$x['H'x*B-xXOx;16;1;1;5
#jgXUz}do1#jLZC;15;1;1;5
Fp3mG65d8O;10;1;0;3
gCGgXI7XN;9;1;0;3
"PuQ|wYg*V<uBk""";14;1;1;5
yzz1385;7;0;0;1
C5{<LV3PbSMl;12;1;1;5
5l4Rxpgn4e;10;1;0;3
vp73BcVuW1E;11;1;0;3
3c@[f=(I)N+E[uL&;16;1;1;5
Eq31CDXXV;9;1;0;3
XaJy0RcUs4;10;1;0;3
HIkbAN^K>^s(a=A;15;1;1;5
A98beO5r;8;1;0;3
Ywa0TRaoJ;9;1;0;3
7amztx5;7;0;0;1
s36z06;6;0;0;1
49qtw;5;0;0;1
IysxjXA7ZdG;11;1;0;3
GMJdty1L;8;1;0;3
gyhh3s;6;0;0;1
0EVEDYCi;8;1;0;3
zPT1rl4pQI;10;1;0;3
RyapAenEJ;9;1;0;3
A6UhDczWkR;10;1;0;3
d69jnz;6;0;0;1
ZuRNV9nM60;10;1;0;3
nudsaz;6;0;0;1
Jh0DP7FDwk;10;1;0;3
7:mO:rBeQabjt};14;1;1;5
"sbwDpf;EZfH$>&60.0";18;1;1;5
pPVa787S;8;1;0;3
k7rav81;7;0;0;1
"MC3;D4|2z4Koq'sw5";17;1;1;5
m0q2i43;7;0;0;1
ak2i;4;0;0;1
ozkXsUgE9;9;1;0;3
ejGFLVm7;8;1;0;3
r029p;5;0;0;1
b72ogLdLN5;10;1;0;3
EhPYQ9ex7J;10;1;0;3
2qR}iqKqjkQgT%{;15;1;1;5
6NLQgjGPo;9;1;0;3
BDR4hmwcl;9;1;0;3
hxQRYrKfrS;10;1;0;3
]7$YhM8J(8UNH;13;1;1;5
0E8n3LoMGey;11;1;0;3
yu5ko0;6;0;0;1
oF`,t`@>oY?,M&,^W&;18;1;1;5
AaWRKvBiBj;10;1;0;3
ckuo2b;6;0;0;1
ol56;4;0;0;1
EO'sV^2biR2G;12;1;1;5
KXk3YJmnWD0;11;1;0;3
MrzxyxJTcjW;11;1;0;3
Mpe2utF7Z;9;1;0;3
q4vnf2;6;0;0;1
dCxS5yeUC;9;1;0;3
pf314hh;7;0;0;1
BTZA53Kpk;9;1;0;3
eA@:U^)$<]Q8(|~I/z;18;1;1;5
6BHFsRRnw;9;1;0;3
JyIA08Yjmm;10;1;0;3
"oND(D)5s;S_kyn\cy";17;1;1;5
tz>[+&Kgrr*=3];14;1;1;5
ZKlDl2FAGOM;11;1;0;3
09f02;5;0;0;1
ErnPd_W|\X%flKOY]|;18;1;1;5
nu1BCL05snw;11;1;0;3
Jzww1on'Q>T4s8xr;16;1;1;5
l297uf;6;0;0;1
Nlnq7rBmBFz;11;1;0;3
lzzyo;5;0;0;1
piS&3U-Toie>@;13;1;1;5
rsqn4;5;0;0;1
yx:Ue2Mwn@G6ZMBZx};18;1;1;5
&oKAwnU1dQwD)+D/Er;18;1;1;5
fy1aoPrkE;9;1;0;3
ol1gxjs;7;0;0;1
qpbQy4M9HJy;11;1;0;3
yGgX4Xf9q;9;1;0;3
IB5Z4T\2:1|>nr;14;1;1;5
c6uhki;6;0;0;1
yajq6b;6;0;0;1
aTky,:(3t4xGs0;14;1;1;5
c1xeqPOI;8;1;0;3
Up0N7n6Ok8;10;1;0;3
52ge;4;0;0;1
e1ajig;6;0;0;1
Rkdmoyw1y;9;1;0;3
go9pq;5;0;0;1
gjdjd;5;0;0;1
aBkRj9E3;8;1;0;3
4qd0hXRA0u2;11;1;0;3
unkg24t;7;0;0;1
RpGrebQd9oc;11;1;0;3
8g8DXd/^~MtHnw;14;1;1;5
vBn!SzqI`]X8%7;14;1;1;5
Wnh1o2Rp;8;1;0;3
anp4;4;0;0;1
ER4rmF8x4W;10;1;0;3
V6ObZs6GD3;10;1;0;3
bHEXfvDrff4;11;1;0;3
n8hr6z7;7;0;0;1
HKCX,N!r\#k4r;13;1;1;5
riOXWCNz0;9;1;0;3
dfre;4;0;0;1
"(;pco{Oq:'F'IAU5""";17;1;1;5
AVcE>wL~2U1QL;13;1;1;5
WnDW6kIj;8;1;0;3
HEijT-U6G9kkAGhw=J;18;1;1;5
v50ig;5;0;0;1
nf4v;4;0;0;1
zhSyCpiGB;9;1;0;3
"3:,yy#;RgAs^";12;1;1;5
krE6epyOZg;10;1;0;3
vDy!`T4o-7~MPT\(;16;1;1;5
eaKRpqAF;8;1;0;3
jc%hnt_`8xC4;12;1;1;5
DzKJ]<Q1&${on;13;1;1;5
`ob(y0bB^[o.v;13;1;1;5
tbrku;5;0;0;1
zD`k/8hbk/FCvN\hJT;18;1;1;5
"e]%@@Y(*""EPE:H";14;1;1;5
efruni7;7;0;0;1
tyl9x1;6;0;0;1
tz4v;4;0;0;1
"_gNnCe'""]{f!o#<";15;1;1;5
QHiZK4ht;8;1;0;3
7cr9q;5;0;0;1
2]s4?3`,Vu.]x]NW;16;1;1;5
Gq-,-=hs\EB\8z6GOh;18;1;1;5
lGh5tQkbYia;11;1;0;3
"efo;ijtI1JBEy4Q9";16;1;1;5
\uB?zRNW_%'`_K;14;1;1;5
mpY03fg77Xs;11;1;0;3
6azfr;5;0;0;1
"us?""b4X7Dy2Kqd""";15;1;1;5
5Mux4BhkF;9;1;0;3
0OFWs0OHHr8;11;1;0;3
qwdllJ31dB;10;1;0;3
mOg`*&59KY.SdD9NC$;18;1;1;5
sqen678;7;0;0;1
eie68j;6;0;0;1
bXnvgx=A=Ue>hG;14;1;1;5
XuzCtRsMf5U;11;1;0;3
oiuw;4;0;0;1
TfMPhFWtxW;10;1;0;3
necpv;5;0;0;1
zgtr578;7;0;0;1
"}Rr9!Z3I?>F|5""";14;1;1;5
h3x8f;5;0;0;1
"^l82X*`;{\p[";12;1;1;5
vP70bOpLKeu;11;1;0;3
cv7aod5;7;0;0;1
tcz7;4;0;0;1
O\NE2X%Yi\aE;12;1;1;5
MvjYCdrf2lo;11;1;0;3
r9cng;5;0;0;1
fqilnc02X97;11;1;0;3
bGhWNy0G;8;1;0;3
"J(hRF;Q$dl[#nk";14;1;1;5
m1oQd4COB;9;1;0;3
"9X'p:bx$bfRf?""FL";16;1;1;5
|ITfM(X)Dzy&T-;14;1;1;5
bedJ$k1F@Mz};12;1;1;5
l4ayndx;7;0;0;1
vdv5r;5;0;0;1
F(SPP)7?-&d];12;1;1;5
R2%81JRuF%Cas-I3;16;1;1;5
pbgagr;6;0;0;1
mOGtFIEw;8;1;0;3
ZcZEPvjLN;9;1;0;3
zaWuA3wtO4;10;1;0;3
imc02p4;7;0;0;1
RMj.-m`d2m[mPw6;15;1;1;5
At}'<D&[uM!^{4E;15;1;1;5
TL5e1OHxM9;10;1;0;3
star;4;0;0;1
LLlzt9XXdT;10;1;0;3
0;16;1;1;5
n1gu8wc;7;0;0;1
IQQRBKsZA1;10;1;0;3
v79jp3;6;0;0;1
VZ2wa4yU;8;1;0;3
1VJTWjE6egw;11;1;0;3
|0'1gQkAfJ,<)4^|W;17;1;1;5
XAL^$.`y<7uB3Kg^N';18;1;1;5
VpQ5Kei9n;9;1;0;3
";~(.u24d'KA{9";13;1;1;5
CW1CBWNjUGKtXkPAbV;18;1;0;4
t%Xjn`'\!-Xdd;13;1;1;5
Xc0kUivkF;9;1;0;3
TBnDnX79VW1;11;1;0;3
KNE2HPMq;8;1;0;3
W55oOs9E;8;1;0;3
98li;4;0;0;1
tzl0rd;6;0;0;1
v8sp54m;7;0;0;1
__c*Vwy4yyl:wMb;15;1;1;5
esavx;5;0;0;1
mck3;4;0;0;1
dNKLHdiU;8;1;0;3
0ah44;5;0;0;1
yWgsR?G%`YdkCLU$[;17;1;1;5
WdCyB2gSIr9;11;1;0;3
Ce7tKum68g;10;1;0;3
BzG7lc2Ua}}&REwwz;17;1;1;5
"9""v64qAH9|v""#t,fr";17;1;1;5
73x76;5;0;0;1
2zt6j;5;0;0;1
W*QA7K0Bu+if;12;1;1;5
1ceu;4;0;0;1
iJT4qnMe;8;1;0;3
4H7Ecz6T;8;1;0;3
7LpC44Hu;8;1;0;3
"lc.lm$J8{UD;`k2sJ";17;1;1;5
2,c5GW<G*0*w+W;14;1;1;5
OR57tawux;9;1;0;3
ziUSZfimD7;10;1;0;3
f/W$=>Nca5I#uj5-k;17;1;1;5
QPn1QNTA;8;1;0;3
9kLAzSubN;9;1;0;3
P'Hb]}fTr>eu~lI0;16;1;1;5
j$R/Y5`PI(4a@;13;1;1;5
85lxo;5;0;0;1
npf5h;5;0;0;1
*Z}8[[RT6ful%/4%;16;1;1;5
aj57;4;0;0;1
*r#YDx+F._>H0zsk;16;1;1;5
Sk1Dj0nU;8;1;0;3
PuaTyMzUoc;10;1;0;3
n=k13Al5K\0wYMe`;16;1;1;5
"W$'lKjb[@;Kf;:f!";16;1;1;5
jR88utTUq;9;1;0;3
krgcKqB0S6;10;1;0;3
"vIGZ(-d""vxv=";12;1;1;5
XdeReg5zgHn4h;13;1;0;4
k8g5o;5;0;0;1
C_n:(y3f[?/uPF;14;1;1;5
GGXaCvy2YQ;10;1;0;3
8crfc13;7;0;0;1
^!hJ>J*0AZ-Hzd;14;1;1;5
mfsmmed;7;0;0;1
"EMa@8e7ef&Wb;}";14;1;1;5
"'Z3kF""FkTQ47.>";14;1;1;5
$ygqPr\#9R]2.zO%|;17;1;1;5
q*Xl!.zqZ[(Ggw;14;1;1;5
hgmKhotAd;9;1;0;3
owkyjPcS;8;1;0;3
"fAP)o)C""g/%m^)Or#D";18;1;1;5
"8{""`+l[V4XfH|!";14;1;1;5
FGRtiyyKzer;11;1;0;3
Bk1sl9GWUH;10;1;0;3
1jM9uzReoFw;11;1;0;3
919fxb;6;0;0;1
oRhIDjpgm4M;11;1;0;3
CM9RQN5w;8;1;0;3
8hx7FBfs;8;1;0;3
H)vc:mc^pQ8t;12;1;1;5
Iu7f*_6z8+D7iRmN.;17;1;1;5
2cev1ae;7;0;0;1
3FHWCdmb;8;1;0;3
9oFfblrk;8;1;0;3
FXUMdSM9WuM;11;1;0;3
1ts5;4;0;0;1
fGAIRIzNs3;10;1;0;3
Cmr:kjI(?vq#.Bw4U;17;1;1;5
/%^Q\r?k%6~i$:yq';17;1;1;5
oMHiK9Vig;9;1;0;3
QhQEoJNmpRH;11;1;0;3
Fwl':(Jy^pk!07c-M;17;1;1;5
ig5SaXWC9KS;11;1;0;3
EEOUglYc3Xl;11;1;0;3
"[S-9}V"";:R4SBT3,?^";18;1;1;5
4rhjam;6;0;0;1
2aecw;5;0;0;1
~D{>7yJ>[h)Qx$Z8H_;18;1;1;5
XaqtBgvBqEs;11;1;0;3
xJRImRPA3;9;1;0;3
AouvzHPeL;9;1;0;3
iVh1WtEh;8;1;0;3
hv98wkc;7;0;0;1
ijrcpyu;7;0;0;1
uy5li67;7;0;0;1
dJWDXj6vwK;10;1;0;3
vjtr;4;0;0;1
"QIbl;UT|>6/l3Hxr";16;1;1;5
"6?19Pv(H`oO)""PE^FK";18;1;1;5
J1smwf0MVm;10;1;0;3
Kf}K|0VMvb8/'V?y;16;1;1;5
L54UFRNkCp;10;1;0;3
X4#i?H|\'Wpj`;13;1;1;5
ml3hmZhy2cp;11;1;0;3
2oxwlmh;7;0;0;1
pj0c7y0;7;0;0;1
sGFYmsyOAD;10;1;0;3
2rVGFYofz;9;1;0;3
w7TDSt47;8;1;0;3
OGbRv4KZJyI&|zz;15;1;1;5
3WTg`VnCsFlShL;14;1;1;5
}tpO+{L#a0c[9D`;15;1;1;5
apsd8sZcUl;10;1;0;3
"|p1""E""%%]<&UkYcoCf";18;1;1;5
7wrgujDS;8;1;0;3
P'7O(i$/BejG),27Cx;18;1;1;5
szvpkv0;7;0;0;1
msuu;4;0;0;1
c4gcp;5;0;0;1
!^u-|X?yaq36bd;14;1;1;5
gmogoSFa;8;1;0;3
eqLKE*1eG\nCz+;14;1;1;5
c`IRxuo\KcRP1g;14;1;1;5
vhOMXx1q4n;10;1;0;3
"Db8_""N*U#s*-f)";14;1;1;5
t9tp;4;0;0;1
8B8E2itlG51;11;1;0;3
jjtvdwd;7;0;0;1
oMb6poDBuyy;11;1;0;3
i2kekj;6;0;0;1
4huv3t;6;0;0;1
q0xnf;5;0;0;1
lrvz2AQ2T;9;1;0;3
fz6x;4;0;0;1
pkf6;4;0;0;1
ei*1okvk4$3k'W;14;1;1;5
HikJ|'i1pN+\S;13;1;1;5
EdpIVYWA%mWxF1xp<!;18;1;1;5
{NNdy(#fA^YHk;13;1;1;5
"_oIUNVFFwS""%dj\0(";17;1;1;5
n7x7J3aF;8;1;0;3
IMIv6tJpt;9;1;0;3
BMxZy5mzTn;10;1;0;3
deyflz7;7;0;0;1
qs!Sv&u/:0'bD;13;1;1;5
YXZRQQa4m;9;1;0;3
kej5ppi;7;0;0;1
":o.Z`b*""xY""^n";13;1;1;5
#6C?Pqp4lj!1$&Q];16;1;1;5
4otq;4;0;0;1
vjxch3jCP;9;1;0;3
0qkg;4;0;0;1
gq0voWaMCWQ;11;1;0;3
xy4f;4;0;0;1
kg7ej5l;7;0;0;1
jnn494;6;0;0;1
"umGPoE0Sc-3pp6""";15;1;1;5
izo87a;6;0;0;1
2T+]V\w/KR*M1;13;1;1;5
st2xLykf;8;1;0;3
7`ZUUb#1.fc]2';14;1;1;5
3CQRVEaMj;9;1;0;3
9jmwr;5;0;0;1
sK-A=9t6K$+59W(#a;17;1;1;5
lkWAO9Dm;8;1;0;3
>x.r<c%X_c0*$'g8J;17;1;1;5
UjHHt?,OpE[:EI;14;1;1;5
gDLarCS2;8;1;0;3
W4w36pxLF7W;11;1;0;3
3hh6rj5;7;0;0;1
"950vJ3$XWrw{R;";14;1;1;5
u4xkKpQYYz;10;1;0;3
yr8oj;5;0;0;1
"[O^4/\1`YWs0{""V";15;1;1;5
Al9KF0Q4iC1;11;1;0;3
CT$[+SWcl3Fqg|ns*%;18;1;1;5
vnHungCPuFT;11;1;0;3
4ov|+Z<dUm06;12;1;1;5
YjjNO3Fqqah;11;1;0;3
[[T$,ecC9CH~,oz;15;1;1;5
X9mcjQ2Mqz3;11;1;0;3
MdljGKPVn;9;1;0;3
XGhhhacZKLa;11;1;0;3
ki0kjV<cbAE!k`;14;1;1;5
rjdyf;5;0;0;1
hYSIkMujoa;10;1;0;3
svJ1DF08P;9;1;0;3
kFPBSxvwySJ;11;1;0;3
y10nsm8;7;0;0;1
8z8lvZmiaLB;11;1;0;3
"!V5I#""ZM,,pH3""";14;1;1;5
15y4h9e;7;0;0;1
JuffCm5x/T=y$`\_M;17;1;1;5
ml4W}(&?3Po9s;13;1;1;5
iLKHFKHtLB;10;1;0;3
H5aRX_o8(YXy;12;1;1;5
"-UN'>'`7$H:_""^";14;1;1;5
W89JQ9HvYN;10;1;0;3
#V-vz\d233@?;12;1;1;5
H8uYNoNjBGU;11;1;0;3
mi~.N1C)ToDzF/LF;16;1;1;5
rSl4a)Q>o@N6;12;1;1;5
nCkcxiYp2;9;1;0;3
KHLI1IwE;8;1;0;3
kuQemNIw;8;1;0;3
KRYYR6i0E0;10;1;0;3
09hwkb;6;0;0;1
"N<;.cOmpuvy#;A";14;1;1;5
P0eOj6{'%,>#9}5;15;1;1;5
KoKEh5w1HO;10;1;0;3
"8(|\`NJ8nL""qW9u'y%";18;1;1;5
",*w's""YDWpxxNT9[";16;1;1;5
d76j3px;7;0;0;1
5UfKaB9YpCv;11;1;0;3
H7sPdEhr1S;10;1;0;3
"T$pq8Zewc8w;lS";14;1;1;5
i6f1i56;7;0;0;1
GejR2w9CcT;10;1;0;3
$Mv/*^__`M&}v2bT;16;1;1;5
unmts;5;0;0;1
KzPUF7oih;9;1;0;3
QQt4lozf;8;1;0;3
bE7FRNy7DBl;11;1;0;3
NKgkqjdtW;9;1;0;3
"NtZ61Mc~V:rq];h";15;1;1;5
hfcqwcy;7;0;0;1
wCPwaIk8;8;1;0;3
@+7^U~+91Vl44M;14;1;1;5
XtX4rHCc2Br;11;1;0;3
QS5?sBigQqTTl;13;1;1;5
FbdHIX4kpp;10;1;0;3
8ZwViRL6;8;1;0;3
g3cko;5;0;0;1
nWrJlDMDJ;9;1;0;3
"Yv`RXIO""p2To<T";14;1;1;5
S4<-Vl~9bA2l1;13;1;1;5
!Z/wyxK&RV8R$alN;16;1;1;5
PIOiBh{=a}0m?%jX=0;18;1;1;5
03Xtes3s;8;1;0;3
UKoo8e2kfjG;11;1;0;3
wr8ub2;6;0;0;1
";}AjICuoB""Fs%";13;1;1;5
13zl;4;0;0;1
wn2gi;5;0;0;1
yzOzNHSEP;9;1;0;3
beP\eV{(xud7;12;1;1;5
!7ml7Yk%q=5@;12;1;1;5
psbib;5;0;0;1
rcnu6;5;0;0;1
sc92r;5;0;0;1
_*|Y~wry`_TP;12;1;1;5
mzmkp;5;0;0;1
DnPGub1U;8;1;0;3
ra9n;4;0;0;1
up1oh;5;0;0;1
0-SFCZdL`fl2;12;1;1;5
"*]0?wtxT6;Ixj7PL";16;1;1;5
rdtnh;5;0;0;1
RH3HAFVn5F;10;1;0;3
vfOwECHG8;9;1;0;3
2i50QdjcK;9;1;0;3
c~MN0t!Z!}|1;12;1;1;5
"@&XhTGJo!;c~Iz""";15;1;1;5
lfxj9ta;7;0;0;1
2PSRjGmS;8;1;0;3
GRIjuycZ1tl;11;1;0;3
469a02pDLZ;10;1;0;3
xyum;4;0;0;1
sswi;4;0;0;1
OBCx98IO;8;1;0;3
edkj7wy;7;0;0;1
"X;H4%A~j<@MeC";13;1;1;5
geuim;5;0;0;1
KnQY9nrET;9;1;0;3
S7vT8E1h;8;1;0;3
whbw;4;0;0;1
"e6""8C@|to2r(T!:#_";17;1;1;5
$#MK{L~'OlzdkRj(.;17;1;1;5
7GGQu7KV0;9;1;0;3
BGQAFZ3OT9q;11;1;0;3
gTkhSJgeraL;11;1;0;3
d8Zg<kGCfRW7K=1O;16;1;1;5
fSLXeYiwyM;10;1;0;3
0`.Y8&n$tB_~id1;15;1;1;5
IN-qJZ_GN!a?7Zs/?j;18;1;1;5
#H,4?,}pRnK2;12;1;1;5
95nh;4;0;0;1
vyloe;5;0;0;1
H5>/L\x}z^6A|;13;1;1;5
f4abrb;6;0;0;1
Y%&\&OZ^J,Tz;12;1;1;5
AJ#4*cz((!Sx<Yp;15;1;1;5
Fbk8Bd30t;9;1;0;3
"5/"">-r[7ccL$nwUl";16;1;1;5
nYubeOT!Br37DB;14;1;1;5
#ynTK#v#//2#g;13;1;1;5
hbe2w;5;0;0;1
35gr16;6;0;0;1
v8zy5FF7b;9;1;0;3
3**D:5:{(gR';12;1;1;5
DOjNVTtx;8;1;0;3
bDg56rwd;8;1;0;3
4yzq;4;0;0;1
9xnl7g;6;0;0;1
4SqWuGwI;8;1;0;3
SJQ9xSB8D;9;1;0;3
0l|-cV<`0=bK;12;1;1;5
WxshFwfHBj;10;1;0;3
KwmL8G7U7;9;1;0;3
jiFHaNgB6rJ;11;1;0;3
69q9;4;0;0;1
"7J;wBjR%@EY=E2*";15;1;1;5
yl308;5;0;0;1
QaGo*l&Rv(C=%;13;1;1;5
moBuChtSUPr;11;1;0;3
ReKLka9YfM;10;1;0;3
a3ytuLmvSKT;11;1;0;3
XRzcqoNuYh;10;1;0;3
qznw0nl;7;0;0;1
mf3r0j3;7;0;0;1
\h~!Uc*dyceVr9;14;1;1;5
SIaKHdAAJ;9;1;0;3
6JzdoFJGYz;10;1;0;3
ORFR7ZG9R;9;1;0;3
ikij5yTk7u;10;1;0;3
DxPNZ7Fmc4;10;1;0;3
fjcrrb1;7;0;0;1
"PgXeO`?i;(1R|Dci;(";18;1;1;5
xnlYycoXn;9;1;0;3
akipom;6;0;0;1
lMyvnwaceA;10;1;0;3
'9Cs!VxX_.wg)[h;15;1;1;5
Km,[tSaMWqes@)*CQ;17;1;1;5
Y:bjC!)f)MpPY;13;1;1;5
87rIAZT093X;11;1;0;3
r}|DZKgn{[~x((yKS#;18;1;1;5
4hZll33QM;9;1;0;3
x2fGWOIO)P@X|5Q;15;1;1;5
RROqtwi2DU;10;1;0;3
qikRZdDD;8;1;0;3
Cu0gOBe4;8;1;0;3
w1c9zy0;7;0;0;1
yvKC4OK2;8;1;0;3
uHnFIVAC;8;1;0;3
tFLvhORBI;9;1;0;3
"h./bL-MVu""nP$6r";15;1;1;5
I{z9M8knr>+63CD.);17;1;1;5
zq360;5;0;0;1
OiE**D9:*ut2z0;14;1;1;5
"AXgV5g;hki\vEo[";15;1;1;5
UI2Pxk3MLoP;11;1;0;3
mamtzm;6;0;0;1
w2svx;5;0;0;1
Cv4c5cpU0;9;1;0;3
2gd5uUDVs;9;1;0;3
tzphj3;6;0;0;1
A7nV0cnu5;9;1;0;3
PIOAbTrj;8;1;0;3
k'n2iR\l6i,/Jm'(;16;1;1;5
1jjUskXjN;9;1;0;3
8sIymMPu;8;1;0;3
"pJ9Q*>.3;CPiRW}kqn";18;1;1;5
x3pi;4;0;0;1
w9fqqp1;7;0;0;1
dir9n0l;7;0;0;1
dQMgn5Dj;8;1;0;3
"7+!;uK&=R*x~0Ev";15;1;1;5
nKc0S78vdt;10;1;0;3
D4X3qnxWs5;10;1;0;3
TzQ1QelELWo;11;1;0;3
fhB77shQ;8;1;0;3
]2)\l6$4bNct0_`;15;1;1;5
595vz3rY;8;1;0;3
tHt3nKbcRP;10;1;0;3
e1wJiFUW0A;10;1;0;3
"&*Pt3P""OU$$}?zn";15;1;1;5
sb52;4;0;0;1
hkvznsl5d;9;0;0;2
kDQqjLq2b7l,57~;15;1;1;5
ei5hfy;6;0;0;1
IBT3Ao7EzLU;11;1;0;3
ial3j0;6;0;0;1
:UTL~TdV!wd<YY;14;1;1;5
QApyNZTJQ0O;11;1;0;3
m1xe4su;7;0;0;1
a8gy;4;0;0;1
Bj4VE8k2;8;1;0;3
"Ld2|$M7];s\5\**K#%";18;1;1;5
l6241e4;7;0;0;1
fka7y;5;0;0;1
FH7q5Eqtz4;10;1;0;3
MxDucJNBM;9;1;0;3
S7TYdlbWS;9;1;0;3
A8RECgGnHe;10;1;0;3
2Dr1DG9C;8;1;0;3
"vzH)kp,wu%YT3;";14;1;1;5
hUGhWzxi4gS;11;1;0;3
Lvzla41tLZo;11;1;0;3
j2i8c3q;7;0;0;1
juYQ84f0;8;1;0;3
Y55ax9QBw;9;1;0;3
otGLaNrrqDi;11;1;0;3
menXo89oT}x1\*S()a;18;1;1;5
66ttm;5;0;0;1
{',HOkBnK6f/a>2b9g;18;1;1;5
"Ox""^U(h/upJ2e.>K.";17;1;1;5
NDi1TsJXcCB;11;1;0;3
PJEtWL91;8;1;0;3
U7XmSOQp2z;10;1;0;3
pMfAQ6RRpnJ;11;1;0;3
ZyqM6stM;8;1;0;3
YOJULxIF;8;1;0;3
NAzLQNEKWe;10;1;0;3
6YPPuLJ7o;9;1;0;3
OpxBRIb1mY;10;1;0;3
fQu0U4Ew}AdAGJq;15;1;1;5
"H[i%dplD;p""Y?";13;1;1;5
%BJ[/lN,'6m9dCQ;15;1;1;5
c1mt2;5;0;0;1
Yo5<p28+3i,&;12;1;1;5
^V'%kLAMa^2u=]6!;16;1;1;5
o4cqn3h;7;0;0;1
5MiquQN6q;9;1;0;3
Jkl9YIkHh;9;1;0;3
6}XO~'lzkfb*;12;1;1;5
"7)Lvs^V)5C=IV#;";15;1;1;5
tRjudhBvN;9;1;0;3
wtfUeJPq;8;1;0;3
"-vEh.:%""m$V[Q";13;1;1;5
"*yu]P""p.B6'C";12;1;1;5
lzfLYlg9o;9;1;0;3
rLJ6mEpcz9;10;1;0;3
"YPiNP!""wX=;`Ls";14;1;1;5
29zimVzE;8;1;0;3
kOLHUZjn3R;10;1;0;3
Im8dXR9FwRZ;11;1;0;3
IxN{SoZYOXanE;13;1;1;5
U9FyyRKU;8;1;0;3
:d$g[xdMXUU=I3:@;16;1;1;5
aXu4wyo1;8;1;0;3
YJF20B02;8;1;0;3
RROka0wQ6;9;1;0;3
Qo3PfVwSRT;10;1;0;3
nyty5g;6;0;0;1
:62(A9Wx36NS]jv;15;1;1;5
px3wDkAoK;9;1;0;3
is1lm;5;0;0;1
9hVLPwh7dN;10;1;0;3
eh5yhPTcc;9;1;0;3
qtnzbi;6;0;0;1
8NswPxtE1K;10;1;0;3
VuFjwouvitq;11;1;0;3
cvo^wUGWg42%;12;1;1;5
fnhuZOtf2i;10;1;0;3
vFLPq1RbQ;9;1;0;3
ZCQycPrvi5;10;1;0;3
Y8bjiJ5RUiS;11;1;0;3
'6D8x>hU\!=>N_=8w{;18;1;1;5
"DEy;;[F6Z8JE";12;1;1;5
JpOhPlTQmjQ;11;1;0;3
Hdyv|r09W:yiF;13;1;1;5
";Dz(3Q*2ON#a#}Xi+";17;1;1;5
"\U/t(nU2]5NN;n";14;1;1;5
yrtGeog1Dd;10;1;0;3
evZ/zSHQAA%R;12;1;1;5
"IS@iT@P]5bU@""+.+t.";18;1;1;5
pCfe6wfkBTx;11;1;0;3
pSLhyLT34dA;11;1;0;3
g0zyu99;7;0;0;1
CT9L1ZZO7fc;11;1;0;3
y2c2;4;0;0;1
"U[F;X@rVSf|trA*E{5";18;1;1;5
Tc3sJX3XV9;10;1;0;3
7pEf5OOtAEh;11;1;0;3
j57o;4;0;0;1
80(]8!?:pq~o|2PPcL;18;1;1;5
"H""E#%pCP#Hy4R`Lr";16;1;1;5
qmc0;4;0;0;1
goCOhkQw;8;1;0;3
ekga8;5;0;0;1
KCTFGdJI;8;1;0;3
HLiojJJi;8;1;0;3
kmc385;6;0;0;1
c4trib;6;0;0;1
5v69gpQ0;8;1;0;3
xnw5jUzz;8;1;0;3
sDVgD1VLs0;10;1;0;3
d4t5tq;6;0;0;1
s5PYPNNxaqh;11;1;0;3
GyoJDXkOV;9;1;0;3
bKAcNWT4Co;10;1;0;3
rU1UVjc61Y;10;1;0;3
wu8TfyPEn;9;1;0;3
qrV2Fd7h;8;1;0;3
"Hi[Hz<km:;M41[a";15;1;1;5
eVULmZazC;9;1;0;3
aoo22b;6;0;0;1
uBNSvWdJ;8;1;0;3
U2b&yaP>v]j{ib;14;1;1;5
6RXYfvQEs;9;1;0;3
myYXLOu7Aj;10;1;0;3
I64fT1k5y1;10;1;0;3
p9mbl;5;0;0;1
ybf54;5;0;0;1
pwTpR=6X:+d:A@$;15;1;1;5
Fyc4LvsfMP;10;1;0;3
kqLB1bWi;8;1;0;3
g7wdibq;7;0;0;1
9o2,?gZ`uvK&gssW;16;1;1;5
7awWv5RCII;10;1;0;3
zkzxlv;6;0;0;1
"Qjvqr;YWdSG]Jm";14;1;1;5
eg3fy;5;0;0;1
CxSsZx8bvg;10;1;0;3
dKCPVOaLOv;10;1;0;3
iynqg;5;0;0;1
Yj0NxGSUQ;9;1;0;3
SdC:*o%bc.(XDm;14;1;1;5
XTx1vAbvD;9;1;0;3
"6""X;7-'cCq2X>(r";15;1;1;5
pjum;4;0;0;1
fvzz;4;0;0;1
6ypc;4;0;0;1
ulixzwm;7;0;0;1
fbGS3WExlG;10;1;0;3
BnWMtd\RdKUI@X1)q_;18;1;1;5
densKuSS;8;1;0;3
";ek$Wq+$^tYjZY9Q";16;1;1;5
Funqm0^iJW$u,\!v[;17;1;1;5
";l4|9Ve9|{H-Tw.EP#";18;1;1;5
zfnt9x;6;0;0;1
HTeHkDmoaI;10;1;0;3
jwdgf;5;0;0;1
18jpu;5;0;0;1
d8tzj;5;0;0;1
ppgkc0t;7;0;0;1
zplcx;5;0;0;1
jb0wxat;7;0;0;1
^i=U%yH^&EZ5aGOA|;17;1;1;5
}E{b1bU]Q4Xn8oMX;16;1;1;5
2s2NOJsd1kM;11;1;0;3
JFNg72on9;9;1;0;3
l2AGGLu8;8;1;0;3
iwai;4;0;0;1
Z7Jqryss;8;1;0;3
gf2ft04;7;0;0;1
"""JSzg/13Dd8[PvP";15;1;1;5
-NKHEOon@ANLk+/<``;18;1;1;5
"o=d%jy5!9'|:=J;M";16;1;1;5
yUCxUEk2;8;1;0;3
c|kvv|'m^=6v5z5W>u;18;1;1;5
"K%*?vB(\)p+M;VL";15;1;1;5
"0Nf;&,TI5g7F0:iTf";17;1;1;5
OogGLnAlof;10;1;0;3
42qqyd;6;0;0;1
V5ObpVTycz;10;1;0;3
LniSoiw2j;9;1;0;3
CC<~1Q6ph1AeU;13;1;1;5
umj92cb;7;0;0;1
bd7j04d;7;0;0;1
Z7elBb9i8j;10;1;0;3
VgDEHR9H;8;1;0;3
uJguKXq4DUG;11;1;0;3
J)yAm`ZJ]v%hLc+;15;1;1;5
"%@q\?NAV*z;t)ac";15;1;1;5
FyuMUqZMP;9;1;0;3
mssvdk;6;0;0;1
DeYSQFHEMs;10;1;0;3
ISOpON(Jhi+hZ;13;1;1;5
'+IFuwBPS)S/h;13;1;1;5
JDXfwtVi;8;1;0;3
a8ji;4;0;0;1
5lbPDj7woS;10;1;0;3
MeU97j6E;8;1;0;3
95id386;7;0;0;1
NNNnqbEn5U;10;1;0;3
u/VSzO8/?MvniO[wj;17;1;1;5
cHKnmtIT1;9;1;0;3
iUJJSxtu6Mv;11;1;0;3
mbq8;4;0;0;1
k0ds^)U~xVfQ,`nI&%;18;1;1;5
kcPrIq7Ep;9;1;0;3
fc3Lt9tql;9;1;0;3
cj324;5;0;0;1
QgcNjiIbJ;9;1;0;3
n51t;4;0;0;1
ras2am;6;0;0;1
pDza{?=hlL@&u6,;15;1;1;5
"WR7._N5{E|B;";12;1;1;5
32wl;4;0;0;1
KTRoqXiqcu;10;1;0;3
ryb611k3i;9;0;0;2
Yr5F@&BGo16(&a;14;1;1;5
gvvVcvIEPPC;11;1;0;3
a~=U,m[^_R!r%i;14;1;1;5
XU66DWJ448;10;1;0;3
w,fq<2}:=(V39L^ep;17;1;1;5
d66zur;6;0;0;1
QAwLRnIY;8;1;0;3
QKFZCGLYlF;10;1;0;3
Uy1jV5Vw;8;1;0;3
".0:RTj""f1buIhvvLNO";18;1;1;5
JgxTT8RDpQ;10;1;0;3
hbitkx;6;0;0;1
rjIibaxxnP;10;1;0;3
nKNcMe2TO6;10;1;0;3
hAKz7OAmW2H;11;1;0;3
XpKlWT1SBsR;11;1;0;3
mmzm5k;6;0;0;1
mPwOc6QIL7a;11;1;0;3
lbhz;4;0;0;1
i2os47j;7;0;0;1
qr8PZKk5;8;1;0;3
1TbqV4Nq;8;1;0;3
nvGHV7gVf;9;1;0;3
6epp5rw;7;0;0;1
Hv^\[xxnQE-/@;13;1;1;5
RiJmWytZ;8;1;0;3
DBeZdW8D7v6;11;1;0;3
OzYEAjE6z3;10;1;0;3
6oCciFByGuA;11;1;0;3
~aqMJTiT\]TZ9C!1(\;18;1;1;5
ISAkhnPm;8;1;0;3
lslyd3;6;0;0;1
775g9p;6;0;0;1
z5bypqy;7;0;0;1
8wIjs02nOgS;11;1;0;3
uO4LMXyOCo;10;1;0;3
gg1OL8aJo;9;1;0;3
evpttu;6;0;0;1
f3EnSXXUNK;10;1;0;3
eM7LlWIKT;9;1;0;3
rLX9dzwQ5o;10;1;0;3
"U=8J=$K\UJ""r.9;\<";17;1;1;5
"IkXu2<""1=8EK";12;1;1;5
Yt22Tsjr;8;1;0;3
GyoJ7CSCQY;10;1;0;3
0;18;1;1;5
IOcqme5xsUt;11;1;0;3
fkj83;5;0;0;1
z6tes;5;0;0;1
|&95i1pe=|&%z;13;0;1;4
MGWmXH22Z;9;1;0;3
"ImjSPA;q^({k~!FV/";17;1;1;5
K|4rp%}0ds4S*2U.;16;1;1;5
9saho46;7;0;0;1
eYc9ig23e;9;1;0;3
dw0l;4;0;0;1
~KZRV\!=Y*m*]?2r=v;18;1;1;5
lk246;5;0;0;1
k8njGnmE;8;1;0;3
X]*Hu|t,>4UO\y5RY;17;1;1;5
2ufxgtmGo;9;1;0;3
dp1h;4;0;0;1
aJO/sMWG$Aj5!V[$};17;1;1;5
xf/O3uqpyI!)_;13;1;1;5
9B9qfnPn;8;1;0;3
VkRqHR7U5if;11;1;0;3
b2tgz;5;0;0;1
ivdopj9;7;0;0;1
xMoF9iBz;8;1;0;3
As=(jvLS_GaP5qUs;16;1;1;5
pJjz39WGV;9;1;0;3
il2zFP0fD;9;1;0;3
jW]G.$ZjC>J>;12;1;1;5
aUFkWM7uOt;10;1;0;3
N][^0Zho]cvrCP2;15;1;1;5
8otDCbCA;8;1;0;3
gh8q;4;0;0;1
v1}]sYeUuo]E;12;1;1;5
wff6;4;0;0;1
"cX`*8FE%""iIJ";12;1;1;5
yzZWklFv;8;1;0;3
-PWg}$<D$?If1#&l;16;1;1;5
GaIgBVXXLT;10;1;0;3
3x7MIDqdu;9;1;0;3
z4ayvhdib;9;0;0;2
n104m;5;0;0;1
xpr7b4v;7;0;0;1
ThdVK6ZLy17;11;1;0;3
":ta2k7d+'fkK'1;w";16;1;1;5
"$d""Z""[pxRRN/WH/^";16;1;1;5
4838wJfJ;8;1;0;3
joR@rqQjUw>6?;13;1;1;5
tFZtdnbTSH;10;1;0;3
GtVSIQ4p;8;1;0;3
"(&~\U!M'""Jcy@";13;1;1;5
&Bk>r0&MA[nnn;13;1;1;5
".zy_a""*h*<&6<!y";15;0;1;4
qjA,!?3+&7\%o;13;1;1;5
3klxs3;6;0;0;1
AG0MqYDI7;9;1;0;3
O(gD*E-*.Br]I;13;1;1;5
hezrba;6;0;0;1
KwfjOEnR;8;1;0;3
"1&5;,x@NSRmDE~2]@";17;1;1;5
2hl0;4;0;0;1
u1xq8;5;0;0;1
F6z{/lsIbmca,);14;1;1;5
Dp3vB2FT;8;1;0;3
:\(a@{`K>,lNjXSzS;17;1;1;5
8odwd3;6;0;0;1
4x3CLgU9D88;11;1;0;3
k7ik;4;0;0;1
y4n5ziq;7;0;0;1
ecS598ThK;9;1;0;3
axeQWeVn;8;1;0;3
W93t71N0qe;10;1;0;3
CdOJA8mDzpH;11;1;0;3
ioTc4MRsy;9;1;0;3
0gJKm#D{daa6@!;14;1;1;5
btr7kx;6;0;0;1
a5ch7;5;0;0;1
ocik9x;6;0;0;1
gz5pd;5;0;0;1
E`L{(@w|ODUqa;13;1;1;5
L8e3#DtWP9P9iW;14;1;1;5
ZZkCg2ISK4W;11;1;0;3
jkTI9kJDS;9;1;0;3
w971XDxxuIx;11;1;0;3
4cQG2tw0;8;1;0;3
"EzoedWA=""V'(FA+!8";17;1;1;5
B4F1T9zj;8;1;0;3
l9i41;5;0;0;1
8l0gcu;6;0;0;1
cDzRiuSq;8;1;0;3
wCXb25nZjs;10;1;0;3
9yMOBEHHlqu;11;1;0;3
{D3|ApmR@bOUmNJi;16;1;1;5
5nVkxuJifmF;11;1;0;3
rmf9m5;6;0;0;1
i2rqfg;6;0;0;1
qfzm;4;0;0;1
1]vfh6T\1!Z<Nh#l[l;18;1;1;5
"\.U}a_-Yh""gA\p";14;1;1;5
1n7a7;5;0;0;1
G3k0ulkF;8;1;0;3
d8j9HnG7csR;11;1;0;3
jaamhm;6;0;0;1
0;13;1;1;5
JpJ}OmX%X~Q'G[oz{;17;1;1;5
bwebxd;6;0;0;1
0SrTVysj;8;1;0;3
"xy*$u;BPPf5)P";13;1;1;5
618v7;5;0;0;1
pm20zr6;7;0;0;1
tyti;4;0;0;1
"p;A(g6i3GNZG<RwQ";16;1;1;5
uhz94r4;7;0;0;1
NA75v@*ySr}1^s|~h;17;1;1;5
3ik9fg;6;0;0;1
acbyo;5;0;0;1
+?g#2q[#$yxK:W8PZ;17;1;1;5
fRQ3cfrtJ7;10;1;0;3
pzjvA460XNv;11;1;0;3
HBcmqsT21C;10;1;0;3
vg2zzq;6;0;0;1
"dakr*K!+o7""cr+P5";16;1;1;5
3suoDZY0cNy;11;1;0;3
3cml;4;0;0;1
Owi5Eh9qM;9;1;0;3
NIPWOzM6\e}:+ggI;16;1;1;5
ufnxxg;6;0;0;1
e44j2i;6;0;0;1
y3syqe;6;0;0;1
QV^1uP1Y:Ih%egQVzc;18;1;1;5
dm1hkh;6;0;0;1
rgku;4;0;0;1
vumkfUbI;8;1;0;3
"'L55HoesFqC^Tb;m+I";18;1;1;5
"mtEk_d~|,3*peLD4;B";18;1;1;5
bavH1WXbgT0;11;1;0;3
)sGqH.NF46Nm;12;1;1;5
"w\mJ2THVwoo""G";13;1;1;5
a126hHIPyik;11;1;0;3
AW5Acc%v@6X-u^kGg;17;1;1;5
"bp!mJe""|MTJRnUV=";16;1;1;5
7zrz;4;0;0;1
dVUOl5Tamo;10;1;0;3
SDp'aVowzn5=;12;1;1;5
myK``34:usNLFafMW;17;1;1;5
3ghgc92;7;0;0;1
kkbI80FbEq;10;1;0;3
crkln8;6;0;0;1
CmQOTBNSZV2;11;1;0;3
rm9CQtRhyU;10;1;0;3
m5rl;4;0;0;1
7tym;4;0;0;1
ifijooe;7;0;0;1
QxBFiEtgLt;10;1;0;3
znhspjw;7;0;0;1
umY7TyBWx;9;1;0;3
0tetflf;7;0;0;1
0;16;1;1;5
jniar;5;0;0;1
EO1CI7nfDL;10;1;0;3
3rk6;4;0;0;1
b8SF@{<h7V^jB;13;1;1;5
xnms;4;0;0;1
q8fzwYi1;8;1;0;3
kmcw;4;0;0;1
"""bo{CGB5WW%eA";13;1;1;5
:FY1Y(YjEI|NB/A;15;1;1;5
Muehra~2kk9ug;13;1;1;5
1weJPh0T;8;1;0;3
"f?v^bA_g""vPIXI3";15;1;1;5
dz5skw;6;0;0;1
B4VpZJLfSsZ;11;1;0;3
"lc<<Zwb;%^}l9#+_/";17;1;1;5
.j?hO1f+@uG*lX`+;16;1;1;5
dhFwvFNJN7;10;1;0;3
\ZwkV2t8\o/,1v;14;1;1;5
TOSIDkOCUu;10;1;0;3
0ZLIkSUM;8;1;0;3
cs2qycc;7;0;0;1
2xZjnc3wiD;10;1;0;3
ED/),nr\j,e+?9D;15;1;1;5
Q9HpFNq0ow;10;1;0;3
1nDrW1G8sq;10;1;0;3
TuRnFJ%H_?<*;12;1;1;5
+[dS:\gEJ,_<fz;14;1;1;5
F9YiF6r2D;9;1;0;3
MQBPt0Ir2;9;1;0;3
wmniy;5;0;0;1
a55z18o;7;0;0;1
XAelJKduKRd;11;1;0;3
b0om;4;0;0;1
0TiEqxAJv;9;1;0;3
9uo2k;5;0;0;1
G1GwC8RKm;9;1;0;3
pn9D5rrcJV;10;1;0;3
R/w9~S8xZs@NKkxk{';18;1;1;5
IgxPl0anUs;10;1;0;3
z_Rs$w)LFAF+^|;14;1;1;5
{MZKnkk!H)m0o.&`;16;1;1;5
#FRah+DbAiHzfHP]R;17;1;1;5
mZChyrxY;8;1;0;3
b3kkohy;7;0;0;1
t32zsn;6;0;0;1
54eo;4;0;0;1
U31MN.}x445c,S=`}};18;1;1;5
"h(}jHjRO;Y'sl5";14;1;1;5
"_|*=3r;5$p;i-Lf";15;1;1;5
odcsv9EdKgw;11;1;0;3
T2vJGSzcJ;9;1;0;3
wukr2;5;0;0;1
f7aSPbSR;8;1;0;3
m0r4kzt;7;0;0;1
M4A)(f-B+2NTuhNMF;17;1;1;5
yn5r;4;0;0;1
jjhZtsywXg;10;1;0;3
3PG4cTMSI;9;1;0;3
yILd6EQr6;9;1;0;3
6NtFycEg3;9;1;0;3
hrCqM9C4E5X;11;1;0;3
FnuoYICf8l;10;1;0;3
rJL(|GRS&+1x|XUAh;17;1;1;5
73ZmBVEEdJ;10;1;0;3
fp5by;5;0;0;1
)(~I\D1BQ\%CTq|i;16;1;1;5
1t5r;4;0;0;1
NEzr6135e1;10;1;0;3
gAeR2IrF9q;10;1;0;3
Gj14ou1xi;9;1;0;3
nFrX9YmxduJ;11;1;0;3
2st0;4;0;0;1
7qs9fea;7;0;0;1
K]Od`r6jT&30.9;14;1;1;5
iPyzpByS5R;10;1;0;3
Iwhfu9e0q;9;1;0;3
XTdCQg80LG3;11;1;0;3
5zlaa3;6;0;0;1
2mWH7OSyj;9;1;0;3
atw8it2;7;0;0;1
"[-ZW]GursCD"".";13;1;1;5
o>p/p<Ys3KOqFl#{R;17;1;1;5
45p8LM9QSx7;11;1;0;3
uruvKpOTi6m;11;1;0;3
nBoyutVX;8;1;0;3
h&[Pa8pV],5I4Ijq;16;1;1;5
"l|::A;47$q6L}BifX";17;1;1;5
p0m4vbn;7;0;0;1
"u}}bK/?L`]`;hC>";15;1;1;5
j6.Ss(lb@_(MV;13;1;1;5
9jjdal;6;0;0;1
6PMIgtkn;8;1;0;3
x2hx49By1;9;1;0;3
510wb;5;0;0;1
GCmwiTcR1s;10;1;0;3
MSvV80dLi;9;1;0;3
|gz~BtEWZ+C*oj{k;16;1;1;5
1XMb1np2$KOMX;13;1;1;5
xQbe5MJthe;10;1;0;3
V#%Nzk~{b^^x;12;1;1;5
e0x9xgx;7;0;0;1
t7w3;4;0;0;1
2EZVcGuzV;9;1;0;3
WlbkVMw5CS;10;1;0;3
11tdoaZQkC;10;1;0;3
#5-%&^TTBwi!_gS\;16;1;1;5
mz43;4;0;0;1
&5f!p1\Z^PfdqickZ&;18;1;1;5
ETPYXgEP;8;1;0;3
7py4Jyi0;8;1;0;3
tXE6252N;8;1;0;3
"<""RoH]5b*z}S%*";14;1;1;5
bLAXuFuEOBa;11;1;0;3
";537u-,[xZ%!$I;a";16;1;1;5
"eL;16>4$JrUX";12;1;1;5
3O5UaBeF;8;1;0;3
6ksuvfqS9;9;1;0;3
6xccock;7;0;0;1
azqjc2;6;0;0;1
NUw8SNEc0s;10;1;0;3
730yb;5;0;0;1
zpjk8;5;0;0;1
\0$7G43xafSn@,b;15;1;1;5
Czlm9M85;8;1;0;3
czyni2j;7;0;0;1
6b1g;4;0;0;1
05JPl2g5S;9;1;0;3
To~YLxda9/k$W!c;15;1;1;5
FKlg5xbIk0;10;1;0;3
AqeO3eyjkc;10;1;0;3
\k\G81q8'z/M8C;14;1;1;5
aaxf54;6;0;0;1
1d8i;4;0;0;1
k21tbbe;7;0;0;1
[AR]W`<cNku}:;13;1;1;5
&](jI!(y&/kD;12;1;1;5
kzvZm/yfEyr\=N!Uv;17;1;1;5
daNOUh0u;8;1;0;3
k7yWw5QgnU3,ik8C;16;1;1;5
"6,SZ!|[.MjE;eRC>";16;1;1;5
"7@""-Vq0]a}B#2fBD,";17;1;1;5
KcWUfNTzWTc;11;1;0;3
LBuENqGnT;9;1;0;3
bO7bxnl8Rv8;11;1;0;3
a5a4;4;0;0;1
I157xjFpXML;11;1;0;3
vk64lhi;7;0;0;1
<Y#YtpZG%MOKT;13;1;1;5
"'H1-u?d[Y1~8;Y$";15;1;1;5
~NpN+2'g\kQ[b);14;1;1;5
#8tJ.$[D~//NV;13;1;1;5
kmttu;5;0;0;1
fecyra;6;0;0;1
wtjTwWBF;8;1;0;3
A+P@8U1%usOs\S(;15;1;1;5
6ch3es9;7;0;0;1
qzdyfee;7;0;0;1
5ow2q4;6;0;0;1
0Tme3rkhm3;10;1;0;3
oo8p;4;0;0;1
Y0Qzb3g5Ega;11;1;0;3
CaqPFrf=u4<DeeMH;16;1;1;5
&HG|fv:!>3Bg(tO>;16;1;1;5
wkoVqVIJ;8;1;0;3
"93Gw<:"">0+Ro<v)RE*";18;1;1;5
03he;4;0;0;1
c5F|!e\8N|W(UJ;14;1;1;5
FJp1w5cb6;9;1;0;3
zvm9o;5;0;0;1
"h;`t!04Y3z0aR4%J";16;1;1;5
wlxgda;6;0;0;1
Q9d6S0QYeH;10;1;0;3
?F?RjBlyCgdUC~@DgA;18;1;1;5
jUH|uq>%9!z9/iR,P;17;1;1;5
qfU+S$zmxt5l*;13;1;1;5
idZ0vTu1;8;1;0;3
vw9qz6F5u;9;1;0;3
kbzj7d8;7;0;0;1
QdS24W6Qx;9;1;0;3
v7bbj7z;7;0;0;1
s6cu6HpkmY;10;1;0;3
"}>Uw8%/q-y'\%&;";15;1;1;5
iKSX6$Yl$N3mg}1;15;1;1;5
41rupavSDv;10;1;0;3
_{FJbqMklH&oWKEDU;17;1;1;5
ezWMr9v8;8;1;0;3
tzs3bq;6;0;0;1
CQnqlU3F0D4;11;1;0;3
AkP2aR'@7wIO{YI!;16;1;1;5
2b9yRji8;8;1;0;3
kYwA924C;8;1;0;3
gorgn;5;0;0;1
L6f97RDuM;9;1;0;3
iajj327;7;0;0;1
L:euS~TUxozoyT6;15;1;1;5
o2rg2;5;0;0;1
xj77xza;7;0;0;1
"[/]4cdYB`""B#;";13;1;1;5
T`ic]$m\&6FFH;13;1;1;5
spDLB9nnz;9;1;0;3
Hv.d-c{.2R0m11INCg;18;1;1;5
zg697z;6;0;0;1
)!Q!wu{JfR4cs@3fw;17;1;1;5
7odvt0r;7;0;0;1
c9ICRhb9oj;10;1;0;3
"@1?!a"":.ok\`@%";14;0;1;4
5HaraYlp;8;1;0;3
uso340;6;0;0;1
"@2T9(Q~hva;a6OZIk";17;1;1;5
n99i;4;0;0;1
lEObmP1wdvk;11;1;0;3
Fa)0NPs7$atM~eR';16;1;1;5
"0_HP1|R)GRKbnv[;=n";18;1;1;5
"S;Sn[je3*LePVGTY$Z";18;1;1;5
6uzV44VFVe;10;1;0;3
EGbJGGTBSfg;11;1;0;3
HKqgGRcci2q;11;1;0;3
tF9NSSzc3;9;1;0;3
Bmsb01oU;8;1;0;3
K0iC6WUTRk;10;1;0;3
rdG2cBmjzh;10;1;0;3
ucxtgng;7;0;0;1
"c""ElRvJ'BA@C";12;1;1;5
bZk5jkpEA;9;1;0;3
+jRL[7eT>AD:.KDQj;17;1;1;5
NHG7y07iu;9;1;0;3
t9ghfy;6;0;0;1
R1awkEVy;8;1;0;3
cMQsZaofoj;10;1;0;3
wytEuhR3zwI;11;1;0;3
slrswt;6;0;0;1
71x0we9;7;0;0;1
jQvnN2PRZv9;11;1;0;3
w5a4krg;7;0;0;1
3kx9t;5;0;0;1
S#@X:F>04`-yzmjb;16;1;1;5
NmAIjt3avXY;11;1;0;3
wi3JWKgi;8;1;0;3
FeukXm1p;8;1;0;3
WQCPUS5B9OO;11;1;0;3
bt6a503CUI3;11;1;0;3
f1B,$T4*t'E_;12;1;1;5
"UTIy#~xACo<;";12;1;1;5
fU:BYwqXj+7Z3EEN;16;1;1;5
ansJO5MW;8;1;0;3
aAa2cuhMd;9;1;0;3
spUq5FLp5mO;11;1;0;3
5(:MB,.#l^&U?4w8];17;1;1;5
"<]E1VTmV[vx9&WQfj""";18;1;1;5
BQy1B4A85C;10;1;0;3
RBTR7g9Z2;9;1;0;3
RNCkEoRT;8;1;0;3
l5xxwwn;7;0;0;1
rspl8;5;0;0;1
uwzaf;5;0;0;1
VVTzeBOcx;9;1;0;3
gFy,GUeZPTg>K4u%;16;1;1;5
giBJwsAdgdt;11;1;0;3
z45f9;5;0;0;1
G8xgiERI;8;1;0;3
hrDNtq2q;8;1;0;3
ca5JUBNL;8;1;0;3
)]O$su)>^=tW9#3B;16;1;1;5
HBCZVGbj7R;10;1;0;3
W$,M]?DqWh9J!;13;1;1;5
HeHMeYFAIO;10;1;0;3
CvfTNo}SW43PC;13;1;1;5
ielyh;5;0;0;1
af60D1e1;8;1;0;3
n24u;4;0;0;1
xeLrJXK3}>'e{_;14;1;1;5
16E?ys22{RR^npf,;16;1;1;5
o9gtz;5;0;0;1
09VdPAKe;8;1;0;3
Y8yLglPE;8;1;0;3
I8C5FS1h;8;1;0;3
"`3(I)86<YP;n";12;1;1;5
QvxnGzYBS9F;11;1;0;3
hLY7KN7Jpx;10;1;0;3
1lijm6Eu1Q;10;1;0;3
XV4tOjjVos;10;1;0;3
AQGxgNYSS7;10;1;0;3
e42z5gjPfR;10;1;0;3
E<XzT4:SY5!7z};14;1;1;5
<,[:lU=x@MxIO5L<+|;18;1;1;5
xq436;5;0;0;1
b7VBiA6s;8;1;0;3
lpybx6;6;0;0;1
Z81Zo07X;8;1;0;3
ayk64om;7;0;0;1
VUDbQhx53O;10;1;0;3
Y4ajHCPUmXd;11;1;0;3
F>!&FqY#zIghC2Z/Ax;18;1;1;5
cjo82;5;0;0;1
p8xP8kOI;8;1;0;3
y|u-|sTSxD<ELK;14;1;1;5
drhyL7zPAzn;11;1;0;3
2y2hvq;6;0;0;1
m20f6zk;7;0;0;1
Ud6JI3cN;8;1;0;3
w1yN_k[~,9,_Q<O|;16;1;1;5
YLifsCVP5CL;11;1;0;3
tk00d;5;0;0;1
mv3VwMVpzr;10;1;0;3
24z2y1;6;0;0;1
"&LDA[NAs_\;06?`";15;1;1;5
714p7h;6;0;0;1
"us85>%)g@^B`~""+";15;1;1;5
idgy096;7;0;0;1
^ks(rfH`!}Tb;12;1;1;5
esDNG5d7;8;1;0;3
raa-m%$MY&d8;12;1;1;5
}.<V|nAEc[F<\xG=V;17;1;1;5
uXjmlHPEW;9;1;0;3
gynDIYPXWXl;11;1;0;3
DxilAbcUx5l;11;1;0;3
rQ!MJN'<_LN%nq;14;1;1;5
6D2mYxPkR;9;1;0;3
FNlCrKnSB;9;1;0;3
q2:H4Z{w!I238>k;15;1;1;5
hog300g;7;0;0;1
6v4c;4;0;0;1
a50l9jr;7;0;0;1
kEGWjiyI8;9;1;0;3
o20m;4;0;0;1
ILBaVxu7cn;10;1;0;3
cpwq7HpnP;9;1;0;3
/P?mHtZANv#s;12;1;1;5
3wq35b;6;0;0;1
wnJiYo27;8;1;0;3
XCQZj3xxKLl;11;1;0;3
xC&Z~{3Rw84@D;13;1;1;5
v4EEGW3TMF;10;1;0;3
tq37rmTHw;9;1;0;3
ls522q;6;0;0;1
87jhk;5;0;0;1
`+!SUbd\A<tp;12;1;1;5
wn541x;6;0;0;1
lcv3qgu;7;0;0;1
33f9n;5;0;0;1
6f4t0;5;0;0;1
"V:8I7*5.""<Z?";12;1;1;5
vJ+^qFb8HOZh4cz;15;1;1;5
PMGaH1vZ;8;1;0;3
YAuZUH3Lxbq;11;1;0;3
hG5sJ3m0UY;10;1;0;3
SllTKWzmdi;10;1;0;3
93cw;4;0;0;1
0UN0CsadPLg;11;1;0;3
62LpeGmFJ2;10;1;0;3
qqv6jy4UugV;11;1;0;3
p19z8m;6;0;0;1
}Fb&uqYPl71!d)c;15;1;1;5
>l@)<r2F36bAIDl;15;1;1;5
xLzfwpef9Z;10;1;0;3
Z^erPIIf]T)ao;13;1;1;5
MCFBgVGJ;8;1;0;3
(_!k9enW#/<q8X;14;1;1;5
$F\%ytsd,02}';13;1;1;5
NZ9pfV9H;8;1;0;3
6txij;5;0;0;1
TExZBVrnNA8;11;1;0;3
n6h0;4;0;0;1
eao7;4;0;0;1
qw73y9;6;0;0;1
mx5qi02;7;0;0;1
pbTNBnsE1SM;11;1;0;3
x1rO9G5w;8;1;0;3
p2wz6;5;0;0;1
qFJjTu4mWV;10;1;0;3
CE9>%!]zu0>'_ny(};17;1;1;5
6eJMGcc0mso;11;1;0;3
jjsXqihB;8;1;0;3
"L/4h"",Hq9c47";12;1;1;5
ohpk16b;7;0;0;1
wp6OXFKR9CD;11;1;0;3
UUgXqehH;8;1;0;3
#_/ur7O/X5(T38;14;1;1;5
+=RHh2hH{^EwET,t;16;1;1;5
lgi5m;5;0;0;1
qyn3;4;0;0;1
k5@zS)jvrXIeTYv;15;1;1;5
tpoccc;6;0;0;1
uwx1j3;6;0;0;1
ia2duhs;7;0;0;1
6AlmLd79P;9;1;0;3
aLRrI75Nh4z;11;1;0;3
92dw;4;0;0;1
kM5Skq7FJ;9;1;0;3
44wxfi;6;0;0;1
byAUzrjP;8;1;0;3
52uf;4;0;0;1
afxnwt;6;0;0;1
DKY0LFmZzKK;11;1;0;3
"WQU|R""}QNSYx1I";14;1;1;5
3a6w;4;0;0;1
76em;4;0;0;1
"oC?*^BR""LN\UNc!b";16;1;1;5
i8opj;5;0;0;1
HAUEMKpDg;9;1;0;3
ytGN4I16;8;1;0;3
3sgg;4;0;0;1
"e*7N$N:!(=\4MgQ%;";17;1;1;5
0uTstJp84;9;1;0;3
o5kp6;5;0;0;1
e-W%>nJFdQ@:IzM;15;1;1;5
ykx-1ZfOxdGK$ro;15;1;1;5
9_Oek#6@@?99;12;1;1;5
zkl-q_A<},!<;12;1;1;5
LMIkutex;8;1;0;3
48alga;6;0;0;1
kiqv;4;0;0;1
8Zdw5Neg2;9;1;0;3
H%S}3C}W)BlO[|l];16;1;1;5
i9ny;4;0;0;1
"rvl;IL-:G=N&";12;1;1;5
n8d96ur;7;0;0;1
e[<r*3i<yb(s);13;0;1;4
nn:+-Ls,yIm%1Ht;15;1;1;5
iNydtNjTJH;10;1;0;3
lrk8auv;7;0;0;1
v1H0JWHL;8;1;0;3
Xq9T2jUCs;9;1;0;3
k21w3;5;0;0;1
whjh;4;0;0;1
baTHkMz1g;9;1;0;3
tyryac1;7;0;0;1
Dv<P`,F$<9\B'IXJ;16;1;1;5
oGZU{?gJ[p/mz{x1;16;1;1;5
OSi7O8G2Wg5;11;1;0;3
kjverb;6;0;0;1
otx33yk;7;0;0;1
1p6tkps;7;0;0;1
snScJlxvWH;10;1;0;3
[oPX9Hh}8StZe=9;15;1;1;5
s55rik90VY;10;1;0;3
0in7fv;6;0;0;1
"U;6z?5Q#7l5owGn#";16;1;1;5
"N>vk)A,r.;vz#s;";15;1;1;5
JNEkyWyrU;9;1;0;3
Mv-(QGsJdxK\Lnoj;16;1;1;5
000dk4e;7;0;0;1
lXkEowA6;8;1;0;3
jbOmfBpdPs;10;1;0;3
VKl\R#`{&8(UDp;14;1;1;5
xj5HnNX9;8;1;0;3
2uelukm;7;0;0;1
"2mm9S""W87hwGE:";14;1;1;5
7hqAwbeSxQ6;11;1;0;3
pgct;4;0;0;1
eicf9;5;0;0;1
NF4G5qNi2;9;1;0;3
cSRcploY;8;1;0;3
7XNLNy6An5;10;1;0;3
mQVshJBTFfe;11;1;0;3
0tw15;5;0;0;1
9igxwg;6;0;0;1
TQ41ny4pG;9;1;0;3
czei;4;0;0;1
v7cx6lq;7;0;0;1
DsMsh0bX1Fh;11;1;0;3
OPhcveDB;8;1;0;3
>\F:PCxE$'U*,;13;1;1;5
"{Isoa*Mq44q;m{H";15;1;1;5
rtwu;4;0;0;1
tsxIgbtx5y;10;1;0;3
:@.9m.|~G#feKf&;15;1;1;5
9YQMQ54zNGF;11;1;0;3
mq0HNl)u@V'C;12;1;1;5
pwqNZztiV;9;1;0;3
nwa79er;7;0;0;1
2zt368z;7;0;0;1
4zah4m;6;0;0;1
y9cWzBVt;8;1;0;3
fIb1J10K;8;1;0;3
HWA6Za0bKv;10;1;0;3
8a4j;4;0;0;1
80dt;4;0;0;1
AG7jvY0RfM8;11;1;0;3
"[9%FW""zhqxjnnjP3K";17;1;1;5
l3l4;4;0;0;1
_r-L&fkGul4wq;13;1;1;5
gtc70;5;0;0;1
1A1yrXsN;8;1;0;3
3kqj;4;0;0;1
98ise;5;0;0;1
)@*^7MI_ObF?SO__h9;18;1;1;5
"AU=ji;'u*,+9+";13;1;1;5
ghlv;4;0;0;1
"""1U]U3@Z{""iDe[Q";15;1;1;5
o0I3ORAW;8;1;0;3
xKV7<QpRAn+<R;13;1;1;5
mLOTBLsI;8;1;0;3
Bu/W\Y'?dm\)'v,j+;17;1;1;5
gjbud;5;0;0;1
go62u5j;7;0;0;1
WXMDUA5L;8;1;0;3
K3LnWP0OZQs;11;1;0;3
9xTtx+A{S2*{9n!+;16;1;1;5
AbqR<NH{kQB\|A_c;16;1;1;5
,noH`>&xu:5O`]e;15;1;1;5
"{=v.qv~H{?C""";12;1;1;5
7mg6Yp2N;8;1;0;3
xx$19JMe-ZbVzT;14;1;1;5
x,yZrfduven_!;13;1;1;5
3PLyTn7IpiiV;12;1;0;4
pe4h95;6;0;0;1
ycbs;4;0;0;1
thOZM2e4q;9;1;0;3
nazqv;5;0;0;1
Yfch0K6G;8;1;0;3
MrliyDO0w;9;1;0;3
2tlz;4;0;0;1
5HETXWJgD3;10;1;0;3
"3*Hk0h'nMPVlb"".62O";18;1;1;5
c1e5k24cF;9;1;0;3
xTc80iic7j;10;1;0;3
dRLtXlIHT;9;1;0;3
79g7t;5;0;0;1
rvLmcuyO2Fk;11;1;0;3
JwdtjHpi0L;10;1;0;3
vkgoks;6;0;0;1
doq9ok;6;0;0;1
VpxdcM5w;8;1;0;3
wsxr1xRwB;9;1;0;3
D8s6O2Agp;9;1;0;3
ya9oL98ZBV;10;1;0;3
s6og57;6;0;0;1
d5JDL7vBz;9;1;0;3
ke@P8~x0L{L5.H;14;1;1;5
b4o2632;7;0;0;1
9GLbmrJw;8;1;0;3
Qoup8Sv8;8;1;0;3
II@30bUZ8G~d)6e;15;1;1;5
"<=[3rnkz4lZD7j%8J;";18;1;1;5
{p^UDHeWMi@g&xpJN;17;1;1;5
y8xm3;5;0;0;1
hsn0t48;7;0;0;1
695dDWEx9;9;1;0;3
kijrz;5;0;0;1
iy7rij;6;0;0;1
jcSb9KQG;8;1;0;3
0sq0p;5;0;0;1
T3qhFjjis0x;11;1;0;3
jhroxxq;7;0;0;1
8a1sos;6;0;0;1
"/EWN1[C=;($#";12;1;1;5
jv7g90;6;0;0;1
tw79so;6;0;0;1
ibS7Hz30;8;1;0;3
JgxOkKQL9nD;11;1;0;3
mah3e6;6;0;0;1
NpRu8xLfJKK;11;1;0;3
O7InFw0aQ;9;1;0;3
lp]s]dYuL(58T_+;15;1;1;5
un9f0de;7;0;0;1
EIETLLG9uh;10;1;0;3
WHZUSH(TDXei;12;1;1;5
!j^uZ_ue_7/L;12;1;1;5
xoEONpL8a;9;1;0;3
g68mqf;6;0;0;1
CKFGqoka;8;1;0;3
XCWzkzI0dvi;11;1;0;3
042168;6;0;0;1
<F(V%VBut8K.;12;1;1;5
KI44sVjE;8;1;0;3
Tm'%!gqmvm7&7?HuU;17;1;1;5
h076stz;7;0;0;1
FmeofD9d;8;1;0;3
wlzbas;6;0;0;1
"Bc;?Sa:>&W'me@";14;1;1;5
i87tbr;6;0;0;1
4CD0ZRz4tP;10;1;0;3
ps0icn;6;0;0;1
Ifk2sELAhn;10;1;0;3
km30;4;0;0;1
i=3U9ia~U,&6;12;1;1;5
Qa4AxJHaAh;10;1;0;3
"ldl_aZyC>""L2!7:cJ";17;1;1;5
5tav383;7;0;0;1
4dsvSVpSE;9;1;0;3
AfH7XzWR;8;1;0;3
517i;4;0;0;1
1dulquw;7;0;0;1
Zzwko2PxWi4;11;1;0;3
,d-F{=xN]FW-D);14;1;1;5
W6o]EWGmGu$KUm\26;17;1;1;5
443d;4;0;0;1
\5luP[_8k~2Zj1Qi2;17;1;1;5
^.Pc!bm-kA|3;12;1;1;5
25ckv;5;0;0;1
4tfG^70T_|!5j9oR`};18;1;1;5
@H_5|<56wfzre2Q;15;1;1;5
yuYDDmrceou;11;1;0;3
2gpe3k;6;0;0;1
"M4:`"";quzP5a)";13;1;1;5
lNCi8OjPZ;9;1;0;3
kfrcy;5;0;0;1
rgqDQ3wWp;9;1;0;3
spACoQWkT2;10;1;0;3
rm0s1t;6;0;0;1
GsqcdfCrgKg;11;1;0;3
S5fPf9sj;8;1;0;3
1XgqVRozp;9;1;0;3
SULwYPtq;8;1;0;3
@Zr}j,=C`iI*;12;1;1;5
y0g16;5;0;0;1
"jGT#<gu?tF;^kx7$O";17;1;1;5
qgqj;4;0;0;1
jd78OC1lHy;10;1;0;3
op0b;4;0;0;1
tQYzHLqNWao;11;1;0;3
idA7FqvsH;9;1;0;3
5I0EYn3HP8;10;1;0;3
sh0qfm;6;0;0;1
QMLJLjlR5;9;1;0;3
25e0r;5;0;0;1
p2s5;4;0;0;1
3g9pz;5;0;0;1
"~iOL=;d4;2@I'J|s";16;1;1;5
0MjB|L8E1e4|;12;1;1;5
rqatp;5;0;0;1
2e9ht36;7;0;0;1
COLoBdHAQ;9;1;0;3
wzjd6qg;7;0;0;1
iQ&\'6<rR\?p;12;1;1;5
OrPXMUplCk;10;1;0;3
znbt;4;0;0;1
"aGKql?;=O%h>/XD";15;1;1;5
LjOuYcjC5;9;1;0;3
k5t2n;5;0;0;1
tt6k6d3;7;0;0;1
LXJTAIx4D;9;1;0;3
u1u8r3XXD;9;1;0;3
eL4DzVoRt;9;1;0;3
"$tv}L;><*/zh\o";14;1;1;5
NcE91PO4K;9;1;0;3
fuxhe;5;0;0;1
1ENBeQ2lZ89;11;1;0;3
dxxjPc1zb;9;1;0;3
s6KXGKUVo;9;1;0;3
jsuvqc;6;0;0;1
"""5/T2A`.NL#9K(s";15;1;1;5
tvxzb;5;0;0;1
OrvbZtAzcU;10;1;0;3
0fl6al;6;0;0;1
7SK5soX8;8;1;0;3
"`*%%;U@?'_3W-";13;1;1;5
|[6~oXn[*ApzQdM;15;1;1;5
5vFnnWfA;8;1;0;3
IMwhD10Kb;9;1;0;3
ZkPkt4yN;8;1;0;3
5Tj6bku4eeO;11;1;0;3
z~y%Avi??QpQF6$r7;17;1;1;5
"0cd+""rcH6A^Fk^";14;1;1;5
X*$w$_zE05Lh-K;14;1;1;5
"byZa=o$D-M&n""hv*p";17;1;1;5
89tL4pVZCK7;11;1;0;3
/GRcc1KiN{?BIs;14;1;1;5
09bg;4;0;0;1
BPmAyPr96;9;1;0;3
E6WgHZ5uvXk;11;1;0;3
po8hw;5;0;0;1
y3KrUZPp;8;1;0;3
9XrJS@s.Ao*w,z;14;1;1;5
X2xgmUmW;8;1;0;3
lBJxNBuqB;9;1;0;3
4u0s;4;0;0;1
hbqABDPmI;9;1;0;3
45etxvn;7;0;0;1
nSLHtIgLS;9;1;0;3
LOKoMd8v;8;1;0;3
W7>8.)$44gKP)w;14;1;1;5
6rxbg;5;0;0;1
V`TLhr\g?D<NsNN;15;1;1;5
pX1ZhR724;9;1;0;3
8tk7;4;0;0;1
#IT~TH@&QWa?;12;1;1;5
V3fbmeqE;8;1;0;3
byik9k;6;0;0;1
1xml5;5;0;0;1
fEfLsLIG9;9;1;0;3
"e$m.PSr/b1a!pQW""F.";18;1;1;5
"v$9,GRn`Z]|}(A,W[""";18;1;1;5
v15ph89;7;0;0;1
!,:NJdE>*q`Xz/+m2J;18;1;1;5
L4ybF4JW;8;1;0;3
h0w7ja;6;0;0;1
IGb<K}pUDd)6T:9;15;1;1;5
`Ocs~)6I1\aNM!_;15;1;1;5
c24hch;6;0;0;1
hblq0;5;0;0;1
r4vpMm8iQ;9;1;0;3
ahda;4;0;0;1
Xta5FdkRz;9;1;0;3
T-4whecm7*tNH^<4;16;1;1;5
bZfIzV8C;8;1;0;3
"Bu*M-~o\+;vfL|CL";16;1;1;5
rY~Ki+_v^OeB`]&POw;18;1;1;5
JRSk4TM081;10;1;0;3
o2WfMCUnyfP;11;1;0;3
(F-K/]d$kvlD(X-e;16;1;1;5
yIIxWNANb;9;1;0;3
-H03v21GMcpL='];15;1;1;5
4teaKIVH1g;10;1;0;3
96ucc;5;0;0;1
RDCpEPcms;9;1;0;3
vknKTtpTfyC;11;1;0;3
+zRlP,(617(l<3s&;16;1;1;5
67prBRq53yT;11;1;0;3
lc3avc;6;0;0;1
";4JX3*W5~!r*GTUc";16;1;1;5
1iy1my;6;0;0;1
"P^$_v%|_1S""I";12;1;1;5
9jbha;5;0;0;1
sQLJx6SYxQ;10;1;0;3
"C-G{;TM?.OI.!(q";15;1;1;5
34po;4;0;0;1
2pe45vy;7;0;0;1
!~+bJkmM!X_4/T;14;1;1;5
irB7uPM8X46;11;1;0;3
rzzi25h;7;0;0;1
I|J=du,dS\/GgZnR;16;1;1;5
1QdCbS2MHNe;11;1;0;3
ufbCmpuqttj;11;1;0;3
ov66od3;7;0;0;1
mk6ma3;6;0;0;1
Cy4A2lQ7;8;1;0;3
zwahv0;6;0;0;1
hgxs;4;0;0;1
mO94hueOZE;10;1;0;3
"_%;5~yomu*S:=nS";15;1;1;5
0C9J9xxZo5;10;1;0;3
dKNd1objLJ;10;1;0;3
"dWOv%O7""NL+1W%0#sg";18;1;1;5
Ge4Hz0JS='B8K;13;1;1;5
h34o8kg;7;0;0;1
27in9;5;0;0;1
bQlr0WS0nA;10;1;0;3
/^yE?^vwg|qCl<:;15;1;1;5
'WD&hd,TS\87&5;14;1;1;5
^kKK1_.f\S#%);13;1;1;5
r52OPu4Rvs5;11;1;0;3
UTcQpurA7;9;1;0;3
rbzhMyD8;8;1;0;3
upimMLEoux{{A;13;1;1;5
"b""EI|9!MPoEL";12;1;1;5
"#r&vJwZ.;9IU@l";14;1;1;5
gx0bq4;6;0;0;1
rnqYpeiqFF;10;1;0;3
cib5xqL0?oy};12;1;1;5
`q3&sZ^N}SYe;12;1;1;5
KlnnXaPI;8;1;0;3
9Ao7GOpKAl;10;1;0;3
/<A7?5%,J3+2;12;1;1;5
qZkY3C3i8tT;11;1;0;3
m0qr;4;0;0;1
K9oRC8hvcPh;11;1;0;3
/CAKk`hQYDIM;12;1;1;5
eGhWP5vBnA;10;1;0;3
npre6;5;0;0;1
0qDUxFVV;8;1;0;3
4msU3XxQG32;11;1;0;3
b&D>`/@P8\k/;12;1;1;5
mtb0ndl;7;0;0;1
h7LAVVZW;8;1;0;3
ju5bu9;6;0;0;1
30D7Fvkv;8;1;0;3
re1k;4;0;0;1
mhn75m;6;0;0;1
AaLQOdL4T8;10;1;0;3
4YA7)H*$Cl.^d;13;1;1;5
yn15sp3F;8;1;0;3
BeyissZVh;9;1;0;3
ejcfo2;6;0;0;1
w0gNe9dcC;9;1;0;3
eAb9TLQQkE6;11;1;0;3
vt80;4;0;0;1
V1akHMyFR;9;1;0;3
gfkbg;5;0;0;1
XQu44j}8b<hH;12;1;1;5
"&CLM^.t8;(v0}Iq";15;1;1;5
LT6KF3JAZL;10;1;0;3
"^;Rw~r|(ySkeQ$HC/";17;1;1;5
bGroecLuNgw;11;1;0;3
1DtI7aTiNGp;11;1;0;3
R0yMbq8Jlw;10;1;0;3
e<cp<kj*x3BhM+;14;1;1;5
"BU/eNu4/P;P""";12;1;1;5
oj9LscTBajU;11;1;0;3
"(8@=,';Er-~8";12;1;1;5
shnm3;5;0;0;1
hlsd;4;0;0;1
9qqsbad;7;0;0;1
z00zh;5;0;0;1
K%e35>yZq<jO-;13;1;1;5
KNiY0KuC7yo;11;1;0;3
"]3<]dUF,""dUa]";13;1;1;5
cjojUoWqOtW;11;1;0;3
2ser;4;0;0;1
ExDY1EzoC;9;1;0;3
bEVGWIhkQ2;10;1;0;3
'T&K~][{iL?h&$*4hC;18;1;1;5
cfmujm;6;0;0;1
"I""G2R+10Wbl_0";13;1;1;5
wmoi9;5;0;0;1
azhn9ii;7;0;0;1
mQlKZXBHdV;10;1;0;3
hue4p0;6;0;0;1
objl6cJ4JxE;11;1;0;3
4oth;4;0;0;1
eZi0Bmew;8;1;0;3
xJUxliP1;8;1;0;3
/{'$@Ka5lFUIF-,;15;1;1;5
0x4zqV6D;8;1;0;3
x694eevW;8;1;0;3
Uq':?S}aouT~~|(NT^;18;1;1;5
buat;4;0;0;1
"g_fF~4;OsD_nL6,;p";17;1;1;5
9)p8lV+&91k]G;13;1;1;5
";vlWn$Ti4|i)U({";15;1;1;5
ZCDiHhOoCm;10;1;0;3
TxdPXwtLt;9;1;0;3
q1a6xbo;7;0;0;1
"U\;mKq~#:MipxL";14;1;1;5
ImXnnE1roJ;10;1;0;3
k665;4;0;0;1
Xqukw5MT6s;10;1;0;3
GxtDz4xoS;9;1;0;3
mTno18ro;8;1;0;3
b41twzk;7;0;0;1
Jkv2ic$8>~GK;12;1;1;5
"VY$&=v8g^$cN""8k-";16;1;1;5
R12w4FqV;8;1;0;3
Ofa68cawhW;10;1;0;3
pvzu6;5;0;0;1
mj5aJWNtZ0c;11;1;0;3
2fzn;4;0;0;1
j5UiALCL;8;1;0;3
eet6n;5;0;0;1
v51ATGtc;8;1;0;3
6iCE6xddx;9;1;0;3
k4phs;5;0;0;1
g7y7kg;6;0;0;1
Z'q8zC[{ZsBS;12;1;1;5
<uTDY-I?+/g.;12;1;1;5
dy06fv;6;0;0;1
bUVKybl1MlR;11;1;0;3
v822;4;0;0;1
|g3{5T*Au}A(;12;1;1;5
nbptb4;6;0;0;1
WJ9Dql34;8;1;0;3
Dt1yuuteYH;10;1;0;3
3i0yx;5;0;0;1
vyteMTogHrC;11;1;0;3
qNTSMCXkT;9;1;0;3
kHQ7WMpveH;10;1;0;3
u9xsr;5;0;0;1
kZr6P2rt75;10;1;0;3
e8brmUkr;8;1;0;3
m<srh@tFtFvF^p?E1;17;1;1;5
7DJc?zmRI]nBq;13;1;1;5
O,Pa3)@\wm$48S;14;1;1;5
mVB29NFiA;9;1;0;3
"VL:;M([p%jWT^Y[>";16;1;1;5
">H)mu;2;G[^..4";14;1;1;5
J~#%1pc-I]SgNmL';16;1;1;5
ogddk;5;0;0;1
mqkkn;5;0;0;1
f1TB7pKw;8;1;0;3
"wXbc{PpB}+X]jZW;{";17;1;1;5
xlh0l;5;0;0;1
FNcBYu9DPd;10;1;0;3
AsJa31whY;9;1;0;3
RrVzLmyv;8;1;0;3
Sf9DeDRKD;9;1;0;3
ppjPGqlLdm;10;1;0;3
)gc'OzgMyp1CDI8hZ@;18;1;1;5
>8\{6.(MGN^gCC};15;1;1;5
27w5k8m;7;0;0;1
8zc9sqFux;9;1;0;3
IQxF3dAL;8;1;0;3
ng1y;4;0;0;1
gc8y;4;0;0;1
".Y+ddD;g=N/9x4xc";16;1;1;5
w9ot;4;0;0;1
Sz60SpxD;8;1;0;3
5CyvqNcoZ;9;1;0;3
vt1z5n;6;0;0;1
fqj0g;5;0;0;1
TBaQ#z1\>iNTUlywuk;18;1;1;5
13gti5l;7;0;0;1
JjvMS3zCmI;10;1;0;3
q0rh;4;0;0;1
"f)&Bj[mI|u1pW;T";15;1;1;5
"^tsh1Q$xvk=N25,;";16;1;1;5
jjqes;5;0;0;1
PRxCxOOyVXg;11;1;0;3
dmd08jq;7;0;0;1
if.2GN<7N~e_scDi;16;1;1;5
`Q:Lu$]/jthT*;13;1;1;5
ig6x;4;0;0;1
8by9XbOB;8;1;0;3
JFMxiboh;8;1;0;3
hw95e;5;0;0;1
ol6cm;5;0;0;1
heexf8e;7;0;0;1
1x8an5;6;0;0;1
JRVY,T<`n@cb;12;1;1;5
MWXiMPt9;8;1;0;3
4cqgb8;6;0;0;1
5SR7EwUsNkn;11;1;0;3
foRcuYXk;8;1;0;3
x6c49;5;0;0;1
[$M@+#q{yoa6<'14+N;18;1;1;5
WU/Ms<<$F4:>QvG>e;17;1;1;5
FbMDrR5vMe;10;1;0;3
vVpjOY46T2m[th\;15;1;1;5
47ne;4;0;0;1
D9pKNC0h;8;1;0;3
SESogNzDIEa;11;1;0;3
sir1;4;0;0;1
pds5f7k;7;0;0;1
3of2b;5;0;0;1
"-!;uDhkRX6I\&SS";15;1;1;5
ealh;4;0;0;1
LQg3NOLjjCi;11;1;0;3
ict1;4;0;0;1
$.YV<!_o]++e?Fnu;16;1;1;5
HezH9rXD7;9;1;0;3
FMFwALds;8;1;0;3
CXwcwOvLE5u;11;1;0;3
0l3s;4;0;0;1
&51UZ7yC,jta;12;1;1;5
xe1v;4;0;0;1
X6{dHnWUnqb_JEv4=V;18;1;1;5
8Jp_*6z:.@d~;12;1;1;5
"`m$wo}*h&4B""xW]v]";17;1;1;5
i5fi7s;6;0;0;1
uv18oobE;8;1;0;3
+|<QQKPyV$]rwS@9!,;18;1;1;5
48q2r;5;0;0;1
[BrP4/nsnH_si7&;15;1;1;5
ba8eh3;6;0;0;1
3tf20;5;0;0;1
";eXbF8w/4]=1]*x";15;1;1;5
KX3l7SBN;8;1;0;3
SOa5dVw9;8;1;0;3
Y0MG]2X93<VFV;13;1;1;5
l6su5f;6;0;0;1
"[41rSxW""x^)n7{NX';";18;1;1;5
K%d_')Xy5Nec,`;14;1;1;5
S0nEzlUON3T;11;1;0;3
fxBpjHsG;8;1;0;3
ykONNgw1KJe;11;1;0;3
lgv0;4;0;0;1
NeP0CKhDo2;10;1;0;3
2998tul;7;0;0;1
qf+3?+W8.7Z0e%BFxq;18;1;1;5
$3=P(^7ZJ=,9U=g2-l;18;1;1;5
duMTUODB2;9;1;0;3
k9ok;4;0;0;1
d7pa;4;0;0;1
0pV3Smy5yrj;11;1;0;3
}nM0VkL:T,?}CREMWZ;18;1;1;5
O7yGhivfIf;10;1;0;3
S65FwD1ijDU;11;1;0;3
"F=ZqwAc#<-Z""V(";14;1;1;5
qo0870;6;0;0;1
onTIJoAWYXx;11;1;0;3
qnwsuqm;7;0;0;1
X1bNRxV1a0;10;1;0;3
"k#_Nky""iKNXV2I~?";16;1;1;5
KFWakUzApg;10;1;0;3
9ffidj4;7;0;0;1
BG{pO*P6.1`HrOdM;16;1;1;5
uab40q;6;0;0;1
ECP6N5dv;8;1;0;3
Z\6w{~czHk4?oI`&/,;18;1;1;5
r5w0;4;0;0;1
flpGqqzbXu;10;1;0;3
ammdn;5;0;0;1
'4!ET5mM,)GIH&xG;16;1;1;5
xkfn6v;6;0;0;1
bpWzDysv;8;1;0;3
"GccW;G'&<6v5=)>";15;1;1;5
o6x68a;6;0;0;1
7tuaMz4GcWc;11;1;0;3
L\a)HHZR5u,/;12;1;1;5
0bzlt;5;0;0;1
JsoQwFYPg2;10;1;0;3
8cpw6p;6;0;0;1
d5bczal;7;0;0;1
rtaushs;7;0;0;1
PK1evHBgRw;10;1;0;3
f4nqb;5;0;0;1
iQwcXu1OfS;10;1;0;3
"DHev.XCNb;)_";12;1;1;5
KIRIVwSRJEN;11;1;0;3
"yJShbw0UB5ax-G""m";16;1;1;5
e0vkhz;6;0;0;1
O5rNjVuNs0l;11;1;0;3
57qmv;5;0;0;1
"w2jgwE'Ks@4""2pk|3\";18;1;1;5
7fwr;4;0;0;1
ctUiVLI5;8;1;0;3
"ACa}`0{Fo(;#w_1h]C";18;1;1;5
S5eeQJLxsH;10;1;0;3
Y3KJ1Ueq9;9;1;0;3
3lm4be;6;0;0;1
v9e1;4;0;0;1
Y3MgwYGEI;9;1;0;3
"fA~;DRD<6hG:y""";14;1;1;5
nhSB5ooDakp;11;1;0;3
Kz}.*A(@TP@,l;13;1;1;5
wrn4ps;6;0;0;1
AGsoBoSmQx;10;1;0;3
"|:;f~pDP[7hEjSuE~";17;1;1;5
eym7;4;0;0;1
Q2eCOJDIE;9;1;0;3
CeAVv8f5t;9;1;0;3
"b?\|J\/Qk>pg\@t""x";17;1;1;5
74:TtsD1=b&j;12;1;1;5
"""yM>B%)MtQrPPSI";15;1;1;5
TOw1pcDkA[lg3n=;15;1;1;5
AcEOvzqpSx6;11;1;0;3
ChRKsdUaL0;10;1;0;3
wbxIPNCG;8;1;0;3
oqsRn9PyPU;10;1;0;3
ejyv;4;0;0;1
ytg9;4;0;0;1
LtwGiOyMm5;10;1;0;3
h4leas7;7;0;0;1
I8yGk73EsyD;11;1;0;3
OnaokEUj;8;1;0;3
IPZZDox31qm;11;1;0;3
Naw3j0uc;8;1;0;3
dbeio1;6;0;0;1
Z9qNcNPZQc5;11;1;0;3
JoMJCcKh0;9;1;0;3
mieP_b<RN[_oK1Sh<;17;1;1;5
#¿NOMBRE?;14;1;1;5
v2nnp5;6;0;0;1
2ZpGiH4ySs2;11;1;0;3
jCaXjMlKWQx;11;1;0;3
m*C/Y`(z`+M{i;13;1;1;5
GQoJjy4z;8;1;0;3
%]FR8X0]m/<gR{6I-';18;1;1;5
48gqgRv9;8;1;0;3
$GB8~nN0$f$0lMt4N;17;1;1;5
tgnuoA$/wh8[P;13;1;1;5
LDWan7bFLu2;11;1;0;3
r38h72a;7;0;0;1
RoJfGIBCxU;10;1;0;3
DmPwJmVtz;9;1;0;3
gq3d1_??n5koKv)?N;17;1;1;5
bhkb;4;0;0;1
ZGiLy9FJteR;11;1;0;3
xZeiPeqQnXW;11;1;0;3
SIizHtsO;8;1;0;3
_2-%m{Wk'1$9~zTwC;17;1;1;5
eWrSbvEoN;9;1;0;3
7vPfQ|Nv/S@z$Z6Yy7;18;1;1;5
66cqgLFkf;9;1;0;3
BrqOVI5xy4;10;1;0;3
QVExwTej3OC;11;1;0;3
2wrg;4;0;0;1
]&YZNq!IO(3Hd;13;1;1;5
3DnU8hHqn;9;1;0;3
y7OtcODN;8;1;0;3
RcpSBjLXq;9;1;0;3
dpb099;6;0;0;1
Gm57F90c;8;1;0;3
wilVf5UTQ;9;1;0;3
fubf;4;0;0;1
HaCfxORDUs;10;1;0;3
y@U+EmoAK\i)^;13;1;1;5
?[I6{(c6,^O:&;13;1;1;5
1rtjj;5;0;0;1
P3~LU4t5C<r-MqZ;15;1;1;5
EM9OWbOu;8;1;0;3
bxtble;6;0;0;1
zDdmJ10xYpf;11;1;0;3
AuZviPo4X;9;1;0;3
0bzxnSJ5CI;10;1;0;3
"_+V_^s0;\-2,3.55";16;1;1;5
DFviP0kCYMf;11;1;0;3
qANm6moCx;9;1;0;3
!'%A*7e]<ID.k;13;1;1;5
wpQp2XYU;8;1;0;3
mW?,2_K0m,x$JZ6;15;1;1;5
o92b7x;6;0;0;1
z8ed0Efr7QCeE#=;15;1;1;5
N8eR273GCunL`ax[#;17;1;1;5
_p4^@d3]m?0$x;13;0;1;4
"n%*F.0|:lzRu#_;";15;1;1;5
nyz9;4;0;0;1
fwv5px;6;0;0;1
1hde;4;0;0;1
]JL.ADqpB8ZzU_;14;1;1;5
xZ|gHq:]I92$l|;14;1;1;5
ld2pqal;7;0;0;1
6oxeuky;7;0;0;1
s2r6ya;6;0;0;1
gRPX1g=GH.6[X:H8;16;1;1;5
*h!xmZuNf1Q>;12;1;1;5
"5oo)i)%#|""dH&";13;1;1;5
f31nd3g;7;0;0;1
gjtbx;5;0;0;1
"L{""o+QCOkB^Xe9B~";16;1;1;5
7r57;4;0;0;1
YsKwXTnI7;9;1;0;3
oZcxrbwCI;9;1;0;3
5eSZIZRBxd7;11;1;0;3
mdd3dm;6;0;0;1
9wuw;4;0;0;1
6z04m;5;0;0;1
o8GfVAWXD;9;1;0;3
mUxM3q6BMn;10;1;0;3
vqphx;5;0;0;1
T9QzrvXc;8;1;0;3
pdam~Pt7Iq#|FEEX~;17;1;1;5
3pvts;5;0;0;1
KUPc8eNGl;9;1;0;3
sib7ADkJ0bG;11;1;0;3
frkplyr;7;0;0;1
C7Zm?a$$KO}xo`Ehs;17;1;1;5
9{*yZ(I|J6udW;13;1;1;5
{G!l@:nqtuZ);12;1;1;5
TUM6rf3s;8;1;0;3
39qxe;5;0;0;1
xMsU?+_+|YkL%G=@4e;18;1;1;5
SlB5NYua75p;11;1;0;3
f6exyi;6;0;0;1
f:[JZt(3@3$=+viAV;17;1;1;5
"+9Z&X1V.Eb=T""Vx7uL";18;1;1;5
"bSiSU%P<GuD;8IvB";16;1;1;5
:ZON(y?O+1'26.$wVI;18;1;1;5
OZcXcopqfA;10;1;0;3
"zAf8}vR"".>dEH8Y1";16;1;1;5
a3vn37;6;0;0;1
SitD9QUQ;8;1;0;3
IJRIqSYp;8;1;0;3
LxqUDGnlEu8;11;1;0;3
li1so;5;0;0;1
fvMlU9z66;9;1;0;3
)V.J=,*[R?/E_gS$;16;1;1;5
NBFeOpBtlLD;11;1;0;3
CSdMpJEV;8;1;0;3
FAYZMufMeX;10;1;0;3
AEv9K5[)c<Rqz;13;1;1;5
"Z\L'RMWMZcA~<[""";15;1;1;5
XjogyFrZPEW;11;1;0;3
8h4m0;5;0;0;1
4mq7P9mHF7;10;1;0;3
cld1jmr;7;0;0;1
mhZlTbAz;8;1;0;3
"C""|sz`WKC1&EAfS";15;1;1;5
HWyzhCVB;8;1;0;3
iTXzOuIS;8;1;0;3
wtvvKaNnj;9;1;0;3
59u1WUTs;8;1;0;3
44C0Y2vW2f;10;1;0;3
04b867Cf7D;10;1;0;3
xrm9g;5;0;0;1
e6OuerWa;8;1;0;3
AmV5kLi7;8;1;0;3
610ch9;6;0;0;1
vU41jjx3f;9;1;0;3
QmmcjEUdhL;10;1;0;3
ay4x66;6;0;0;1
yDR0Kdy6;8;1;0;3
ys1coz;6;0;0;1
"jwbGmJ;60@o1tU[";15;1;1;5
'R54$wE/pzQv9*;14;1;1;5
f38HJCaxyq;10;1;0;3
3tsh;4;0;0;1
U8WqhKUqyH;10;1;0;3
R1PVOs3gn;9;1;0;3
kxcwsck;7;0;0;1
yljp9;5;0;0;1
0dkf;4;0;0;1
F_uH63D\%#s_O;13;1;1;5
"5G\MnI""Q:D2ys'v-[";17;1;1;5
NODbS8Cxc;9;1;0;3
CtA7FyhM;8;1;0;3
#vFRfwT(7gq@|O;14;1;1;5
InX2M8Zyb;9;1;0;3
shstqc;6;0;0;1
ic10s1;6;0;0;1
asz22kd;7;0;0;1
"+E=[;k^(sC#|'R";14;1;1;5
aph80;5;0;0;1
g0lna0;6;0;0;1
ThAj1hUQ;8;1;0;3
+jV9#24<7*%xyM^;15;1;1;5
B7vgriJlrfq;11;1;0;3
"9*k@;&>>R6`26X";14;1;1;5
tu050;5;0;0;1
BEjvjaSx5pX;11;1;0;3
CHcLR9kk8;9;1;0;3
1qrXld65d;9;1;0;3
lq5Xbvco2;9;1;0;3
j93p;4;0;0;1
wXb{L=SI,,vdpED3}5;18;1;1;5
"jPDaUakBqJMk""DI+4";17;1;1;5
djYiWAYSpd;10;1;0;3
pg1fu3;6;0;0;1
FVx7lE2kw2o;11;1;0;3
jdjmz9n;7;0;0;1
q1cGaioLj;9;1;0;3
w7fm0KUx2A;10;1;0;3
MsmzQnhgYw;10;1;0;3
ffz9k;5;0;0;1
"EshOw8;Pa)IpMy";14;1;1;5
hk260;5;0;0;1
^,J?)CfvmfyzY]QJ<!;18;1;1;5
|o7]cGEl&LpM;12;1;1;5
z8XXdKk9Y;9;1;0;3
75u6mu;6;0;0;1
iyxd8njhT;9;1;0;3
q14l;4;0;0;1
Q2bgbPRjtAg;11;1;0;3
nf911a8;7;0;0;1
NZ}-Vu]](EskG;13;1;1;5
xQROsa9h9o4;11;1;0;3
4cWsp8wyzw;10;1;0;3
mc-LI*Q-A(X#`dB;15;1;1;5
T12RJdNIx5I;11;1;0;3
KgIC4MQK;8;1;0;3
vq4PQS25;8;1;0;3
g0ec;4;0;0;1
GS^djq\o!}h]t!;14;1;1;5
s.~Tt5Cqb/oE>JLUFT;18;1;1;5
")7hs4TFnB"">mz$+p";16;1;1;5
"IY~^Pk/)L{g|I;%";15;1;1;5
dSD0iPkn;8;1;0;3
XlHM8tgXQE;10;1;0;3
p4ZQx2JPU;9;1;0;3
pmsdgW60;8;1;0;3
dzG6C4620l;10;1;0;3
1405;4;0;0;1
"0L,5mmf;gmxXrq)e";16;1;1;5
bHkEZ5fCG;9;1;0;3
zktdy;5;0;0;1
xlG21v0l;8;1;0;3
g7orjyx;7;0;0;1
TvsWn6xp;8;1;0;3
xdw2mod;7;0;0;1
(Hin%aq5Wo+j6+`[t3;18;1;1;5
iwVZNfYKHmH;11;1;0;3
6Y90pekiPC;10;1;0;3
0;15;1;1;5
831r;4;0;0;1
OAF8YFxSY;9;1;0;3
mVSLzDcAg;9;1;0;3
0xz68;5;0;0;1
d-n=!?K:lMEXm=+X!Y;18;1;1;5
n9rl64;6;0;0;1
ibzmTdvO4s;10;1;0;3
rs8n;4;0;0;1
ojcu;4;0;0;1
$1w5(We_jGV#G#9Vz;17;1;1;5
j68hog6;7;0;0;1
M~T+5}F{Vq[XERabtl;18;1;1;5
DGwiGvC3P;9;1;0;3
44xcqfo;7;0;0;1
t3NUaghrgS<S|a;14;1;1;5
r]q4[YOEVG'O+;13;1;1;5
u9n3;4;0;0;1
m1~ZEouwvd!%r5`A;16;1;1;5
D#FsT=>^*7?Z`P;14;1;1;5
pd3t;4;0;0;1
1OMKzifC;8;1;0;3
|={2ccjyW$Xwn;13;1;1;5
dxpiec6;7;0;0;1
"d6'|Ni!,D6"")I1k2";16;1;1;5
8kdK6JGe3u;10;1;0;3
wveoks;6;0;0;1
eoqnehmxd;9;0;0;2
OCGZHWENZak;11;1;0;3
Z{)PI`,f+F.&|%Cw3:;18;1;1;5
r8ERrF80h:t2hQ;14;1;1;5
"TmFA;Y*@4qq7E25A{";17;1;1;5
nRziUTret1;10;1;0;3
gx162;5;0;0;1
CmKqSaRNLT;10;1;0;3
rqHKqPkEFGI;11;1;0;3
5cdUgW9qw;9;1;0;3
K3fuVnAd3C;10;1;0;3
xcpb;4;0;0;1
swny;4;0;0;1
R\CkD}Of:NCL[;13;1;1;5
oIaeAHmD;8;1;0;3
o6VP2KLM;8;1;0;3
tI1Bq3BYT6d;11;1;0;3
{NYSvl}\pSb2</>[gy;18;1;1;5
bizeu8;6;0;0;1
KC69Z7SP;8;1;0;3
43s96o;6;0;0;1
f9x4l69;7;0;0;1
i5h2q;5;0;0;1
~y!QW2v7Y[`JTYW-4;17;1;1;5
4lcbv;5;0;0;1
m2jm;4;0;0;1
02p1lv;6;0;0;1
M@(pE~r\LUGrV;13;1;1;5
9ew9qYZFDOQ;11;1;0;3
b*[3yw`E+0dO*a2|~A;18;1;1;5
nyeOBm62;8;1;0;3
gjjc;4;0;0;1
?DR^[.S|?9GJHA;14;1;1;5
D?`iuM6'3AoW0;13;1;1;5
_Ow|2gZjW.|0Z5KX;16;1;1;5
"Ca;Mfigz$K.\QT!f$";17;1;1;5
S04fepc8;8;1;0;3
7k29ni;6;0;0;1
*j<Td.MH0%5Jz;13;1;1;5
uNZlO7E13l;10;1;0;3
QeoSJtikH;9;1;0;3
1YnyLPrUbQ;10;1;0;3
2l&&K'Ef9*H^-UX;15;1;1;5
zo$>J|e}xs\V,<j;15;1;1;5
AfqbN7WqzJ;10;1;0;3
ug5u0k;6;0;0;1
"b`1/O""}*~P5gh|:h[0";18;1;1;5
709jryr;7;0;0;1
Id-Mk^%CjG8*;12;1;1;5
jQVc0uOUu;9;1;0;3
iwb4ffUQThb;11;1;0;3
44tm;4;0;0;1
CTSi0C7wHQb;11;1;0;3
x9t8p;5;0;0;1
T6bCxuxXPd;10;1;0;3
NqK8ZlLk;8;1;0;3
7UNNKT22U;9;1;0;3
l6TgOQdM;8;1;0;3
0;12;1;1;5
krgcAXlCl;9;1;0;3
dNbahV7Am;9;1;0;3
y2biw;5;0;0;1
XGXRj6nm9x;10;1;0;3
1`}Wm/Xar?$pmUThzb;18;1;1;5
37un5d;6;0;0;1
2ut5;4;0;0;1
HH98LAoj;8;1;0;3
xl3sXX8)d}Os0Lipw;17;1;1;5
p3hy;4;0;0;1
fD`#5.p6pXAM-;13;1;1;5
3hop;4;0;0;1
xQh6QDOUT;9;1;0;3
`H7DPBxmQW<d2yBvT!;18;1;1;5
Q#Eojd1L`4[+)yoB;16;1;1;5
4Y>\P~EGPqM}0_oIr;17;1;1;5
dRMS8RQSZry;11;1;0;3
x3e9i;5;0;0;1
6JuJefXo7;9;1;0;3
bgayjbi;7;0;0;1
fm)6)d#{:C!xzjFN*;17;1;1;5
"iG""2g+wJC6w$;U";14;1;1;5
VuCGhW3SJFv;11;1;0;3
ti5c;4;0;0;1
~?[.h1Y~o@IqTP,hC;17;1;1;5
aqWGatOyJm;10;1;0;3
2f^KNwj8|\trqm;14;1;1;5
mql5rty;7;0;0;1
~\hA^_IskA6vWI5q;16;1;1;5
9FGfsW2J;8;1;0;3
HIM0M8woHZj;11;1;0;3
SyBJU_0:v.=l!FH';16;1;1;5
ki0bk;5;0;0;1
CQUm7HFY;8;1;0;3
-^45'q6JuFA]`GAVK;17;1;1;5
n9rqf;5;0;0;1
"_"";Zqj'jS_,8i";13;1;1;5
hlx183l;7;0;0;1
66h6;4;0;0;1
"AaS}g41;uw$y~";13;1;1;5
pvqg;4;0;0;1
BgxfJN-9fMR#tg7;15;1;1;5
0man1;5;0;0;1
vmhcs;5;0;0;1
4LOqTrXP3Z;10;1;0;3
KwEkaDXf;8;1;0;3
q(s,)LZaiweLnk;14;1;1;5
";Y^g]mhMGMGzT";13;1;1;5
zie5te;6;0;0;1
"PUm(""%|![869,f4U";16;1;1;5
SfTnuylVQ;9;1;0;3
1Y8LS75A;8;1;0;3
smdrskk;7;0;0;1
OSDN6I9s6AX;11;1;0;3
lZ3xB2kXKKK;11;1;0;3
"Sx"":RbF{rTf948p29";17;1;1;5
"t('m7\Pf?zd8fnH;3";17;1;1;5
f284kL12GW;10;1;0;3
M2xj7TFB;8;1;0;3
2j,p9PR0vFdD;12;1;1;5
dv0ked;6;0;0;1
ADBUTp4NG3p;11;1;0;3
0NijG5i%'&[`Bp;14;1;1;5
FgCBVLRGBIB;11;1;0;3
j4LfsgYZ;8;1;0;3
13qz;4;0;0;1
imxi;4;0;0;1
uvehc;5;0;0;1
"\/yR8?1Ga3?Q""@t`";16;1;1;5
0tj33ul;7;0;0;1
$126Upc|)/FK(KnkH0;18;1;1;5
iu5se;5;0;0;1
wm9uhgv;7;0;0;1
zOcJjdWNMC;10;1;0;3
6jAb1EYKaUa;11;1;0;3
VgvscdtDl;9;1;0;3
RBwZdY5klj;10;1;0;3
"N'[vx&=J:u*l_#;B";16;1;1;5
2r26;4;0;0;1
o0omkSSg;8;1;0;3
IFoBqEhEyi;10;1;0;3
>t6(3j8P$(jeTepE;16;1;1;5
1CakywCR;8;1;0;3
"s$iR'JnzC6I-=;z";15;1;1;5
H_QSEFo@z6btC;13;1;1;5
Yg7Vaa2Xmm;10;1;0;3
isuk51u;7;0;0;1
14tiqd;6;0;0;1
uU3unbzcGL;10;1;0;3
vkw7xxv;7;0;0;1
w557;4;0;0;1
UDGyFiaKz;9;1;0;3
3dmmjDmPQ;9;1;0;3
fnaN2FAA;8;1;0;3
t9qtvq;6;0;0;1
tjrb;4;0;0;1
uj88bln;7;0;0;1
CItYSKVMS3;10;1;0;3
broir;5;0;0;1
,9wd1aNA0Txg;12;1;1;5
SvNyKkESWg;10;1;0;3
c7%LZa22:TqqFzK;15;1;1;5
vumai3;6;0;0;1
Na+c~Je\?<{Hkf;14;1;1;5
"[v.?.BW3\Q""BEJ""c,\";18;1;1;5
k521;4;0;0;1
bz969bm;7;0;0;1
lMazbqqUdTE;11;1;0;3
"D;1!3j_UaiCoL4g5$n";18;1;1;5
iy29;4;0;0;1
Lp5C5xk24Q;10;1;0;3
s5l92kLgK;9;1;0;3
ji8xqw9;7;0;0;1
d72AaSF3z3j;11;1;0;3
BcJW7ge77I;10;1;0;3
X-/%:UF?$a#67_o2ah;18;1;1;5
dphg9MeVBsg;11;1;0;3
2XKc3zLXUJ;10;1;0;3
asrpmn0;7;0;0;1
UB6CRSboMP;10;1;0;3
sw3dL4C8MhB;11;1;0;3
pBKPilrPsL;10;1;0;3
"h"";fGB(r#pgB";12;1;1;5
q14jxh7Tz;9;1;0;3
MNDpEyQ7A;9;1;0;3
RaGTODNs;8;1;0;3
Uo:.65$.TQ7?;12;1;1;5
n2j3;4;0;0;1
hkupgru;7;0;0;1
}l[HO/Mfkv=r9DuhC$;18;1;1;5
"\I""z%Cx`uo_<S&;$WL";18;1;1;5
8gbpqp;6;0;0;1
munNZByev;9;1;0;3
pw%Ob>RcMcwq3;13;1;1;5
tq2oj;5;0;0;1
+2e|)zC_KyrHq#Z_W;17;1;1;5
d2FlpkoiDEP;11;1;0;3
zc4iu;5;0;0;1
HsVKygcPRA;10;1;0;3
jJoZqi5Bn2;10;1;0;3
u6emv;5;0;0;1
30c3;4;0;0;1
"u3GAmM;:)~vRA";13;1;1;5
Y{[>BK|=n&||qOlj;16;1;1;5
JMx9zsppn;9;1;0;3
h{4<o4,~6LW@/6ra\;17;1;1;5
nDylVOdC;8;1;0;3
wfvgox;6;0;0;1
"\*O\G.Jp[YFN""r%";15;1;1;5
meoXOZnJ;8;1;0;3
HDDDuPl[vmW!0>BJo;17;1;1;5
HHAmaprjeJ;10;1;0;3
x6cx;4;0;0;1
MT[+.}h4=rM^25;14;1;1;5
kRNM7ft9jM;10;1;0;3
I{WWlhMe^+_=;12;1;1;5
T]pQH%|`Qo[J;12;1;1;5
"yj2=s:UHIG,h""P""";15;1;1;5
/EPp|/-'Qqyvdc#V.;17;1;1;5
!P3$0W.P#iaq4;13;1;1;5
AZrt791Wy;9;1;0;3
"{hb<EC;$|OWf_z";14;1;1;5
ppVclqRE;8;1;0;3
cf%#,'wAdb~F9B-;15;1;1;5
eFOkVW5xt;9;1;0;3
2Vb@vYq=Hc=-R>z];16;1;1;5
HNDmUPS4u7s;11;1;0;3
25Bu1RRwB8;10;1;0;3
mhc02yu;7;0;0;1
osX2fr3GK;9;1;0;3
zwr5;4;0;0;1
mXEUQbj7Vcf;11;1;0;3
qGdwJmci;8;1;0;3
x6HmBFk9Yo;10;1;0;3
b6uhUNh4Ym;10;1;0;3
QC9tTC7cMT;10;1;0;3
1syu28;6;0;0;1
48ffUYTnj;9;1;0;3
6bjqbuv;7;0;0;1
NoOFkLZFFF;10;1;0;3
CHv4'D}CQJCHX?;14;1;1;5
INjGJX6THos;11;1;0;3
6A6TVgm9;8;1;0;3
9?R)lu,0_?61N[;14;1;1;5
w-mcYzW@`&e9;12;1;1;5
L>UtlKt%kF.Ow;13;1;1;5
a1y7cyo;7;0;0;1
"D2nn'4mC""N{Q6]*]M";17;1;1;5
3xLxgojBRC;10;1;0;3
dcXEXQgIT;9;1;0;3
^0{tXsi014G(Nf{t.6;18;1;1;5
lENTD5fSM96;11;1;0;3
G:WSAuqYs%[u7;13;1;1;5
zgcuk;5;0;0;1
liytyMgM;8;1;0;3
wunyf;5;0;0;1
ah6Crk<>eXggXcb(O;17;1;1;5
Vfb8dtFtp;9;1;0;3
NxCLJWKxJ3;10;1;0;3
qWhhpW3fbq;10;1;0;3
aymtp;5;0;0;1
"KhpL<4A%""C?1zB";14;1;1;5
"[2rnA;d@l5si7OQ@X\";18;1;1;5
fQlS7n5fDqm;11;1;0;3
0-c(!jk1>^kaYI;14;1;1;5
yhO8RsEntHM;11;1;0;3
Y\nHSe6(<8%WWB`;15;1;1;5
JnhP46Akf;9;1;0;3
"H<EvE__YqY:y)""&IP-";18;1;1;5
fQS9FKNVP;9;1;0;3
jmz9m6;6;0;0;1
"o+;[%0w,hpaP6Ahegr";18;1;1;5
llejnnj;7;0;0;1
67261c;6;0;0;1
,kW2u+cl_}N%9v0L;16;1;1;5
9CN0u4cMy8A;11;1;0;3
72omknjNLV;10;1;0;3
q61tn;5;0;0;1
5}%v%zSi)Zm9YBu,;16;1;1;5
t0axq47;7;0;0;1
$}Ghbg(nDp3V(.7*;16;1;1;5
6aW_sWuUl|jab'@ar;17;1;1;5
(lnk0Mlfqw`Yd*;14;1;1;5
~uIL$ez0Z*jElQYm;16;1;1;5
K7vSkvsPR;9;1;0;3
"*E/;ZE|+Q\W)`R";14;1;1;5
pToU5Zo3nx;10;1;0;3
NQE3ItwoUd;10;1;0;3
t\b2{`v&uGOAT7Kh:v;18;1;1;5
tMtpYiImV17;11;1;0;3
kqble;5;0;0;1
o5WNAK7X7v;10;1;0;3
IiL92J*/V<y<Q?>8~;17;1;1;5
3Zqa3fCIBeI;11;1;0;3
JI4HNVcCr;9;1;0;3
dOCPLAbm;8;1;0;3
y6r8af;6;0;0;1
bcEC0cQNRV;10;1;0;3
n7vyc;5;0;0;1
5wUfxFoZXF;10;1;0;3
dw1wnc;6;0;0;1
UIZa1rJrb;9;1;0;3
"j""ucJ@pGLWgnL3";14;1;1;5
F^$K{ml-4H(z'~W!/;17;1;1;5
FUHQflX0R;9;1;0;3
3f1ai0;6;0;0;1
"sR:sG^P0*<OWzs""<";16;1;1;5
B<JCT9y~zF#^H_};15;1;1;5
$ZnC!pLpc$k@HuQ3;16;1;1;5
3CoQ8wEh;8;1;0;3
JrfxxBLqf;9;1;0;3
qMKl8kAvKt;10;1;0;3
8vtn;4;0;0;1
TDbyhhWVWq9;11;1;0;3
reHHI5MA7W4;11;1;0;3
ovY8fuukXS;10;1;0;3
9967;4;0;0;1
QhxB{jK-5{x|;12;1;1;5
*A\%>2TzleEhGv10;16;1;1;5
"BZGkM>!o;|bdU!M>[";17;1;1;5
9:%T?n+_W}8D#t;14;1;1;5
idfdlps;7;0;0;1
w24PHekyW;9;1;0;3
"vGj#};Z*EPR#_pM7e";17;1;1;5
AR0ucpFToU;10;1;0;3
"H6]{n%fS^r;p.688~N";18;1;1;5
&)gzZ!H>Kvq\A,/Vtj;18;1;1;5
AAPM7ppS;8;1;0;3
Nm6DbofDmD7;11;1;0;3
r5iM7SRX;8;1;0;3
zzqdrzd;7;0;0;1
xBzQPF6bkhs;11;1;0;3
YjeEv07gh;9;1;0;3
sYjGBgQT8CM;11;1;0;3
r0yyi3rx5Ef;11;1;0;3
9iJpXUQvP;9;1;0;3
TIOIn}x_9AKR/;13;1;1;5
3c54bj1;7;0;0;1
c>8jUOE36~uT;12;1;1;5
l!:K\VkkirX.1-9;15;1;1;5
"y""gO0k_OPnb'\";13;1;1;5
IC!))JvUc6Q`A[d=;16;1;1;5
"gR6KH^{[8Z""[";12;1;1;5
E4XGONgZAX;10;1;0;3
"()""Up~5`QU1I""0~6u";17;1;1;5
y5hq;4;0;0;1
mK6gVpahK;9;1;0;3
mPDjkYwQgP;10;1;0;3
>7Moy3(WWBAi3;13;1;1;5
tD1coomM3H;10;1;0;3
z`nN0wbb?rhy{Vp;15;1;1;5
aCa`A|tg$#]ef~&mGM;18;1;1;5
1vni;4;0;0;1
H5l7MP3h;8;1;0;3
5pzut;5;0;0;1
F0_0k\zCuk}+:~\M*);18;1;1;5
lwta66c;7;0;0;1
ezb88eRfrQY;11;1;0;3
ssext;5;0;0;1
u2770q;6;0;0;1
4hk8xd1;7;0;0;1
OdvUpuxfmx;10;1;0;3
NY1vJGigR;9;1;0;3
xbif;4;0;0;1
PILnBfrDnkj;11;1;0;3
"2JT^|@E;8_#&Z}v2&a";18;1;1;5
"7#3""m:4R""tVn-+C";15;1;1;5
n/RJfvpv:L3j=50oW;17;1;1;5
"AX""4N;j[`^=xx#(3Dp";18;1;1;5
ulJ3i5ht9;9;1;0;3
v)${HL&63kP=j;13;1;1;5
wzfant;6;0;0;1
"\Lvu""OEJr%6O-`H";15;1;1;5
\)=9Rd7+@j!#(evkn;17;1;1;5
vrad;4;0;0;1
EeR5A1AmjK;10;1;0;3
OH5jXpvqOhC;11;1;0;3
WCrFVqIG;8;1;0;3
"R?IqZMTl$Cn&""^EzV-";18;1;1;5
vTAqd1v1i4e;11;1;0;3
JWf7AH4W;8;1;0;3
nUEfLCMh;8;1;0;3
bRwUlo1MqGq;11;1;0;3
lqfqhyb;7;0;0;1
j45dden;7;0;0;1
"%Gb72m""*#Z-IhK";14;1;1;5
Fxn,ZzpJi\(<%d4=;16;1;1;5
g6y7A1FgfR;10;1;0;3
cP2f9hfe0lg;11;1;0;3
gbV'[V%9Jt<iMBe7^;17;1;1;5
aipmv;5;0;0;1
Tjg3CM9l2Wb;11;1;0;3
vtNw0rCk;8;1;0;3
EZeQtAIr8N;10;1;0;3
,{Z[,cM\ng|_i_;14;1;1;5
qpgoeh;6;0;0;1
vio7;4;0;0;1
04v06rh;7;0;0;1
"_afU?lLF>``;t1&ACu";18;1;1;5
Ry0QLBYjtsz;11;1;0;3
fxc46z;6;0;0;1
Z00Z2DhF1;9;1;0;3
GS6Uz44Ul;9;1;0;3
7TXTxPbzbQR;11;1;0;3
M4(Tfwi3>cMR;12;1;1;5
ez37u2l;7;0;0;1
LXf7Pr7ifk;10;1;0;3
pFcCBBT5Ode;11;1;0;3
"`\_aKS4Mh;b:";12;1;1;5
8riwaPJe;8;1;0;3
E8pRoAkq;8;1;0;3
dELufnXTq;9;1;0;3
YSkMW33lVp;10;1;0;3
zc62qaq;7;0;0;1
wltdaoe;7;0;0;1
8UbbwNtRzw;10;1;0;3
qweaszs;7;0;0;1
jnQx5{'_o5a59$o-B@;18;1;1;5
8Z5tcZILG8;10;1;0;3
1vyuoUMjHp;10;1;0;3
jdhnd;5;0;0;1
ZGATxJv8lHL;11;1;0;3
ucra5;5;0;0;1
0;18;1;1;5
oi1dfko;7;0;0;1
2DxBWuQL0n;10;1;0;3
DY9PivQVW;9;1;0;3
kaxcco;6;0;0;1
"?^A}_""zE!d7Xo";13;1;1;5
AHCbzrly6;9;1;0;3
ep4w2l;6;0;0;1
DuX9y5Ak;8;1;0;3
093ft4Nb6;9;1;0;3
riFQUPR3Fk;10;1;0;3
{8YVr&0b7/r`#;13;1;1;5
3lvyqmfc4;9;0;0;2
zuffzf;6;0;0;1
blbLZjY1j;9;1;0;3
96w3zuRDBb;10;1;0;3
C3RBIUMDho;10;1;0;3
CEekI+(GR_NNThI;15;1;1;5
zzbzv;5;0;0;1
0lu6r;5;0;0;1
JSPx4uRuc;9;1;0;3
0g1qcx;6;0;0;1
XCtKfJNfG4;10;1;0;3
ckWAXsJx;8;1;0;3
K=oGJh3V|:zyQ;13;1;1;5
xauk;4;0;0;1
siMoEnWR;8;1;0;3
b5wAohgv;8;1;0;3
sN8YxACz34;10;1;0;3
dn4yq3;6;0;0;1
[{a'qC4ieB{8E,;14;1;1;5
Phaey32Kgp;10;1;0;3
9LGXaYcTvF;10;1;0;3
5rOiQQn18Xn;11;1;0;3
<l]%El18g[)|Y5,;15;1;1;5
B0FoizSz;8;1;0;3
p34b;4;0;0;1
VpVp5MJTi;9;1;0;3
/[F[wY}0Sx`IO;13;1;1;5
vazf`bMWmN8)+QO~bI;18;1;1;5
pzu9afk;7;0;0;1
")'se~31Cpar2-/;=+k";18;1;1;5
2M=iU$*FTe8516^5^;17;1;1;5
#ZsQ8=:xvWUJ43eb;16;1;1;5
dbvPhnmEfi;10;1;0;3
MySo0XvWbCe;11;1;0;3
"h+/whI/wd:>zq""55";16;1;1;5
u2tkdcd;7;0;0;1
ev32ka;6;0;0;1
dkL|}G*7'&S%Re;14;1;1;5
XVtV64iF;8;1;0;3
[lfY\FqX&NPA_5r}`;17;1;1;5
Lb5km84K3m;10;1;0;3
0nq8LwSdXT^qI;13;1;1;5
r2efgr;6;0;0;1
Yc_as5\BQdu{Iy;14;1;1;5
NSgfxkNkf;9;1;0;3
"(FF]~3r{m[""x";12;1;1;5
0;18;1;1;5
3whvtt2;7;0;0;1
ep02ig;6;0;0;1
IdGW5zPCYvi;11;1;0;3
1N3omRdguhG;11;1;0;3
|3|M>Y,qh7|#ul;14;1;1;5
ibpDXgLFa7u;11;1;0;3
umybaZf1KoV;11;1;0;3
yTQR.,VaK3@^;12;1;1;5
986g7jc;7;0;0;1
HZzFQoLhLqz;11;1;0;3
6MLt87Yt;8;1;0;3
"Z3.M`""gw-}h28";13;1;1;5
F$DFd61iapVog;13;1;1;5
pbzx79;6;0;0;1
87M1CCt0un;10;1;0;3
dgl3nNIXdhi;11;1;0;3
33}kJ&yWGNtCR6;14;1;1;5
j]+_[!4:HhSBQ#D+o+;18;1;1;5
KCX~u).u-I|!;12;1;1;5
t0qL`/CVWr:'&?;14;1;1;5
~\Y23WM>`*c)6PH;15;1;1;5
e0&<I4ajqC(%IYZ}lR;18;1;1;5
@s3-(Hi=%_^.*;13;1;1;5
iqou4L8mFlM;11;1;0;3
"T*b[~2*C"".8QAzT";15;1;1;5
"<-z!4~""Z*|HZ";12;1;1;5
[ihL|Fg}-::E;12;1;1;5
8kjujs;6;0;0;1
sr3079;6;0;0;1
owcpz2w0Jk;10;1;0;3
1Zt5XIdTLm;10;1;0;3
fzwYuAWMIT;10;1;0;3
yPlf5eueK;9;1;0;3
KTzNP9id;8;1;0;3
2n97iXDDFhc;11;1;0;3
QhATUMQKI3y;11;1;0;3
"4H7s)1o9~~W01M""+";16;1;1;5
nlBz1sianpf;11;1;0;3
1}K)|Wg?q|/n'&MTd;17;1;1;5
Jve7c590S3;10;1;0;3
FIB575xT6sD;11;1;0;3
nn#e9.m'e)<H!G;14;1;1;5
03tj3lKc8;9;1;0;3
Y+2g0~XG~[Pk;12;1;1;5
ki5mf1;6;0;0;1
6zzk1;5;0;0;1
fyrQrEAZ;8;1;0;3
vFV\j#/SqtP,v;13;1;1;5
7ghjvdu;7;0;0;1
KqIsM7UjwB;10;1;0;3
OTZXPetw0;9;1;0;3
"""7H|#=|.&)zU";12;1;1;5
1KJRGSicsK;10;1;0;3
HSHZk89lQMF;11;1;0;3
uhbfayx;7;0;0;1
.jID^Hj[E{3%ciQ;15;1;1;5
4GVl`z?PPNaHx;13;1;1;5
WtqVXXSOLd:vcItHf(;18;1;1;5
"T1;BO:{y:x\)L";13;1;1;5
"+*^QRD8sg""*FMp(i_";17;1;1;5
ZfwJqGOZMzD;11;1;0;3
{(Q[<WN$CQtc\;13;1;1;5
iu67;4;0;0;1
YZG9edy82l;10;1;0;3
?<22ZS8tS^d1*yfO`;17;1;1;5
R8F5eLwm;8;1;0;3
"Xo;9UhrHpf$4&X/zb";17;1;1;5
uey4me;6;0;0;1
\>&cv9'ae)+$t{1;15;0;1;4
K499AshIK8;10;1;0;3
hrxyrY3WFr;10;1;0;3
830uge;6;0;0;1
(RJSlc7kte3Oek5(k;17;1;1;5
zqqew9a;7;0;0;1
-4::_O^PSJY>Zbl;15;1;1;5
QKYCHqRYJ;9;1;0;3
ey1gtif;7;0;0;1
";H`BLwWG3#xQ";12;1;1;5
GlEMOGfxtMM;11;1;0;3
ajj5CxeoS;9;1;0;3
uuhg;4;0;0;1
Y5UcSkyb;8;1;0;3
KQcUQqChGy;10;1;0;3
D9er2ns6Krr#;12;1;1;5
NDCGVFaph82;11;1;0;3
PyMjmXes3C;10;1;0;3
$NFbXd+=\aP!;12;1;1;5
BGx7wrna7y;10;1;0;3
LvmZssIUR;9;1;0;3
bP)*@9W*<5U&g%Q(;16;1;1;5
T?Q=p1$-C(YU&yoz;16;1;1;5
"'}/;q?*OS*Z%sw`Z";16;1;1;5
ahsb;4;0;0;1
",;|7;P7}uV{53";13;1;1;5
MFOlWucm;8;1;0;3
"Eh1.>)""yN#.x}b,";15;1;1;5
"-t;e5H.3Q0!@#u$";15;1;1;5
nAOwlVPo;8;1;0;3
ttox4be;7;0;0;1
"tQuI0@;%0UkfOadE~";17;1;1;5
j>$/ra,RUDf\=?;14;1;1;5
adbr;4;0;0;1
8w8TbTNw3Np;11;1;0;3
OY19x1G4AJ;10;1;0;3
IVY5By70QS;10;1;0;3
JzTK1-!n<iCH;12;1;1;5
axIZAkL0;8;1;0;3
ihpcob;6;0;0;1
Z!U*u\VOZnyMeF;14;1;1;5
ngum4x;6;0;0;1
9uh5gev;7;0;0;1
7Fa.$:~Z}w,wxo;14;1;1;5
32otn;5;0;0;1
r+,(g#$>~+/hzCQsK;17;1;1;5
6nJ1FXdpFJ;10;1;0;3
pwogvd;6;0;0;1
6eip776;7;0;0;1
rwitu7;6;0;0;1
S9zJ-VRZ5c(`8ias;16;1;1;5
sVzKifDfs;9;1;0;3
upiaxh;6;0;0;1
To6OfBqq;8;1;0;3
Z&%Wk[yU-\,3pdMT);17;1;1;5
rbac2po;7;0;0;1
4s6WmVwyOw;10;1;0;3
KOBumxvbxUg;11;1;0;3
yY041Gcrr3H;11;1;0;3
y9FMERQlZvX;11;1;0;3
sxl4rrnJcku;11;1;0;3
`_{zU%8K{RFFf;13;1;1;5
b3dlvq5;7;0;0;1
7^i[JI&R~nLH(P(p\;17;1;1;5
6ee8;4;0;0;1
($*~.p7EH%f>};13;1;1;5
fi&1|lz=ZS6%7C~;15;1;1;5
XOejBq8oKPu;11;1;0;3
wevaqgr;7;0;0;1
o9ng;4;0;0;1
qiuj4q;6;0;0;1
kf55py;6;0;0;1
Vt8Cd9Ran;9;1;0;3
w1ddc;5;0;0;1
7%?!?:Ibp1oMZE;14;1;1;5
zR#*_*OFk#lOe:kF;16;1;1;5
wSd5LLYAah;10;1;0;3
zOo%$^GC,]?k;12;1;1;5
"N7dl#!s$,y""8~q";14;1;1;5
9hoRJ4yDaI;10;1;0;3
5kmd6s;6;0;0;1
l%%$iQ_%dr{7**we;16;1;1;5
6rNK48xKVl;10;1;0;3
3dlrySn7Rb7;11;1;0;3
lvsur;5;0;0;1
vO86QfGlM;9;1;0;3
H6SgXCOW;8;1;0;3
7IwR2fiB;8;1;0;3
zTZ0vUm5J;9;1;0;3
9Cja6iz26i;10;1;0;3
7iife;5;0;0;1
AzG8gPEGk;9;1;0;3
10O4HnK6ON;10;1;0;3
0vVhILirR;9;1;0;3
vxg69nk;7;0;0;1
K2O7QQZQyK;10;1;0;3
rfe11rCIUO;10;1;0;3
3urtm25;7;0;0;1
ZNKWoWHpnCC;11;1;0;3
qu450k;6;0;0;1
jzLHqipC;8;1;0;3
wtVVVMd9S4;10;1;0;3
qNztV'C|@]]8x%e;15;1;1;5
KA*vtky8pA|Pld.dI;17;1;1;5
z&<IwcNOw/R|9\~W[2;18;1;1;5
sb2wUB7FV;9;1;0;3
!>?]2.*<\e-p8O;14;1;1;5
o0nxkj;6;0;0;1
vl5v;4;0;0;1
Ewt^-s\yaXbj;12;1;1;5
Naqfkpal9;9;1;0;3
K$^(ki[]sws7;12;1;1;5
"_r&Undff-.&~G5/i;";17;1;1;5
6_-?LM?9Z``q&pr+;16;1;1;5
g8K,e+(C(A?s;12;1;1;5
E44We7dFb6;10;1;0;3
"f\aFq!G<p""cQPU";14;1;1;5
u]M=?e/\P/e72M&+*;17;1;1;5
"]R7&w;*?""&cEG";13;1;1;5
bPf0PxLD;8;1;0;3
3yrlh;5;0;0;1
912o;4;0;0;1
WmK+Zx)CY(:v2B;14;1;1;5
sm0rJoZzSw;10;1;0;3
hst0;4;0;0;1
5xwb0;5;0;0;1
GBm0PZgLtO;10;1;0;3
":B8dS7,9""ydFh";13;1;1;5
oprwq;5;0;0;1
q6STbb3gi;9;1;0;3
3^m?8\]K0U]Tg;13;1;1;5
#`wJkg<1<g%.3;13;1;1;5
5m+B+:!=Y21Cop;14;1;1;5
P0staSCdlh;10;1;0;3
ey0cmdqXDn;10;1;0;3
TU?JZC]V}+I5}]7c;16;1;1;5
486y8i;6;0;0;1
"v8j;A7&a6A|=g";13;1;1;5
gZ9iBzsb!iwT-81/S\;18;1;1;5
Qn.KJu1#55JG}e;14;1;1;5
zLR8S0QxQ;9;1;0;3
jqAtivzyJv=p_;13;1;1;5
u<XQJBIIu4<,uXAxkX;18;1;1;5
KjpaEQYs;8;1;0;3
amtkh7;6;0;0;1
bonv8n;6;0;0;1
hPhW3EtUwI5;11;1;0;3
o9BazJW2nu6;11;1;0;3
"x'z,o9"".Ck>2bI";14;1;1;5
kShqfF3hjG;10;1;0;3
ml6ti;5;0;0;1
49Y8quyK2o;10;1;0;3
eb426p3;7;0;0;1
5NZdUJvp;8;1;0;3
67FABOLSQx;10;1;0;3
96r09;5;0;0;1
b3plM61p0beHS@;14;1;1;5
5oz0qy;6;0;0;1
kgrww7;6;0;0;1
b4lgy3g;7;0;0;1
"l%Dl_;Y3h6Yx";12;1;1;5
hu7kni;6;0;0;1
pnejLiWRLfH;11;1;0;3
C5!4V|<&5`db~m$;15;1;1;5
fz6a7os;7;0;0;1
utp3upnGL;9;1;0;3
ILJ82b87;8;1;0;3
IO%N^:r<g?B|y8(;15;1;1;5
5bup6;5;0;0;1
}b$>OqRM(?BjJpn0=(;18;1;1;5
WsMoFgQql;9;1;0;3
yhp00E$WyJCplC;14;1;1;5
l^NEDl(TH0Eg:18;15;1;1;5
kyi8e5g;7;0;0;1
l6[PrQbMyFl7X1Y01;17;1;1;5
ft26r4;6;0;0;1
B1g$#oMm+*T&;12;1;1;5
St73fxto;8;1;0;3
wyr2n;5;0;0;1
"n""yOa!wO_l:;";12;1;1;5
)5`w!vuEw2RV_}-\Z;17;1;1;5
6ty9dh;6;0;0;1
XjnK^mj{:ByL;12;1;1;5
(Bn*!YU2.&pRmZ`ZM;17;1;1;5
yQ,8[':kD!3o'je_GN;18;1;1;5
zzwpy;5;0;0;1
S[ZIwtM-(`f#;12;1;1;5
bjjWyRic;8;1;0;3
lkgxy;5;0;0;1
$*>-2b8d^yv4LL4;15;1;1;5
"{>UW""ONMD#xB#*k";15;1;1;5
xf42;4;0;0;1
dBcpBUzL;8;1;0;3
RRgb3}yTRcWqC;13;1;1;5
uWV4wseEj;9;1;0;3
b6GKthfc;8;1;0;3
A\I#xi_5TEtWHL;14;1;1;5
sShskcFsr;9;1;0;3
"F3uNxYuKR2QM""=Ysn";17;1;1;5
XVSKIJomL;9;1;0;3
KkE0m37KaV;10;1;0;3
3onhIH92R;9;1;0;3
LGVInVcM;8;1;0;3
9qd4;4;0;0;1
)!g&XHJ2{pF@wc^H;16;1;1;5
pzt7;4;0;0;1
t4sZXYk2V;9;1;0;3
bdYUDazoHv;10;1;0;3
Zt4UrUIsB4t;11;1;0;3
"lPP;rZmNc#q]";12;1;1;5
"#9z]%s2$""lgv{/ewA";17;1;1;5
nNgWkLcl3F;10;1;0;3
0;15;1;1;5
w3K7vg6w;8;1;0;3
#4Q59j6]0w^hr::u;16;1;1;5
46hj;4;0;0;1
400co;5;0;0;1
y1uw1vb7S3k;11;1;0;3
Z'WgrsXLh^j6vp>X;16;1;1;5
"W;!N+twZuq!sfWFY";16;1;1;5
uc64k;5;0;0;1
hYaUnAVZm;9;1;0;3
E&3'1@bH.kE<\>:W;16;1;1;5
"""~>(_qSLx!2=2P6b";16;1;1;5
gcdwlc;6;0;0;1
pmljc;5;0;0;1
56ng;4;0;0;1
PMP(s~:AS#i35E;14;1;1;5
0aNybO6=*\qBH'Fhv;17;1;1;5
IfC7y5Fx;8;1;0;3
5vs6sz;6;0;0;1
lcjwdva;7;0;0;1
OBxM073SQjB;11;1;0;3
iW`dk+T\UNTWQ|;14;1;1;5
SCx7nZBE;8;1;0;3
UqIgMzDZ;8;1;0;3
zqtx;4;0;0;1
QBZ8vvIFlQ;10;1;0;3
jNkJAmdYxT;10;1;0;3
&|4[_T(D_P<D{F5];16;1;1;5
jaqshb2;7;0;0;1
jhxl;4;0;0;1
"Ud@i|Gr#9QsO>;d4$a";18;1;1;5
"1t.Y]^hSQ;x^^";13;1;1;5
"881J}~T""=z'5II2j";16;1;1;5
5J8F5Q4p;8;1;0;3
ZPJNeAax23m;11;1;0;3
"Hy-0=oEJ3CaY*Lf;";16;1;1;5
{F@Gs{jkNRKF3;13;1;1;5
JXgFHl8XX;9;1;0;3
bzbmnx0;7;0;0;1
ayvxad;6;0;0;1
OCijd5%+U}S.;12;1;1;5
hmPvIbLaYzO;11;1;0;3
7ikmDbMdzp;10;1;0;3
xew3a;5;0;0;1
"zuC42;""4\'3<R}G.|";17;1;1;5
j*#Fd0J8s$c38;13;1;1;5
bl44v;5;0;0;1
bXHhqFyXOgl;11;1;0;3
t3so79s;7;0;0;1
4TJZZFlO0M;10;1;0;3
sZ/jp<KKRub{S8ub~t;18;1;1;5
kFBGURb1c;9;1;0;3
v]+Hc6a`8e)%[N}qFt;18;1;1;5
WdNcugFqO9l;11;1;0;3
43unlh;6;0;0;1
tbOoEwAVxDA;11;1;0;3
TnPZhxcKUW;10;1;0;3
opmr;4;0;0;1
6jv4v;5;0;0;1
"NZk""!WZ&kkg#e)m";15;1;1;5
"""`4mK""^`=fW$O#""Vy";17;1;1;5
alqst;5;0;0;1
y01kg0;6;0;0;1
UAOQ6uXfcWf;11;1;0;3
ap/>wZy|~G}ZG%~oV;17;1;1;5
HNOhgeet;8;1;0;3
9aqg;4;0;0;1
F57ZpjJjNs;10;1;0;3
hjo9;4;0;0;1
zq8jnd;6;0;0;1
b`~.[x(wv,T[<!%?7;17;1;1;5
6UUa12H8;8;1;0;3
z5xyQLBb;8;1;0;3
wt9qr;5;0;0;1
4tmtSeYr0r;10;1;0;3
lurmdk;6;0;0;1
u1c{{gZ%m][4ekU;15;1;1;5
6$EcMw=b37'@&;13;1;1;5
]0M(Tt-~cMP|D[x,Qa;18;1;1;5
Gco9fsbZbj;10;1;0;3
SZrthXF5Yhb;11;1;0;3
eli1;4;0;0;1
"usi~[F`yq;A>I";13;1;1;5
OQutlPXnq;9;1;0;3
iH6LsEWRBH;10;1;0;3
X6Wf8zr5l5;10;1;0;3
Uge]V+8+8OFQo;13;1;1;5
FiwDBaKgo3n;11;1;0;3
|uy)Aq2veY/9'Q^s$;17;1;1;5
HTcb8ACqJKr;11;1;0;3
kub2mc6;7;0;0;1
881xyy;6;0;0;1
nwx59;5;0;0;1
HhJrEkqov6;10;1;0;3
rbdog9b;7;0;0;1
Q3nQ4eH6GhE;11;1;0;3
giqza3v;7;0;0;1
rkfTFHdwC;9;1;0;3
rPfMHC2G;8;1;0;3
0[Yo2vhCmpiUzN;14;1;1;5
h^6ybh$xtn<p~(*-;16;0;1;4
gA8soL8gW;9;1;0;3
Oy18we2c;8;1;0;3
fb1kq;5;0;0;1
1jg0;4;0;0;1
A5sqVVHi5lE;11;1;0;3
CzgqhZQYIW;10;1;0;3
"'U9_X3;Q*Q=qNpJq";16;1;1;5
kpveqpy;7;0;0;1
vooixz;6;0;0;1
TunfZghKsQC;11;1;0;3
yiGShU9hL9N;11;1;0;3
RvgJBgUP;8;1;0;3
hbxRpaGa;8;1;0;3
yfoSU\!v[?<h9vc|}P;18;1;1;5
hddrgf;6;0;0;1
Nfbgucqx;8;1;0;3
c3AcEplg5;9;1;0;3
"<O8wHN7g""[[D\aB";15;1;1;5
41c4gf;6;0;0;1
VHDhe6pcVT;10;1;0;3
"M>v3mbS,L|yJ;u>!ZE";18;1;1;5
hehg77j;7;0;0;1
8ie5lfOZ;8;1;0;3
oxqczi;6;0;0;1
eY7rh62g;8;1;0;3
'F=S~b2E5sD!t:0Rz;17;1;1;5
%0lvL}R%''?<2U;14;1;1;5
ZAeHT85bjZi;11;1;0;3
pbml0;5;0;0;1
zpqo2;5;0;0;1
Uoy^$*UQ&1oUx;13;1;1;5
snob8p;6;0;0;1
7aUZ4ODW;8;1;0;3
"{4A#z5""p3XaoE";13;1;1;5
ony4TGDkVtr;11;1;0;3
y$V3gP+]&?fPY{+;15;1;1;5
1+\#q8mJQ=9a%v;14;1;1;5
SKH7punJi;9;1;0;3
"8>x"")Y]f/xDe.O";14;1;1;5
gi0b2;5;0;0;1
3uvwl;5;0;0;1
Xu>IN+L$aG-S;12;1;1;5
HIC5QMRonP5;11;1;0;3
yl5jqd;6;0;0;1
d}}>~eq9[ISQ_Y9v};17;1;1;5
"Y;5;6`G(""p0G^";13;1;1;5
NPskRo3Bjr;10;1;0;3
81zzu7;6;0;0;1
R<j$6bpcxU+d;12;1;1;5
mv38x;5;0;0;1
54tbt8;6;0;0;1
50ldysk;7;0;0;1
3Acv67wZc;9;1;0;3
f1E93OYcG;9;1;0;3
KQu0xpZQm1N;11;1;0;3
sfP4S14RTpB;11;1;0;3
JbuSVZMe;8;1;0;3
sx85BGLEcZ%[t]KTq;17;1;1;5
j'LF8k0H_Wr*|yMS/#;18;1;1;5
BQVr6yDx;8;1;0;3
ohe6ACM9VHp;11;1;0;3
JZKqvCqLe;9;1;0;3
iB?\!wOBU,VTf7;14;1;1;5
av4rp1g;7;0;0;1
.v3&I+GH&b_5BwYO~!;18;1;1;5
ie51z8;6;0;0;1
rj0qy;5;0;0;1
39jgrNZ8nQ9;11;1;0;3
ld0imz;6;0;0;1
-%3`xf/wJ%jFo;13;1;1;5
c27ft3;6;0;0;1
a4MEr(ca06D(hqPn6B;18;1;1;5
vbh9;4;0;0;1
siy3w39;7;0;0;1
tivoa;5;0;0;1
eea598ugzoT;11;1;0;3
4nxym;5;0;0;1
R7SRDy4mp;9;1;0;3
jrtd1te;7;0;0;1
6}~(xtKYu8^RK=;14;1;1;5
nyt27;5;0;0;1
e6qts8x;7;0;0;1
1KTZUoKqu;9;1;0;3
ZbH46RugOOy;11;1;0;3
yhamfb;6;0;0;1
iHOA*XL-],vTTh9+;16;1;1;5
bxXkdwm3V;9;1;0;3
rexx5;5;0;0;1
EYa95oMvIU;10;1;0;3
vj04ee;6;0;0;1
"l;/=hmKti\.?;";13;1;1;5
71xLXjEExA;10;1;0;3
-}(xJY7*M0}hs;13;1;1;5
@^@r\$G~-m=bS;13;1;1;5
aM*ivtdfNZ8Uk[c;15;1;1;5
exqWTe0T9Pt;11;1;0;3
l2q4;4;0;0;1
\$5}UW2+9&VnbT>p_;17;1;1;5
9f0k6;5;0;0;1
"M""<4w_b9LsrLt?1kD@";18;1;1;5
uIe-N*@6a,[Z;12;1;1;5
4mQ#YzEHNAnOmM;14;1;1;5
a6End46J;8;1;0;3
i5ur;4;0;0;1
K4hQ4Y3I8C;10;1;0;3
qt1fb;5;0;0;1
abMkmij2V9;10;1;0;3
csyuf;5;0;0;1
efVlDXlms;9;1;0;3
K2|ewgQ!1@0+;12;1;1;5
Fxpeu835;8;1;0;3
piqnu;5;0;0;1
4n7z1;5;0;0;1
LCO1BhhI;8;1;0;3
iipt;4;0;0;1
PczI:^t0-5yM)&;14;1;1;5
dqXZFoadDu;10;1;0;3
1Sb9hdUl;8;1;0;3
~%rZ()?$T8]3E+pKM.;18;1;1;5
2h59;4;0;0;1
xy8aqme;7;0;0;1
yji46c;6;0;0;1
MVCpnMromZ;10;1;0;3
?8QR4\9l<w\~;12;1;1;5
39y4ZmFfpru;11;1;0;3
9F($v(@3#/KOUu;14;1;1;5
Jcr|s4#q'E79*U2p;16;1;1;5
py.y\6GtBiWa;12;1;1;5
KIfPIMaAeg;10;1;0;3
bddRGe4fc;9;1;0;3
nddu;4;0;0;1
myrsxvZla;9;1;0;3
qyd2f7;6;0;0;1
ltlQo3uj5k;10;1;0;3
AIH8eVkj;8;1;0;3
yctswdc;7;0;0;1
NlQbIqw5;8;1;0;3
7f3c;4;0;0;1
4wox;4;0;0;1
NIWhZF4LwsL;11;1;0;3
8ec2xhb;7;0;0;1
6br1qv;6;0;0;1
upOEvGELVqT;11;1;0;3
8kjTQCte;8;1;0;3
w\~oZm>/_+A505;14;1;1;5
MwdPovPj;8;1;0;3
0;17;1;1;5
0xx3h;5;0;0;1
1zge;4;0;0;1
F0EywH91Jm;10;1;0;3
x5NAw1E39MG;11;1;0;3
ABFOKgHq22;10;1;0;3
26tqq;5;0;0;1
l9mac;5;0;0;1
`rb.x>*q>K2Gr;13;1;1;5
g*d*,@w4Rf`c;12;1;1;5
|u@/$9W_^BvmWowFpk;18;1;1;5
w8HgN8SN0j2;11;1;0;3
nYTPvso7ko;10;1;0;3
AAeGMkts;8;1;0;3
Q2ckEZoKz;9;1;0;3
azBKArK4;8;1;0;3
"?#;^}A/_T@&(I=45";16;1;1;5
Wa0t@PBg6!Qjwlw;15;1;1;5
SA3xC0YZ;8;1;0;3
-a^YnO&4+9)H;12;1;1;5
>&/-P1GaJg/,s=;14;1;1;5
otTlK7q#f{Y@@/m,;16;1;1;5
uky1n8;6;0;0;1
teJ23tMAh;9;1;0;3
t5-2ghz%Cu-5;12;1;1;5
6s785z;6;0;0;1
"An;o!V3`ttpaL";13;1;1;5
wnpn8PIRQB;10;1;0;3
S7MA)Li:%!6z%;13;1;1;5
piuttlx;7;0;0;1
7kkon;5;0;0;1
tf3h6oi;7;0;0;1
FYgjsJSv;8;1;0;3
"""3B:JT.&AJ'F9w4Gy";17;1;1;5
e0fd1n;6;0;0;1
3{Tj}XiD(22g)qT%;16;1;1;5
0zvsqzt;7;0;0;1
F7mZZy^\p}5!a3zeP;17;1;1;5
dAN86c1jGgX;11;1;0;3
uq)Z@S^sl)`:{-2FB;17;1;1;5
zl5v+gIkOtX~;12;1;1;5
dsi0;4;0;0;1
zhgeuhi9u;9;0;0;2
tcjol;5;0;0;1
"ppR4)&lgd;)w,";13;1;1;5
53.)EcW@KMEa:5=b;16;1;1;5
aLl5eJiR8;9;1;0;3
m$RDi]k#^~)uZu3Z;16;1;1;5
[9&'29<EJc6e):0w@;17;1;1;5
B,L}[7P:vQs'U/*d-3;18;1;1;5
ipvsvb;6;0;0;1
>LVIt$@NRDa&<)*;15;1;1;5
cvt2;4;0;0;1
NMgutIkb;8;1;0;3
sNSAcKCrr9m;11;1;0;3
s6QdPfED;8;1;0;3
5RSK5kcAHxV;11;1;0;3
"Fc8e(nxwI""1ed!N";15;1;1;5
";tO8t'M*mn$^PU";14;1;1;5
vg42;4;0;0;1
hhpaVpr1;8;1;0;3
Cw,0%5,9W&g3G%Jm;16;1;1;5
"{{:""V4|*!4[~";12;1;1;5
afds9fgzp;9;0;0;2
mba7n;5;0;0;1
-+2E}}>CS*aAg;13;1;1;5
"HZ~OmDVJdOreZ;Vx{:";18;1;1;5
bTHbYXylq;9;1;0;3
vwvH1B1oXfm;11;1;0;3
0pEaMhatW4A;11;1;0;3
+Q?5hw:N}`)0F9x;15;1;1;5
z\k!*6S-E,2&ZZsS;16;1;1;5
y7xnno;6;0;0;1
uzr1eb5;7;0;0;1
6Ohvj1s6;8;1;0;3
ubFtPV4v;8;1;0;3
2T8n%zW{R0eS4!;14;1;1;5
DWtPeEKjB;9;1;0;3
3jvulv0;7;0;0;1
dh0o4E8SwR;10;1;0;3
W?u[I|vUAb-mU:;14;1;1;5
01l1X4jNEKo;11;1;0;3
CsGS612aP83;11;1;0;3
DtzgFqTZ;8;1;0;3
KLbNeqgQNO;10;1;0;3
QySy#8n/EV{+wN-;15;1;1;5
P4Mqg4IFgy;10;1;0;3
HH4Yde5Q;8;1;0;3
F%%9jIwOJ_s]j%;14;1;1;5
PeQHxmoL;8;1;0;3
ckwt7;5;0;0;1
6z17IaJIdk;10;1;0;3
kIzyitzi6G;10;1;0;3
xqj4;4;0;0;1
yN9fFNSknuv;11;1;0;3
tdTvexIVc;9;1;0;3
csOewbr8;8;1;0;3
eawV\qLt7KS}Rvp;15;1;1;5
eopc;4;0;0;1
ARanCSc5;8;1;0;3
VWi1M6Qgw4;10;1;0;3
25Wl7kn8;8;1;0;3
py2$U+HV)=&U8@^@-N;18;1;1;5
81ur6;5;0;0;1
#{TJrC@R#$YI+Q;14;1;1;5
MQr69|saa2Pv;12;1;1;5
0ytakt;6;0;0;1
6GxgtIbXCMU;11;1;0;3
KKeee6hlU6V;11;1;0;3
SmA1hmKgZS8;11;1;0;3
bXxaAXQoLq;10;1;0;3
30UI0jB46f;10;1;0;3
"ryJQB"";\7hu&K0I!xm";18;1;1;5
57p7;4;0;0;1
cbmh;4;0;0;1
"VS{M'06|0""&@+";13;1;1;5
qPtwRwDH8;9;1;0;3
";*,$|I1qDC@cv#!/o";17;1;1;5
Zl~#j-\8bDYFM!;14;1;1;5
J/)%I!Q?tj+CM/|?Dv;18;1;1;5
vLitI4zr;8;1;0;3
LM3HKpcJ2H;10;1;0;3
ATGshV2X;8;1;0;3
GLRMOQ56;8;1;0;3
yfvw8;5;0;0;1
gfg6wk;6;0;0;1
:QNf=%?MCVqd>~L;15;1;1;5
9qM7BSSJeSj;11;1;0;3
68qSilqt;8;1;0;3
g0z78;5;0;0;1
khev9s;6;0;0;1
0;13;1;1;5
rrml;4;0;0;1
n7x3;4;0;0;1
DhISjcwRw;9;1;0;3
22TfOGZ5Rg;10;1;0;3
U%VvJ%gQ},o(;12;1;1;5
l0FqNBK<0dh?(;13;1;1;5
dUu8MnQT;8;1;0;3
r9c27;5;0;0;1
eGrw11vR;8;1;0;3
BxMqbdTol8;10;1;0;3
UJGqpc9mGgU;11;1;0;3
3bbvdw1;7;0;0;1
69lefu;6;0;0;1
"S<+""xnmmb6aM'(gd&k";18;1;1;5
4mspd4j;7;0;0;1
Y|L9t.v(p8=>n)#M#;17;1;1;5
H!??yRB8poBLe{JZ;16;1;1;5
[avyU#2eY%~bw5;14;1;1;5
vye3;4;0;0;1
"+A:]n=5dJW9""-yhj(P";18;1;1;5
0rax4zp;7;0;0;1
PhM5l41srV1;11;1;0;3
"/P3NL$Kg""U<\GZiIIQ";18;1;1;5
SxSeNHbzb;9;1;0;3
gCa7zjeh;8;1;0;3
f1vCe5bp;8;1;0;3
vomDS0nmeyk;11;1;0;3
9lx6y;5;0;0;1
A>Bz'}`hp.zv<hZr');18;1;1;5
GGrZidqp;8;1;0;3
WDJJisKWluz;11;1;0;3
r@a2#R}\NE:D4t,wA;17;1;1;5
Dkj6jdSaV;9;1;0;3
dJsFGnXe;8;1;0;3
"C'xWU_%g;k=b";12;1;1;5
bno1fgj;7;0;0;1
lNScBsFHs8;10;1;0;3
0abni;5;0;0;1
udnr4u;6;0;0;1
gw72kjc;7;0;0;1
|%U*_U+Q?K'o58m;15;1;1;5
"}SjU<Atr;OZ/";12;1;1;5
SPzhZe2ghA;10;1;0;3
CswJYp04dK3;11;1;0;3
anlan;5;0;0;1
sb30k;5;0;0;1
BTi3buG1S;9;1;0;3
Q2DUYIbm5lE;11;1;0;3
FnsxOtLI(s.{$;13;1;1;5
"!q*YB?jNY1$]1;d]>.";18;1;1;5
"9(lkh""6@^!cyx]bs";16;0;1;4
KFjpPiOB9K;10;1;0;3
"E3GTp1;o0-jCl:;0>";17;1;1;5
qapl7;5;0;0;1
b43e46;6;0;0;1
kd72Iys9;8;1;0;3
UgT89DRM;8;1;0;3
vl2j;4;0;0;1
yovc3ai;7;0;0;1
FxJ(Z8.ShRIR`fQ;15;1;1;5
98yo;4;0;0;1
crr4t;5;0;0;1
wkvfh0k;7;0;0;1
"<3JV_GY+""evO@SO+~{";18;1;1;5
bmeTLgni;8;1;0;3
sy9d6y;6;0;0;1
wcO7cTsK12;10;1;0;3
p0y3;4;0;0;1
CowqssuhTt;10;1;0;3
n1ak07;6;0;0;1
3fQPbyYFfG;10;1;0;3
6}${}-cdZMM@uto9;16;1;1;5
qXWIho1rzv7;11;1;0;3
ZT6kDJXzr0m;11;1;0;3
626dw3;6;0;0;1
"Fz|L;rvCfSB<!])F*";17;1;1;5
qec8q;5;0;0;1
2VMAEwyp0W;10;1;0;3
82u6Yi2i;8;1;0;3
"UG{6PtH~""LTD";12;1;1;5
l5a5y;5;0;0;1
ukCJixXvo7d;11;1;0;3
R8DTvSpiHEV;11;1;0;3
"D#idB-*A,HpKfg""l";16;1;1;5
6bhgmmf;7;0;0;1
EtHnoVlNp;9;1;0;3
g40z;4;0;0;1
4czeWnl24hj;11;1;0;3
"<1Z}{NAO~>lja;""H";16;1;1;5
xJEhOvaHq;9;1;0;3
"Nnx'Xszy=}B=""lY""";16;1;1;5
z57mjQJZ;8;1;0;3
vBYnZygys;9;1;0;3
}~%B-EF3*[,`Bq;14;1;1;5
kqxxp;5;0;0;1
z3rleyj;7;0;0;1
&HX~uYq9\@HB;12;1;1;5
"(Rv@0Z{%?c!n""v";14;1;1;5
eohajR2JJ5;10;1;0;3
k38QSFtog;9;1;0;3
f4W2*ChmKF#OG;13;1;1;5
bhR08f8eV;9;1;0;3
xeKFi2CO;8;1;0;3
rlxImjoI;8;1;0;3
LFisUcNJZ8;10;1;0;3
opej;4;0;0;1
owncm;5;0;0;1
br013Hr1jO;10;1;0;3
9xr1n;5;0;0;1
ARC4a[puDbG|rB/$;16;1;1;5
&9o:*/[[]uqm[]BB$;17;1;1;5
Y3z!Z*ZQjR/+;12;1;1;5
,w4Mz.ox`dgYrdi;15;1;1;5
8hp%sk6POhrkd<#;15;1;1;5
AuPk2aQxW4Q;11;1;0;3
f4\mne:n.Bj-BOxH@r;18;1;1;5
:j&ln>&Cmv#>!_'-IG;18;1;1;5
"lB""stS/kqxX|cgQQL4";18;1;1;5
e0jcuei;7;0;0;1
99Nl6vme;8;1;0;3
(6kc]=2H\d#L;12;1;1;5
0py5l;5;0;0;1
oJJU/EyvQ=<IR;13;1;1;5
iw92skl;7;0;0;1
"-;EIQ*J2ecJ)oXuw";16;1;1;5
8vpvb4;6;0;0;1
d8CTmtTNB;9;1;0;3
|u>+@''z^d%|f,d+6h;18;0;1;4
t5dNcWvp;8;1;0;3
BqUuyKay4C;10;1;0;3
n3mVmDP8cn;10;1;0;3
ZSKjg4yGR;9;1;0;3
Htq?{w3c}a`_YPFY%t;18;1;1;5
1m4ZuLipkbj;11;1;0;3
iklv7cu;7;0;0;1
yOlPtT*}VjbO_[q;15;1;1;5
zWOUZLFA;8;1;0;3
8EM=:5*RR8*!IH<d_`;18;1;1;5
D[X,3Dg=vs9uJ0;14;1;1;5
8u5tiv;6;0;0;1
DyJea4u36n;10;1;0;3
bdtwee;6;0;0;1
aptphw;6;0;0;1
5lcn9IipHyd;11;1;0;3
NT5N1duT;8;1;0;3
creui5s;7;0;0;1
kJ0QV3BUDzJ;11;1;0;3
kiuxpwq;7;0;0;1
3ko1UZkL;8;1;0;3
d70Gx.:G\Q@N[p;14;1;1;5
"p;.$k4riP7Hy";12;1;1;5
r|lJ`Cd*[L&~h\Bn;16;1;1;5
_iTBFGYVkG|U?jl;15;1;1;5
iOwTUuyO;8;1;0;3
36jvw6;6;0;0;1
2OHu8lHG;8;1;0;3
a5DpuPdLnfk;11;1;0;3
#-%eOZ}RXnHK)FK;15;1;1;5
3mr3j73;7;0;0;1
fennkn7;7;0;0;1
-(oVpQ5.hF5?.;13;1;1;5
[!Z/ZCf6njB#kJy1p(;18;1;1;5
)o6IIOo<-(*4.;13;1;1;5
5ABBnKJDDP;10;1;0;3
2yp2;4;0;0;1
}6fCL0~,93SQ|V;14;1;1;5
XM2maUwq;8;1;0;3
SNtjRCJKJt;10;1;0;3
tjASpSrI5mW;11;1;0;3
qn4nm;5;0;0;1
"B8[;B00rOMX(>':V";16;1;1;5
xh99;4;0;0;1
br7JXGJOK;9;1;0;3
3tcib;5;0;0;1
aq7u;4;0;0;1
Op190VrYqln;11;1;0;3
th35r;5;0;0;1
w$v(@9hByN^ZK@WDld;18;1;1;5
";7fw00Kz5TCsFCe~";16;1;1;5
UXoSTTBd;8;1;0;3
bda3m5;6;0;0;1
CRVd.Lb=9.\_QJ;14;1;1;5
wn1bq8;6;0;0;1
0YQTLNyhtF;10;1;0;3
"{B5yd5#[V(R~;";13;1;1;5
4h6nbrv;7;0;0;1
oDEZg4eLM0;10;1;0;3
phc07;5;0;0;1
m2da1qWkf1c;11;1;0;3
J-IB,Y1Rzi?xI;13;1;1;5
2Gm=MRG_6vZpt}7;15;1;1;5
cxp875;6;0;0;1
oyc9;4;0;0;1
0bxz9;5;0;0;1
_/jV#gLgW1GbPF*q;16;1;1;5
SaN2QWxLoEF;11;1;0;3
AvWZAWhyts;10;1;0;3
2xfs;4;0;0;1
"r~@i99=;tXHMZB$A";16;1;1;5
EDBcdAI{y'RZJ];14;1;1;5
*}q)Y%_D<@L%#p;14;1;1;5
X8Maus78Q;9;1;0;3
47mn9zm;7;0;0;1
zh9j;4;0;0;1
2cHO4byHqGZ;11;1;0;3
J0b277y1tI;10;1;0;3
FXushHJKo5o;11;1;0;3
f[VY+AW,FhM<:E+;15;1;1;5
[~o:8wEShw[`:9p%D5;18;1;1;5
bjs9;4;0;0;1
zjAhZ5xiO5i;11;1;0;3
15fYSDbg;8;1;0;3
>n(=ZvDxBQTGPAN[;16;1;1;5
cuN18ZfXxn;10;1;0;3
c^IS'6a#lB92(;13;1;1;5
0TdPajSYZl;10;1;0;3
Y%IZ_FA5~xXrf;13;1;1;5
-W<0^sv{eM/\>N|{Dq;18;1;1;5
iw#R]'rdDo1Tz;13;1;1;5
7kzX8NR4aCx;11;1;0;3
vhdKcQsoTZm;11;1;0;3
f^nM|m'Jv__7TlI_+;17;1;1;5
zn42a00;7;0;0;1
(tlZv)sORNR};12;1;1;5
D)3Hp&[j~v!m~^dF;16;1;1;5
izj19;5;0;0;1
d_NzQ30`gVWliCEo;16;1;1;5
sePmrPQX;8;1;0;3
YrEbNkkE5;9;1;0;3
34hCDKsN79s;11;1;0;3
1_mXwc&5tA1IeTl&;16;1;1;5
o88d;4;0;0;1
FSLuQSZsu;9;1;0;3
cVbr7XKEmKQ;11;1;0;3
lVBMXW98ud;10;1;0;3
utuBuN4j2S;10;1;0;3
zl46;4;0;0;1
y5gax;5;0;0;1
lb91;4;0;0;1
RAgQlr8=kQfC$*$a;16;1;1;5
NB2ZU94tcPe;11;1;0;3
w6wy;4;0;0;1
KQhAHdE6FhD;11;1;0;3
gor693i;7;0;0;1
px[[*V9%z*_4R;13;1;1;5
iXwptGuk;8;1;0;3
yDTj559Mb;9;1;0;3
iqa33;5;0;0;1
Z`B!br_FSzYp$PPSoQ;18;1;1;5
VysuaLmX6cw;11;1;0;3
e5e68;5;0;0;1
v9bm13i;7;0;0;1
7mjp;4;0;0;1
]{o\n7'n2M5^(/jo;16;1;1;5
sfj3pr5;7;0;0;1
+to/}o%EZ0hfVy1p;16;1;1;5
swyzx6;6;0;0;1
^<wB5d#xB|XG;12;1;1;5
hv0XA03Liuj;11;1;0;3
hUiUSbp6Dt;10;1;0;3
twrl9q;6;0;0;1
ksa6;4;0;0;1
#SPe,D?)]nxCUNMrf;17;1;1;5
\kc3/9*leH(sPHB;15;1;1;5
tkiMsNeEyFb;11;1;0;3
W3OiglRBW;9;1;0;3
ilBtiYVEya;10;1;0;3
bmCwU9wCTL;10;1;0;3
c2gf;4;0;0;1
emxrdDcQ7wk;11;1;0;3
aMn`gt$6s7.>0E'k;16;1;1;5
Wf/m~pdt\<I_)@;14;1;1;5
FmN3GNtCA;9;1;0;3
MTznhdKMn5;10;1;0;3
oj0v;4;0;0;1
HdOruD7o;8;1;0;3
ms7s1js;7;0;0;1
v4zl;4;0;0;1
"Zka/z+G""'17;`3Ey0";17;1;1;5
ljte;4;0;0;1
qacye;5;0;0;1
1w5UkcRfALH;11;1;0;3
BU~a5&`T\lc:k@XNh;17;1;1;5
Rg=5iQC~&?*[,;13;1;1;5
6rcco;5;0;0;1
qclv;4;0;0;1
"Rath'/J);6QKi^Y";15;1;1;5
ec04oyo;7;0;0;1
&-kr:$06{7EsMom;15;1;1;5
fe9rj;5;0;0;1
}{%gs%=}=p2Wc'N;15;1;1;5
3vmvaC57s;9;1;0;3
"2>R(@pN?ED1]L4^;]";17;1;1;5
o44yrb;6;0;0;1
a7gmq;5;0;0;1
z2$6*}fdSzKX.l;14;1;1;5
ql1ioc;6;0;0;1
pkj458S2;8;1;0;3
&$wREsp)vKy,A;13;1;1;5
KINUaIcel;9;1;0;3
mjCyUys7J;9;1;0;3
1KA8G6zU9K;10;1;0;3
AOAqbinPVrx;11;1;0;3
8KdwBvAP;8;1;0;3
ra1wF4lws;9;1;0;3
ukx9fk2;7;0;0;1
d9da1;5;0;0;1
usnow;5;0;0;1
oot51NQil;9;1;0;3
uX7zsQi4MN;10;1;0;3
7<&<um.KN7Z2dBq;15;1;1;5
jdzbtw;6;0;0;1
ukobn9mdH;9;1;0;3
N`V0q6t~ko.CTE;14;1;1;5
3N9JzHFP;8;1;0;3
oeNn!r1tF|fQrddy;16;1;1;5
nxMvvj3fpi;10;1;0;3
"Kg\j+%`Q;5?cP";13;1;1;5
Cq5m8Qek;8;1;0;3
zt07uyp;7;0;0;1
1bxabwa;7;0;0;1
,U:<#&C@o.1q;12;1;1;5
lnr1sk;6;0;0;1
2jzaWjvUa1;10;1;0;3
5wr19g;6;0;0;1
x!In#ud@7v*~Xk}%;16;1;1;5
yhuu;4;0;0;1
u16i;4;0;0;1
MnFqXfHP;8;1;0;3
un0n;4;0;0;1
uoZvg5ytFtl;11;1;0;3
(\}3OPf?JFyR+[j;15;1;1;5
vCmbw4Zhj;9;1;0;3
k15BnWL3;8;1;0;3
eLp5gd5x25H;11;1;0;3
morcf;5;0;0;1
RLKjFyQx;8;1;0;3
a2zz;4;0;0;1
srait8;6;0;0;1
oh8vya;6;0;0;1
HgjtLKKxI;9;1;0;3
"C8)u;4<0|G'F%r%;";16;1;1;5
w5WAl35PQMS;11;1;0;3
"z$S;n'aFg7BihYO";15;1;1;5
A9JA9O90c;9;1;0;3
b9tw;4;0;0;1
R2}o?j^EQ\z+]r3;15;1;1;5
W9YI1ZtO2;9;1;0;3
MBkpK5CJsP;10;1;0;3
P4j8hKSoz;9;1;0;3
W21e6iptGf;10;1;0;3
"O;Yp%z!2!U`7n";13;1;1;5
y23t;4;0;0;1
i>7#!S4mM4*Ymv!:;16;1;1;5
vPahO5ji;8;1;0;3
f2ycx;5;0;0;1
fv0c;4;0;0;1
r40vbp;6;0;0;1
TG8g4UJgE;9;1;0;3
vje9ouZk;8;1;0;3
C5p2?.Pl*}/*%B@mSx;18;1;1;5
uP`\rZ[245[B1^;14;1;1;5
"&S""ACXTHfD]zO";13;1;1;5
mltpr;5;0;0;1
vpphin;6;0;0;1
q.s?&@I8pzP^1A?GO;17;1;1;5
W0Nh9qpGOx;10;1;0;3
esZ8qhDE;8;1;0;3
0bS3r7Jn;8;1;0;3
gsjkf;5;0;0;1
hmsf9m9;7;0;0;1
qbl2u;5;0;0;1
.ndn_}`?Ho4(@.~;15;1;1;5
".b""VCLZA\!z]c6Zx";16;1;1;5
FFfx7TEeU0;10;1;0;3
6yf2;4;0;0;1
J}88!:OhhR5nI{;14;1;1;5
nlIrIIr0Q3MR;12;1;0;4
grS!<Lzv|-Gj&(a<nN;18;1;1;5
QnjTrbQuGtI;11;1;0;3
biWiTHqN;8;1;0;3
XQ'6W.7.}G{Y;12;1;1;5
N\Rgl^Q9Fo*@hc|;15;1;1;5
qFPtIkiH;8;1;0;3
8ifI67cEr7;10;1;0;3
bjx53uMOLd;10;1;0;3
gw1k;4;0;0;1
KtI1xuNUJ;9;1;0;3
"08s-+'0,Z`P,[,-""\2";18;1;1;5
q9z7n;5;0;0;1
d2yu;4;0;0;1
(9[g*Edl~!8y+iS$;16;1;1;5
3ltw9h;6;0;0;1
5SB#FEu79'#{c9hn;16;1;1;5
mk4pm19;7;0;0;1
H8aSKl6AWa;10;1;0;3
ZebeDDKHco;10;1;0;3
cweqIsTiN;9;1;0;3
lj4c3;5;0;0;1
>nBxo8Y05B(l*9[E(?;18;1;1;5
aPEcDhAM;8;1;0;3
2lmUJDPst;9;1;0;3
SKuEQtjn5i;10;1;0;3
bd0i;4;0;0;1
"Yu811xFC""2r*";12;1;1;5
z5lx1b;6;0;0;1
Mj4ZALS1;8;1;0;3
z00uf;5;0;0;1
E~akJu@UpU'_>kQh+;17;1;1;5
i8M29nAG8JU;11;1;0;3
h2oz4o;6;0;0;1
qz2sT9m7bkK;11;1;0;3
i1f0n;5;0;0;1
y4sta21;7;0;0;1
4D9XzaG64eg;11;1;0;3
"dSxp7vx`nMD}qz""l@w";18;1;1;5
JHrifUpR8Dl;11;1;0;3
WffNz8qnKw;10;1;0;3
2i8ov;5;0;0;1
gM7LDOpSTWh;11;1;0;3
0nhe;4;0;0;1
jaht;4;0;0;1
tYE|N<5f1X4]hAf;15;1;1;5
8m8R48zfX;9;1;0;3
#2B0h.pu|pn}O(JNoJ;18;1;1;5
Ru1S19ER4CY;11;1;0;3
oeGV3X5xn;9;1;0;3
a:9=8(bg,Jl2H5!);16;1;1;5
enu4;4;0;0;1
p4n0;4;0;0;1
JkfH4j2WI;9;1;0;3
q27vi9;6;0;0;1
ppfz/qLpzm3,^kXi;16;1;1;5
I>7E/`@*%BE>2+qIk;17;1;1;5
13=cyj4&qA?c;12;1;1;5
9xbe;4;0;0;1
WawDmD58xT;10;1;0;3
X7ajb3fdNV;10;1;0;3
/\5[3zW5u?SE!!o;15;1;1;5
CLFO3I1XFu;10;1;0;3
8bWt4CPU;8;1;0;3
js8tkxf;7;0;0;1
`F:E(*E*`0hmV3<;15;1;1;5
gbqg4q;6;0;0;1
ix3rZmj9Ga;10;1;0;3
gS`eZ4cMIN-Wm6;14;1;1;5
yafn;4;0;0;1
pvp9a9;6;0;0;1
93w5d;5;0;0;1
8LAlnb{xua3ho>,;15;1;1;5
*_gh6@CIAZ!.<|';15;1;1;5
"se3g}&l%;rG2[a";14;1;1;5
xQjF8qsMhe8;11;1;0;3
gjird3m;7;0;0;1
HdJJCJdQTx;10;1;0;3
ZegQL3d1E5Z;11;1;0;3
483sch;6;0;0;1
siydqt1;7;0;0;1
[$RvYgU1qdU,])5;15;1;1;5
YtCFScSvZeJ;11;1;0;3
ah7jsw;6;0;0;1
VJAvGtcq;8;1;0;3
d9ntg;5;0;0;1
5MfTAbMqEU;10;1;0;3
PLZGhIAZwO;10;1;0;3
fg3oGkfM;8;1;0;3
l2qrz;5;0;0;1
2g9i;4;0;0;1
R9G80Zy53;9;1;0;3
IlVaKU,&DOgb;12;1;1;5
";j+kE.Lh=PWAp";13;1;1;5
kup1;4;0;0;1
3uBf0t1FzX;10;1;0;3
d2vv;4;0;0;1
ls4q;4;0;0;1
y~q^94L+Aln$I_>;15;1;1;5
":NL+m@;xM7[1!a";14;1;1;5
dMvgcnYjsD;10;1;0;3
7mnv2;5;0;0;1
rHbqjrhulj;10;1;0;3
"""I""S?#H%RqqjsA=";15;1;1;5
gsiz7;5;0;0;1
07i9K8p8Cui;11;1;0;3
x8qaf0;6;0;0;1
fJ1hcl5jXov;11;1;0;3
4iojl;5;0;0;1
6pdoj7;6;0;0;1
TA1n8zo5x;9;1;0;3
:WiI|c!mjVn1pp.X&X;18;1;1;5
7xym;4;0;0;1
Ap,C$7P.*tld&lozw;17;1;1;5
{U|}'hDo0m+B7,X;15;1;1;5
OYnGAZ9%4=X`,Y/3/N;18;1;1;5
"WGp""p!IFzR}(";12;1;1;5
3a49p;5;0;0;1
jq=4QDAb3PK)Kwa;15;1;1;5
3P5TwfmqW;9;1;0;3
UbUQwgFkQ1FC/x{~Eg;18;1;1;5
.b1&J\MR:I0$.x=ZF%;18;1;1;5
7YNyMfOCH48;11;1;0;3
"]UQ/SZ0BELi9i;.";15;1;1;5
~2TY{{BT.mQ!-;13;1;1;5
k2Zn'qIf#ktiJJ;14;1;1;5
ZFK6OSrx;8;1;0;3
1kc3eiz;7;0;0;1
y4vmw;5;0;0;1
3luo;4;0;0;1
M92wO4YIQ;9;1;0;3
mKeFX74gxW7;11;1;0;3
d4b68;5;0;0;1
i38YyehLP;9;1;0;3
6L86KZKiYrv;11;1;0;3
tjr8;4;0;0;1
vlhMUCnF*m.Vf:6;15;1;1;5
"\;T_.f@tykPfJi^a'";17;1;1;5
rERyE7XE;8;1;0;3
qfttm;5;0;0;1
tLcEgKkk2R7;11;1;0;3
RhB{5Ju*NnDages~6;17;1;1;5
BWMINUXk;8;1;0;3
aqVJIC9jwt;10;1;0;3
BlPPNEZ2gc;10;1;0;3
5e1roDiO;8;1;0;3
i3qGILrmX;9;1;0;3
8qywkcp;7;0;0;1
5hi5Au*WZi/g4sNz=;17;1;1;5
t/YGXVf6wZZ!vM4tIH;18;1;1;5
n5uxiblGt;9;1;0;3
"?'deFPg{v9;=B+S;f";17;1;1;5
0uxeq;5;0;0;1
9KIbVgQfft;10;1;0;3
6sjo43;6;0;0;1
4zse;4;0;0;1
/K\+E@gngWxi{~.D;16;1;1;5
CHq67ccM;8;1;0;3
zzRSGg8rL;9;1;0;3
HmirD377Yq;10;1;0;3
v6xw;4;0;0;1
mL:b<{7xWh:09;13;1;1;5
9psv;4;0;0;1
"WC0""*>>u-@-X6'KYSR";18;1;1;5
4Gs5u833Ld;10;1;0;3
rkYL7vtYv;9;1;0;3
WJZztgLIB;9;1;0;3
l@UfHmS+18QW1;13;1;1;5
rhi]iMXyU'7):;13;1;1;5
euV0uLLK;8;1;0;3
"`S""M&""c.jQqO?$g";15;1;1;5
MaXRdDr7;8;1;0;3
va9ee7x;7;0;0;1
(F=PGGn}pUY[;12;1;1;5
2okQ7T5ATW;10;1;0;3
U90KBOOVnl;10;1;0;3
c6lq2m;6;0;0;1
bQG{G|\a>c?5v9YA:;17;1;1;5
vsqm;4;0;0;1
4subvqr;7;0;0;1
MKOskH7V6;9;1;0;3
?6YCTHw6&2%SZm*9;16;1;1;5
y`E!DYAk+)GkDK;14;1;1;5
FINXUpaaj;9;1;0;3
RyHOzzsV;8;1;0;3
XvygptRkP;9;1;0;3
iKg6@JX=R&@Z;12;1;1;5
"r/OFlCC;!!W+ud\>";16;1;1;5
1qcb;4;0;0;1
dd4ru;5;0;0;1
gUSyJVILV5;10;1;0;3
R4O_E0:(/Z[\cHT;15;1;1;5
H2cecBi1yj;10;1;0;3
"%C-{K+n;#*(f";12;1;1;5
rASg1YCrFK;10;1;0;3
P62o83Ufe;9;1;0;3
zi5s;4;0;0;1
p1iu;4;0;0;1
dx0jtq;6;0;0;1
xneqsDK2;8;1;0;3
`'~BoJ^Ep,E(N28V_C;18;1;1;5
Hu4eGanBq;9;1;0;3
-O!)Vd-|8!Mlns;14;1;1;5
8uai1a;6;0;0;1
bn40;4;0;0;1
bBJf6XXnp;9;1;0;3
02bwg;5;0;0;1
1o6DNl1E9;9;1;0;3
"y?o`?m$T!DE""n";13;1;1;5
"""zw1}8b'H6Tq0j5-V";17;1;1;5
S3eOxx57X9E;11;1;0;3
h8q7;4;0;0;1
4sez;4;0;0;1
xnNqaaHbO;9;1;0;3
"$bR""86{C.c}Q";12;1;1;5
aaWvf8cJyJ;10;1;0;3
82ycw7;6;0;0;1
wpZxSUCNKR;10;1;0;3
6VnG8tk1;8;1;0;3
"(ZD""~8""R0y:*A";13;1;1;5
vtplx1;6;0;0;1
hU='CbWY{-8@`p9;15;1;1;5
7un0;4;0;0;1
WXkFhS4AbiKLu|;14;1;1;5
Lin8rl5Q2V;10;1;0;3
pK#FE<2,<EkO_;13;1;1;5
)h1f2b?bsi`20J5ye;17;1;1;5
"e7EZ2=hx""r#n=|G>sY";18;1;1;5
yQZUv@\0xPG(XYVI);17;1;1;5
"$Or^vD;m>HDN";12;1;1;5
Vug$flBm28<5;12;1;1;5
DuncHjoLBB;10;1;0;3
DZwgWz4p;8;1;0;3
CVqPz8A5U;9;1;0;3
dm2yzl2;7;0;0;1
EJrGPTPAF;9;1;0;3
3ARPyLij;8;1;0;3
6gi15m3;7;0;0;1
MJBvuB0EL;9;1;0;3
yjqp;4;0;0;1
9gfIFmEqf;9;1;0;3
fzsygf;6;0;0;1
modqtAJk;8;1;0;3
2CONf4UArFQtT#;14;1;1;5
Dib5cJRRIfz;11;1;0;3
rte484;6;0;0;1
9te725;6;0;0;1
IMRd2pBrkj;10;1;0;3
00p5j;5;0;0;1
MmGbZwfmrt;10;1;0;3
H<aHV~&R33rqm/7U*;17;1;1;5
"YZy;erk0|FfaC2";14;1;1;5
ixw8;4;0;0;1
mp2YSRauO;9;1;0;3
uatljb;6;0;0;1
$f9WBP~c]/>/RXm;15;1;1;5
d8a7;4;0;0;1
GFAHQBnGrSd;11;1;0;3
"iFub3=;Fln#/c!iGHT";18;1;1;5
onp5f3;6;0;0;1
hpyPQWZ3;8;1;0;3
"r#0e|H""+KFy8Sxo&[";17;1;1;5
uxmw;4;0;0;1
TgddFrd5;8;1;0;3
tHTkn6lJQ;9;1;0;3
qgv5;4;0;0;1
nssc;4;0;0;1
g0bbxa7;7;0;0;1
p9fsyek;7;0;0;1
[aI(m$J'Y7Yk4C;14;1;1;5
IFLtWYxIO;9;1;0;3
2w41;4;0;0;1
HKp5Gfsbd;9;1;0;3
xzmuy;5;0;0;1
yb35f;5;0;0;1
"Kx;g^,<jS]215E";14;1;1;5
yUotBBtV;8;1;0;3
pjpmwr;6;0;0;1
WZL721SW;8;1;0;3
nhain;5;0;0;1
fZ3feuLb4;9;1;0;3
GQwxz75xI;9;1;0;3
&UZ1{vhiPK]OwE|;15;1;1;5
"Ar""p[gKIqkOH=Pxvsd";18;1;1;5
KI6)2DV7M:i]66L$p;17;1;1;5
8GtusY0Bv;9;1;0;3
pnh5zu;6;0;0;1
x5x47WmBJfM;11;1;0;3
4p3skg;6;0;0;1
wjkzz7;6;0;0;1
AhU3xL0e9;9;1;0;3
xegsb;5;0;0;1
nJFAWJHM;8;1;0;3
ZWXJv5riyT/M~;13;1;1;5
UbTHko1UsqZ;11;1;0;3
fvetd2Hzhv;10;1;0;3
14PsBH9U;8;1;0;3
ph52s;5;0;0;1
q4yxje;6;0;0;1
bzvnm;5;0;0;1
"jYI;TO{nJ:4QA0mm";16;1;1;5
rbiv;4;0;0;1
QAviUbKlHM;10;1;0;3
8ChTxo4gq;9;1;0;3
(*o`^`s3BG`t6Kxc;16;1;1;5
J1zPgcXnrb,y9[,;15;1;1;5
WIqoYKAsaR5;11;1;0;3
1otni4;6;0;0;1
bdp9vf;6;0;0;1
gCh}o[OCl0[O$2C%!;17;1;1;5
yycgt;5;0;0;1
PkW0UqEHBHC;11;1;0;3
XSvoRWCyw;9;1;0;3
2qos6uz;7;0;0;1
8c14blb;7;0;0;1
70u0LF3Ow2N;11;1;0;3
FknALWPc;8;1;0;3
to4DcRt8Q;9;1;0;3
gop90yq;7;0;0;1
09tsg0o;7;0;0;1
LOKnirIpio5;11;1;0;3
tsRdA8kb;8;1;0;3
"SNg#`1i<z1k""{&4uKk";18;1;1;5
"""1G)7*>6h|JsN]vn5d";18;1;1;5
hf0dq;5;0;0;1
9TWC32Yr>{0H@_A;15;1;1;5
0y1g;4;0;0;1
GNN2oI]*[,kQ;12;1;1;5
ZLoDTf3xZI;10;1;0;3
kZDGlN0VrW6;11;1;0;3
IPDYe`,E:_(f0bWz;16;1;1;5
KeF9rww2;8;1;0;3
k44sp3d;7;0;0;1
uj9zrnw;7;0;0;1
xwMxp7xO;8;1;0;3
ab@7)d<9{MP5h2y;15;1;1;5
w2wa;4;0;0;1
"6F|*sA""s2Z(8";12;1;1;5
ebd0Iup1;8;1;0;3
Tha'&|5g05J9]cA;15;1;1;5
"""It!<q*j@YzXea3}";16;1;1;5
oUFdVUGH4fD;11;1;0;3
Ez43DfBjL;9;1;0;3
j_m!y$Z*zQNz9J;14;1;1;5
"h4drQ&0dZP;M";12;1;1;5
:YX]]BdU|0WiU1;14;1;1;5
qYIMLygpkjv;11;1;0;3
JiABLofSuM;10;1;0;3
y2fejht;7;0;0;1
vEgTgM77t;9;1;0;3
g9FuOsJ6VFe;11;1;0;3
2tP*_i`c}<RF:DY;15;1;1;5
fe6wx;5;0;0;1
58agq0;6;0;0;1
5cqi;4;0;0;1
WOTj8Sch;8;1;0;3
a4wHsfzWvq;10;1;0;3
xl0vq4;6;0;0;1
44clk;5;0;0;1
f%+tXU(tbF_V*8;14;1;1;5
"(~G&iFH""3J^b(C{[";16;1;1;5
"U""Dxp):i\}(kFh]";15;1;1;5
">RR'dSCKc15""r";13;1;1;5
1qwnKqJnbyv;11;1;0;3
JR\:-OLSa+p(Og]^;16;1;1;5
-N1YskAFpj9{&R1km;17;1;1;5
YSSbrvpD6;9;1;0;3
vpl6;4;0;0;1
5PIHWYOWK;9;1;0;3
7ea6;4;0;0;1
uv8C60Ah;8;1;0;3
uQe57gg7AT;10;1;0;3
31z3iih;7;0;0;1
h5sh;4;0;0;1
qltz;4;0;0;1
UgZMg643SW;10;1;0;3
)j7*LzG.JR<m;12;1;1;5
mzg08;5;0;0;1
B1u8QMDNyy;10;1;0;3
a6sy9;5;0;0;1
qDcG22ONa;9;1;0;3
"KQk[Lx[Ih$w""t0+u";16;1;1;5
fkjn;4;0;0;1
OTkR2gXg6;9;1;0;3
yTS!maux5hM`mK?;15;1;1;5
FCz2aSQ1WF;10;1;0;3
9cwl1;5;0;0;1
3l1m;4;0;0;1
phQ%dO~2zXT_;12;1;1;5
9b7k;4;0;0;1
qJGvuE8BLa7;11;1;0;3
q0sfus5;7;0;0;1
kA3SIWDlC;9;1;0;3
";{""u8&;B=mmo[J";14;1;1;5
vtyq9ph;7;0;0;1
r5$7(<_X}3iJ,MqP;16;1;1;5
"o(T;blLytKzczI*";15;1;1;5
?pMqAiq<~|YUl/;14;1;1;5
FzsPmgib;8;1;0;3
x0k57;5;0;0;1
5p5s;4;0;0;1
NZLrgNR6;8;1;0;3
BI3MWfc6tz;10;1;0;3
I%LzO[!Y#o|n$;13;1;1;5
ghN1KTZN;8;1;0;3
3fjqvv8;7;0;0;1
">~;%$yu9~hyig*>z@";17;0;1;4
P04jS7lVU2F;11;1;0;3
RfGQoK9dhpG;11;1;0;3
96vv;4;0;0;1
n25a;4;0;0;1
HcqeRb7zbTQ;11;1;0;3
ainu;4;0;0;1
24duf6;6;0;0;1
guk9uy;6;0;0;1
26ojhpu;7;0;0;1
9ezu4joiV;9;1;0;3
5q7b;4;0;0;1
2t33;4;0;0;1
WcZRNXz9j1H;11;1;0;3
zyINQiYbpxS;11;1;0;3
hreaNp8SJau;11;1;0;3
JwVSkMhznT;10;1;0;3
80vwg;5;0;0;1
e4btjw;6;0;0;1
bi08zr;6;0;0;1
FiFXXbfE;8;1;0;3
"4X"">jKl]>Ig\{k/";15;1;1;5
LTBbHB2C;8;1;0;3
S1kzJpVMFo;10;1;0;3
a0zNbDnh;8;1;0;3
0w2XrqFjEk9;11;1;0;3
1:cN9\=$|kgJ;12;1;1;5
av5rx;5;0;0;1
2a7b;4;0;0;1
dzqlw;5;0;0;1
sKDw=:1g1-bevo]&8;17;1;1;5
XEA87SWZ;8;1;0;3
oyPWSJ3n9L;10;1;0;3
662pj83;7;0;0;1
LJ4<Yn8CXu6a;12;1;1;5
pAHkZbAlTME;11;1;0;3
ob2nzv5;7;0;0;1
qFwewHCE;8;1;0;3
n-JmGi<cr-kPH;13;1;1;5
~1]^]9]&Ls?Zjg/c0;17;1;1;5
:+H`8Kz'U2hz;12;1;1;5
W%o<k-G~x]7{)N>_;16;1;1;5
nwwn;4;0;0;1
PkcSRvC9a2W;11;1;0;3
0aay7ug;7;0;0;1
GJPFfXLf;8;1;0;3
o5a3dx;6;0;0;1
2i73e;5;0;0;1
L,Jd%XU,HGQU};13;1;1;5
miyR4gmhg;9;1;0;3
m4ocgxb;7;0;0;1
vwus1p;6;0;0;1
v1tx;4;0;0;1
BLMFxB5F88i;11;1;0;3
S%OPp,8qR5CPc2A;15;1;1;5
j6Cp3s81j3;10;1;0;3
k}T1l47k*rDZv;13;1;1;5
1sGKPCvC;8;1;0;3
[h92td&=6\#Qq;13;1;1;5
8au3;4;0;0;1
XhUQidTe3k;10;1;0;3
ophb;4;0;0;1
GJosi]+-p},T:4_;15;1;1;5
0rqf8c;6;0;0;1
nPxF6JEX;8;1;0;3
28kj6s2;7;0;0;1
e4gdJCAov9;10;1;0;3
UjyNmwOM;8;1;0;3
wpqogsVuZ;9;1;0;3
"""Y2v/nJM""Rh'D?*W8";17;1;1;5
@G?P]h^(<N3l;12;1;1;5
z03v3;5;0;0;1
YFgKTEaQH;9;1;0;3
~Yh:N@nKYizb3aF)R;17;1;1;5
({T?*'(EU5xJGz:w;16;1;1;5
jZ7WpVqy;8;1;0;3
flgm;4;0;0;1
!KA|dQg*FJ@@B;13;1;1;5
2817fJC8PO;10;1;0;3
aoln;4;0;0;1
xs3j;4;0;0;1
b95ubs;6;0;0;1
xK)Pt.GBz#e.h-;14;1;1;5
pgc2m3;6;0;0;1
KL1gjFKBB2;10;1;0;3
'{$F3,~=CX)(R;13;1;1;5
1qei7;5;0;0;1
1tc7ZCwSORF;11;1;0;3
ReS<Im)Tp3af';13;1;1;5
1uO3ZfBmhb;10;1;0;3
b0/5X1m3e5LI},SROo;18;1;1;5
1dss21n;7;0;0;1
aNzfwXP4C9;10;1;0;3
"?T&y;$URpG)^";12;1;1;5
gpcpd;5;0;0;1
[z*Gc''L}?)L_%dh;16;1;1;5
oEp20DL0Y1O;11;1;0;3
"<PeZ$}s?C;IZ~t-""Y{";18;1;1;5
rOentiLSMBb;11;1;0;3
).LE?^@QWSKt-G`Z;16;1;1;5
ZECuVJkKppG;11;1;0;3
kh4fNB+8S^3[tkw;15;1;1;5
XmTWHZ7H;8;1;0;3
bYJb4dwd;8;1;0;3
t8PyLWoCg;9;1;0;3
5iia4qp;7;0;0;1
F1pnFVgA;8;1;0;3
nhhcw;5;0;0;1
"ZVg]@<*@R0;c[<=05k";18;1;1;5
r23xt;5;0;0;1
q6r3rCHN;8;1;0;3
"BO]aACS;h8vDCKx's";17;1;1;5
uJ~\uEjrE@R(lUp;15;1;1;5
1t4en7c;7;0;0;1
qdb4;4;0;0;1
zon1acg;7;0;0;1
tru9d1;6;0;0;1
lCkXzMhd1;9;1;0;3
7nfgc;5;0;0;1
L6c2IB8Q1p;10;1;0;3
4nP68ICzOIC;11;1;0;3
sl28k;5;0;0;1
O$oDG9}H2VFD>$Y9c;17;1;1;5
eje16wv;7;0;0;1
ZWA6Oq\h6nIgUe2;15;1;1;5
BsYcfdtm7tu;11;1;0;3
Xm>dP<#M.UZ6Sl5WbA;18;1;1;5
b2hu;4;0;0;1
3d[&xaH9D@PmBdJY;16;1;1;5
E3FstLcjNc;10;1;0;3
y2zp;4;0;0;1
wzt49eSUj;9;1;0;3
seh4pii;7;0;0;1
LE6GmwdWc;9;1;0;3
6bqj8qa;7;0;0;1
jkfj65;6;0;0;1
i6a4qt3;7;0;0;1
Z-`Tu08G[b=_,Bd1J[;18;1;1;5
1g6o;4;0;0;1
QzbjCfFFMw;10;1;0;3
dl0jhb;6;0;0;1
twahfCF%>7GpJ=Bj;16;1;1;5
Rq3FwQp8j;9;1;0;3
KijMkdwKI;9;1;0;3
_{GWkY{Ao`hHJm;14;1;1;5
0Y$*6^*NWVTHiumMR;17;1;1;5
":9mJ&e;/8RbC";12;1;1;5
ulc9tk9;7;0;0;1
Kn.yD^fpdFXp;12;1;1;5
"{ots_-21TUj""v=^$m";17;1;1;5
cgges;5;0;0;1
HGxQ3taBHA;10;1;0;3
",wa""~9=T<>LqW";13;1;1;5
QzL)iWAu/&1B};13;1;1;5
<0H(`0*Luq'9Lp;14;1;1;5
w362el;6;0;0;1
8LPa8vP3K2Z;11;1;0;3
5hUtk12E751;11;1;0;3
B1P4IA7l;8;1;0;3
f1och;5;0;0;1
6l472g;6;0;0;1
ukayo;5;0;0;1
z9gbp9q;7;0;0;1
WUYuPVtXLHZ;11;1;0;3
oysh3;5;0;0;1
ql7pt7;6;0;0;1
nl2s;4;0;0;1
9YEw57PVofJ;11;1;0;3
1ac7o;5;0;0;1
//>8?va9wU(?slVv-;17;1;1;5
^?Q8FuNDrpjs2;13;1;1;5
*?&`DD'l_na<,U>;15;1;1;5
"S@p!Rd99d\[""";12;1;1;5
UKCoSTF8W;9;1;0;3
"+cQ7`6pJ;x*Xh<'w(j";18;1;1;5
"zsU)lEs|u;`M}GT2";16;1;1;5
DlEJhziO;8;1;0;3
TBWRRPwAXLs;11;1;0;3
.\,.O\Qzofdb<Yee1D;18;1;1;5
&hVN3j=z~]ivd;13;1;1;5
6fzXzbexTjq;11;1;0;3
?e0^tm)=3L8Gz45;15;1;1;5
.$wHLe5^$Z18;12;1;1;5
2gap;4;0;0;1
36r7;4;0;0;1
Vmi0XxePy;9;1;0;3
zq61blv;7;0;0;1
hu9bFG0U3;9;1;0;3
n0g7y;5;0;0;1
v]QsWx?k(%AdN-wq@=;18;1;1;5
NEajRbwi7;9;1;0;3
G0WuQ8dcA;9;1;0;3
dx9y9uw;7;0;0;1
UMNefZftmf;10;1;0;3
8IeqxsT95HH;11;1;0;3
3bW7B2WC;8;1;0;3
8i43;4;0;0;1
#VCr3OrTC[HI,Gv<98;18;1;1;5
"RbMD&;-:a\E$eiN";15;1;1;5
PoGck4PzDzQ;11;1;0;3
98v3z;5;0;0;1
blJFEWdz;8;1;0;3
H\INq(EcrJ*4)HkX;16;1;1;5
znpP7HNk;8;1;0;3
BkT0xf7WVhr;11;1;0;3
Ss_iqUPhz&4+`wj*;16;1;1;5
7Im6JD6kfc;10;1;0;3
n!IWVD,l6n_QNu;14;1;1;5
"3L3i{mYR7R;;";12;1;1;5
`~_O)H5E)MkOP]3w~y;18;1;1;5
zH4dWMxYG5T;11;1;0;3
hSINLK8G;8;1;0;3
DZGmm5vl;8;1;0;3
Jg6FWSW6;8;1;0;3
dziux;5;0;0;1
Uo[Z-`RJ}8LM;12;1;1;5
9pt9;4;0;0;1
`[vTv2^b$Il(fTX/;16;1;1;5
3dJ0rsACeuw;11;1;0;3
%I+zUa8M&)Kx;12;1;1;5
8s429mz6BuL;11;1;0;3
XQ1kDGzgh;9;1;0;3
l]hW]D-5t$x7;12;1;1;5
+Tw#oE(CR]o`JL|Ko3;18;1;1;5
"AQuO'/Jbic}kP""|zt";17;1;1;5
V:!83,/@LOC}z;13;1;1;5
v5ba2;5;0;0;1
"5jAN`Vmx6}E;f'";14;1;1;5
X9<tG4&>Y(3?5i54;16;1;1;5
r>^'ZPl$OpHmE;13;1;1;5
CDgfavCo;8;1;0;3
"bd<$#Xi;5A($""&X,\";17;1;1;5
qhm22mnaY5;10;1;0;3
)Vn/7TD'KR?sr)EnK;17;1;1;5
K\#S|dkfX\B,a8;14;1;1;5
,E!IJ2|Y^$.Z6V;14;1;1;5
fqcvtr;6;0;0;1
z19smdn;7;0;0;1
PcQq324k8;9;1;0;3
cUTvmn7r;8;1;0;3
9YfWzRpIqT;10;1;0;3
HOtLhy6z;8;1;0;3
zQC0NUP65;9;1;0;3
p6hbaa;6;0;0;1
eJSal9Pb;8;1;0;3
lzGltB5PSMv;11;1;0;3
tNHZx3zV;8;1;0;3
xwqn2;5;0;0;1
4kucsRyHh;9;1;0;3
/tzJa[+4)%DS>;13;1;1;5
tepDZiucr5;10;1;0;3
eO2SBSXC;8;1;0;3
OUoIJkVgIrj;11;1;0;3
ubP6CgnvE;9;1;0;3
"`jg'&JsG@(D-""p{";15;1;1;5
8xpLNCNu;8;1;0;3
IIXq6zUJtHq;11;1;0;3
ZPXb8PtTWn;10;1;0;3
3qjwcr;6;0;0;1
lDacby2hQ;9;1;0;3
Yk11AdVf5bK;11;1;0;3
0FuVz8SxLk;10;1;0;3
klhw1;5;0;0;1
qxd4;4;0;0;1
dU6ZSAyFC2H;11;1;0;3
3i37iug;7;0;0;1
CSqLNJlYw7L;11;1;0;3
"t""(4EOzz]HAfcl?";15;1;1;5
[m@.j-^JM`>QjU/y3;17;1;1;5
DaLEskev0ai;11;1;0;3
xpbg1cp;7;0;0;1
SS3Gx3DuY;9;1;0;3
jV5YKQXDHio;11;1;0;3
lbaq;4;0;0;1
S(VCPK+(CfH@1;13;1;1;5
t1t21;5;0;0;1
s*}KBJABy+(e^x;14;1;1;5
xpbbih;6;0;0;1
v[jvb2z.]h#Sw-;14;1;1;5
mRuxkMBtB;9;1;0;3
AXhLtXWhp;9;1;0;3
"""6,UZOA2&Xl`Rp9U'";17;1;1;5
5qaS1G0SYJ;10;1;0;3
84AK5Wt3pc;10;1;0;3
K9oIPf4yx4G;11;1;0;3
ZMRufy6pf;9;1;0;3
v8a334d;7;0;0;1
esdg1it;7;0;0;1
zcqwz;5;0;0;1
"16Izo""2o\*zF^_>";15;1;1;5
VeVyCs4eyK5;11;1;0;3
ny0twgz;7;0;0;1
1zbr;4;0;0;1
nfswobmD;8;1;0;3
:TOV5B6Sq^i-z~~e;16;1;1;5
LP0kziR`/]cjn;13;1;1;5
x4u4qb6;7;0;0;1
d6ZPHCuc;8;1;0;3
O}$K6^^\_Gw[t#;14;1;1;5
ejUafcU5b;9;1;0;3
9lSPiuGfj;9;1;0;3
>'pSEiE[|^0#)&V+;16;1;1;5
0l[,U:b8a@5+5d@;15;1;1;5
"&h;!9d=W=n2xxX[|";16;1;1;5
xhM7Uth9t7;10;1;0;3
xalnxk;6;0;0;1
#U7$hV2cp[VU7xH>|-;18;1;1;5
lz5DPLcqg8;10;1;0;3
pK7l9uiPkR;10;1;0;3
ns05eg;6;0;0;1
ZKSTp4b2G;9;1;0;3
gl7cBavpK73;11;1;0;3
85770;5;0;0;1
x4Ya13Z-my$:;12;1;1;5
8jmxSbwPCKN;11;1;0;3
99k7f3;6;0;0;1
1d3cq;5;0;0;1
DdhYZXTk2oh;11;1;0;3
S7L8Vmwmm;9;1;0;3
kYj6DlzMT;9;1;0;3
uX~RB=$=TE^92MO;15;1;1;5
{aCzym]H%cZL;12;1;1;5
H9VjswgRylA;11;1;0;3
gn03g7r;7;0;0;1
4marm;5;0;0;1
y1gm;4;0;0;1
veh2pn;6;0;0;1
mw6ja;5;0;0;1
g6iqg;5;0;0;1
VCh2UryJ;8;1;0;3
"Rw,-}p=""Yo&6Ap`};";17;1;1;5
fihT/KTkD!4sj,)V,;17;1;1;5
bvqv;4;0;0;1
u0pfb2x;7;0;0;1
"y$!=8uKqX""q&>y0m";16;1;1;5
0%CdmDD%JnGte:A]T$;18;1;1;5
c91a;4;0;0;1
lsp}:Dd~[s5&uCx@<;17;1;1;5
mBxLtu}!w`lF4`;14;1;1;5
IXFToujD0aH;11;1;0;3
VAjlCTaq;8;1;0;3
M_xwBI!juo<z>\;14;1;1;5
Hkk5RsNKF;9;1;0;3
lefus;5;0;0;1
"Nrc""4C9M+V<wlv";14;1;1;5
"EjS<k6n;]r\[I~n";15;1;1;5
dfojfkp;7;0;0;1
DqduEWas;8;1;0;3
o3ick;5;0;0;1
zb9uee;6;0;0;1
IDCyn3zh6X;10;1;0;3
"{M=>PG;)sDgq";12;1;1;5
:aRk~IDxF04PL2;14;1;1;5
r6ujz9;6;0;0;1
htqc;4;0;0;1
kA8zEHHqc;9;1;0;3
2zghqdy;7;0;0;1
C1WL3dD7MbG;11;1;0;3
PrIaskdNVv;10;1;0;3
ponk;4;0;0;1
LRp2KrG8cS.CIPS;15;1;1;5
RXMQb5dkF8J;11;1;0;3
hfMGW89C;8;1;0;3
aentui;6;0;0;1
LrP]|7*[L>Xt{g;14;1;1;5
o5u1t;5;0;0;1
lBxxvFzttkR;11;1;0;3
WGpahyQTct;10;1;0;3
c5lkw;5;0;0;1
p9a2u7;6;0;0;1
{_ARQ\fx]tGg;12;1;1;5
rdMk0tlgl;9;1;0;3
U7otF3JAD3c;11;1;0;3
pNzl78pXmW;10;1;0;3
"U$N@Ve=>}""+;XJJ@\s";18;1;1;5
wymXegNWyb;10;1;0;3
SmzADgxwzg;10;1;0;3
6n2l890R;8;1;0;3
AMTlPATRoIw;11;1;0;3
m4aaxr;6;0;0;1
gX05W9rPGe4;11;1;0;3
GxODlm19Fwn;11;1;0;3
g2bq;4;0;0;1
q1o4mmn;7;0;0;1
%&BcLADfRy%{=i)};16;1;1;5
A3E6,1QUGxGN;12;1;1;5
yf0s0eb;7;0;0;1
4Lpw1txdJq;10;1;0;3
jpulduu;7;0;0;1
n4pq;4;0;0;1
bW7wgWfY;8;1;0;3
tqnl;4;0;0;1
r/usBf~s%2x]+%>;15;1;1;5
4g1eudn;7;0;0;1
d~a{Vr0o#p+1CC;14;1;1;5
tEOR4ujsa;9;1;0;3
5fz0LyNIDPn;11;1;0;3
hoeV82iY1U;10;1;0;3
MoCzJlKacNM;11;1;0;3
lFJxSC5qU;9;1;0;3
gt8qd;5;0;0;1
67FQ5kz648;10;1;0;3
&$`#ScGRBiOkSU*v%;17;1;1;5
tevg31s;7;0;0;1
mUj2l5VOX;9;1;0;3
fv(85|6,KC=`}~c;15;1;1;5
FrnOVw3FS4;10;1;0;3
CbXdkcQLuS;10;1;0;3
JavCcUOQVL;10;1;0;3
O$EKRhRly_lEHyEKEK;18;1;1;5
xywqf;5;0;0;1
wwql8;5;0;0;1
q3l9;4;0;0;1
u6jcqGGG;8;1;0;3
"y>@Z"",?tdU!09?Q";15;1;1;5
Qo+:@32=VAz$c|l;15;1;1;5
xF6FSktL;8;1;0;3
dgSWP72kN5;10;1;0;3
zunj[Zq7&TD4~wW)w;17;1;1;5
{I*:R8n}*jO*9;13;1;1;5
5puo5l;6;0;0;1
"uX;-QnWQ}4+M?wZ+y";17;1;1;5
c1AZQUrMwvG;11;1;0;3
ACRcY3gq1;9;1;0;3
xAJcNvN3l8;10;1;0;3
*miFeH_?=^0&O;13;1;1;5
6z9g;4;0;0;1
QTgUPIHpK7;10;1;0;3
6kkdu6;6;0;0;1
gt9Micss?'8Nbh_;15;1;1;5
0abkz;5;0;0;1
WHa8^H/?s=Q(?;13;1;1;5
alm3;4;0;0;1
AMuq4x5b;8;1;0;3
cmf^dR1TG~rB?;13;1;1;5
1r1yC=Y{aX(PZ/IK;16;1;1;5
O^?&e()LdL>:dG.:;16;1;1;5
7?4r]}7!9C^g5K;14;1;1;5
"N+InAU;m@0<<f";13;1;1;5
QCfIybTkd;9;1;0;3
svowwdz;7;0;0;1
f2ehO2cE;8;1;0;3
",&fkVVnMhQ&9jS;>";16;1;1;5
",b[4T>P1c;"":/";13;1;1;5
hwwtwv;6;0;0;1
yI|4LKbK&6Lk$`j`|;17;1;1;5
_::`DLNd'pn,^VTM$5;18;1;1;5
}8Dz)5+:`u@p48;14;1;1;5
A1bG9N1Kv7;10;1;0;3
9jiv;4;0;0;1
9qB0BrGXaF;10;1;0;3
M6EH5mnwE;9;1;0;3
g10nss8;7;0;0;1
8u39n;5;0;0;1
axIA<{sE`g5Es;13;1;1;5
sx26;4;0;0;1
wvq0;4;0;0;1
uyzu;4;0;0;1
ezgob;5;0;0;1
d6GzgXCR3yE;11;1;0;3
"1TAZkAdWE~F#;h2";15;1;1;5
uhFm8AVFR;9;1;0;3
mwws;4;0;0;1
#3h7pt69lq):';13;0;1;4
425i;4;0;0;1
'cJ-)k*_w3i7}<?nKL;18;1;1;5
Bu6bq9Bm;8;1;0;3
J#>A]/nX/Sz7~y[G'b;18;1;1;5
mc2y2qy;7;0;0;1
"*K*;Uh=Apn~d0a";14;1;1;5
wa4s0d;6;0;0;1
0ee6p;5;0;0;1
EXaD8eOaB;9;1;0;3
jmq4gy;6;0;0;1
rl03;4;0;0;1
qKgXSTFztQ;10;1;0;3
n4Es9zZxB4h;11;1;0;3
"ocff(""s[>47t7s""I0";17;1;1;5
2t12c;5;0;0;1
75tx;4;0;0;1
b1nl;4;0;0;1
VC)C]%w4J|Kz;12;1;1;5
5PWL=dVj6AN!;12;1;1;5
FnhCJKq3F;9;1;0;3
hfmg;4;0;0;1
OAP)\WMv_=z1eLKPc;17;1;1;5
3axs;4;0;0;1
LZOYhDePvS;10;1;0;3
ARGh4Tme3uV;11;1;0;3
1yhhX9sIWOU>QrI-;16;1;1;5
xgl3;4;0;0;1
MjJUO3QcDmh;11;1;0;3
WUnuSlkMG4Q;11;1;0;3
l0lUZhCRdse;11;1;0;3
tdrN4gnVA;9;1;0;3
DiqUcdhNoe;10;1;0;3
la5szi;6;0;0;1
JO+_B~3&1Iv#,Hh=Nv;18;1;1;5
jfvn;4;0;0;1
SQc1Q3TO33f;11;1;0;3
gefc;4;0;0;1
1nr5;4;0;0;1
wcfwyKoD;8;1;0;3
7yk8rdvOP;9;1;0;3
ypwHdxyc;8;1;0;3
ipy50m;6;0;0;1
"$B2&SSE!{;\$";12;1;1;5
"Jbl><3;AhM@[K";13;1;1;5
nyxAZWz2H4;10;1;0;3
D:2=#o7L=rh7GMf~R;17;1;1;5
ohprik;6;0;0;1
3w6mBITH;8;1;0;3
YO_t7^:Lw)7,;12;1;1;5
7BFrKq/a(@QJ';13;1;1;5
Gl'K3R|.SoLLTue4XJ;18;1;1;5
7sk0qy1;7;0;0;1
xWQzcxr6AIW;11;1;0;3
BYqXQ8cZt;9;1;0;3
PsNzOS2O;8;1;0;3
62do;4;0;0;1
6ly0;4;0;0;1
51z5;4;0;0;1
E1q#z]doji,p8E;14;1;1;5
"Ft,L$""lC{(6*";12;1;1;5
"nc%e87H+""Z&OPrP.";16;1;1;5
8kaqnDgKWy4;11;1;0;3
ju8a;4;0;0;1
H4duQZeX;8;1;0;3
"eLh9^x""rKmLG";12;1;1;5
eGc1xwWFRWF;11;1;0;3
xmtnq;5;0;0;1
3zYKkg73x57;11;1;0;3
v38xbh;6;0;0;1
jxz1;4;0;0;1
3!?,u0@F!P]i8Vw2nN;18;1;1;5
av7w6;5;0;0;1
r7q8;4;0;0;1
"Nnt<;AI_MrX`";12;1;1;5
uYjJKS7FeB;10;1;0;3
[yJd/>^y&z)c;12;1;1;5
Cx545KrSzF;10;1;0;3
1wxf1;5;0;0;1
"PjO-;""op[XZQ(,&2I";17;1;1;5
c7je9g;6;0;0;1
4IqSlYcROO;10;1;0;3
C:)eF<\dt_5`t<;14;1;1;5
88dgg5z;7;0;0;1
2VhoSf4W6;9;1;0;3
qd33712;7;0;0;1
"Oh;h]+ihU2qdN6t]~";17;1;1;5
tq92;4;0;0;1
"|r~=yH8\M;2>92";14;1;1;5
a:KnRlNg`%0ZuT';15;1;1;5
1_gb]qZ14z>is}xY;16;1;1;5
W3tmJHVA;8;1;0;3
ou73QGNl9f;10;1;0;3
L4PcRu3rb;9;1;0;3
hm4zp;5;0;0;1
QLG2k`TB&I`5;12;1;1;5
x9oj;4;0;0;1
sr8O_(zMJt@iq;13;1;1;5
EgqQVKT7VOD;11;1;0;3
h12sx2;6;0;0;1
/MJjmn>{VN9v4;13;1;1;5
Cp_m[_xo.&we;12;1;1;5
"LFST')z(@ApY1""Zo;F";18;1;1;5
svvw;4;0;0;1
U24nZJ0Rd;9;1;0;3
zc199;5;0;0;1
O8398jAS;8;1;0;3
6blp;4;0;0;1
gtefi;5;0;0;1
ec0s;4;0;0;1
nt9kgf;6;0;0;1
DHc1iz0I1I;10;1;0;3
tl2aca;6;0;0;1
en9h75j;7;0;0;1
GlLYFgPt;8;1;0;3
HCXrLyZgIJu;11;1;0;3
7cAk7AjUi;9;1;0;3
jraMNHrei;9;1;0;3
dyh46xp;7;0;0;1
LqorUeU0L;9;1;0;3
xfe6;4;0;0;1
J)lqFB5#Mi==Zm;14;1;1;5
g&].(e@@7owM1`i8n;17;1;1;5
SxnUfag0bAb;11;1;0;3
J7ccoJ3XZAR;11;1;0;3
FXQWWceoNA;10;1;0;3
tvhVjedR65l;11;1;0;3
zKGEsnHDxZP;11;1;0;3
uFCOiR9vCR4;11;1;0;3
EWqtZIPN;8;1;0;3
J2aUv85B;8;1;0;3
1lqre;5;0;0;1
/RNl?K(yVvai;12;1;1;5
H2FGfMHeNlr;11;1;0;3
8gp9un;6;0;0;1
ao0nqt;6;0;0;1
my608;5;0;0;1
V9ANGmZ45DP;11;1;0;3
(e_|3l!\/8t0]{B;15;1;1;5
P4cqwgfhetc;11;1;0;3
xRiNEY9qG;9;1;0;3
wazpzw2;7;0;0;1
PrTXQtWJvw:Bw;13;1;1;5
9qnongb;7;0;0;1
#-:^JdyA&-T*t@C!p;17;1;1;5
21w7bv;6;0;0;1
P1NovKYh;8;1;0;3
hk3kVd0SAq;10;1;0;3
snit7v;6;0;0;1
dqf1ARTWy4R;11;1;0;3
CupEbHYF4;9;1;0;3
+')A'W@\a/]z;12;1;1;5
271oe7;6;0;0;1
8em>&MfWK}+q;12;1;1;5
OoXpnXTu;8;1;0;3
nn4Flt3pp;9;1;0;3
ozds56;6;0;0;1
6sUadWNa;8;1;0;3
mv4sb8;6;0;0;1
cSXJiKJNud6;11;1;0;3
"u2B""=7sQJqmEMEM";15;1;1;5
KjV1AW0obMF;11;1;0;3
K0OghSrwL;9;1;0;3
ycek;4;0;0;1
Qba6VTGqU2;10;1;0;3
6uvDAL9j7D;10;1;0;3
FdJBncBpGaB;11;1;0;3
btt3sz;6;0;0;1
S7WwAQyy6q;10;1;0;3
qmwzzpd;7;0;0;1
no/<-DOyf`.8mx:Q;16;1;1;5
2cr24p9;7;0;0;1
WdAQdJZC;8;1;0;3
Ud3,s~xwXY#qmN%&\;17;1;1;5
fkBvjb9B;8;1;0;3
zwt5iNkTV;9;1;0;3
F$uG=&~O{s,{;12;1;1;5
m4570Fw4Ue;10;1;0;3
?ZknwxW}#M%(WBrg~/;18;1;1;5
CzDBsb6L;8;1;0;3
ykptv;5;0;0;1
rqtwa;5;0;0;1
G=^4!kv)q,\zW:l6;16;1;1;5
oRrl6ESpl;9;1;0;3
Je`1i3Ve~?_4G(\Vb^;18;1;1;5
BH.I4u^kN-`K^uW;15;1;1;5
.AJp')bAMtSIVPRr;16;1;1;5
fMlLp45XLqg;11;1;0;3
7vml;4;0;0;1
Ld3mgvyzUq0;11;1;0;3
<$dfG7NBMS7]3}Dkcb;18;1;1;5
LVcxuBdIa;9;1;0;3
O>3>ea?/:MtC?;13;1;1;5
"0nA%o2_H%S+8W{Gc""S";18;1;1;5
ny130;5;0;0;1
zjbie;5;0;0;1
H5ySEPon;8;1;0;3
YtPl256Jp;9;1;0;3
/b?hCP\jiMm$yy8;15;1;1;5
MEab9hGqAC;10;1;0;3
z39tc;5;0;0;1
ocuerw;6;0;0;1
hRs52Eckh;9;1;0;3
tnD7phiE;8;1;0;3
LBw@N{H`02Ap;12;1;1;5
8j2h;4;0;0;1
";V1""o2'pN5TU";12;1;1;5
zGL7jp3R6;9;1;0;3
ujdd;4;0;0;1
9DpjGdojyF;10;1;0;3
v17dayF9rs;10;1;0;3
XldmmVLYofF;11;1;0;3
w1uxcgn;7;0;0;1
VdMWYmgDaG;10;1;0;3
ampy;4;0;0;1
aYFi2vX6w;9;1;0;3
veim0;5;0;0;1
0XeDYgAjW;9;1;0;3
RNMeNeoprPw;11;1;0;3
x9pp704;7;0;0;1
6gjaaab;7;0;0;1
<OZV-bEjufNWu=Y];16;1;1;5
7XHpRNz25;9;1;0;3
i4gk2;5;0;0;1
4njtvt;6;0;0;1
XZ)>s{wf.09+D;13;1;1;5
azkx2qw;7;0;0;1
swVgVLlSd4b;11;1;0;3
feex;4;0;0;1
"P]v,ke&FEMOn.,""JD""";18;1;1;5
#y0v$7N-YPYrb=.;15;1;1;5
5qc7s;5;0;0;1
LcqF3dJ0is1;11;1;0;3
yApuwPs4;8;1;0;3
1wboo2l;7;0;0;1
yz3q5pw;7;0;0;1
kshp;4;0;0;1
,{&pImaq!c^d*w$;15;1;1;5
65dab8;6;0;0;1
"u,)V%sx\IR;q<4";14;1;1;5
"*E[uF}BzU^;8%):5@";17;1;1;5
coy32k;6;0;0;1
j3FTKy7Mb;9;1;0;3
m1xhiq8;7;0;0;1
oTEt7BuJ;8;1;0;3
diKsxG9R;8;1;0;3
lWx5y9jt;8;1;0;3
IhqhJMypE;9;1;0;3
1r42wys;7;0;0;1
_Ja3@h_Je2P2i=0;15;1;1;5
depd95;6;0;0;1
wlowc;5;0;0;1
nS9iD1Ib;8;1;0;3
roJx9BNO0Q;10;1;0;3
MI7U3ta8;8;1;0;3
dh?jeb9q/GRY2(;14;1;1;5
2ea5;4;0;0;1
0YD0Uo6h9U;10;1;0;3
glFCwet44g;10;1;0;3
4d99;4;0;0;1
qDm+!JL3diDN?wb5hJ;18;1;1;5
NDTdXKMDHJu;11;1;0;3
55k7;4;0;0;1
"}`""^b+qADvKJ";12;1;1;5
uI<{Kg^&&'ZHvz;14;1;1;5
PGywxP8BC;9;1;0;3
F5NibHoTD;9;1;0;3
NQPIcbllyG;10;1;0;3
ssi4fxy;7;0;0;1
VY3iaL37q;9;1;0;3
iezg4yj;7;0;0;1
-N<@tB.h|`:{@28\;16;1;1;5
lpi2;4;0;0;1
so87;4;0;0;1
77`LHdhv|zb/|p6*e%;18;1;1;5
nu85;4;0;0;1
ed9ao;5;0;0;1
j0AY2WjMCnu;11;1;0;3
xe02;4;0;0;1
EkxjAzNWC;9;1;0;3
hScpwtKQO;9;1;0;3
uoktbq;6;0;0;1
DkViE)==gOD6if{\;16;1;1;5
huklapv;7;0;0;1
p1ldb2;6;0;0;1
6xq5;4;0;0;1
rmb30ks;7;0;0;1
*Vi{,o5hy4s(;12;1;1;5
ztuy;4;0;0;1
qAs0yGKM03y;11;1;0;3
8?'$(kI5U?B\T{|q;16;1;1;5
Kh,CG/kf7$[G`f4~v;17;1;1;5
T64eC2tkvDy;11;1;0;3
7v!w8Ih}kz<s;12;1;1;5
rr6zf;5;0;0;1
"P#N""FeGHB@PEyiKT!";17;1;1;5
0;13;1;1;5
xjxu;4;0;0;1
xpMFwrxzUSh;11;1;0;3
hs7821m;7;0;0;1
CcGGRBJs;8;1;0;3
"]B_\@4Rua_f;[pj";15;1;1;5
r3vyw;5;0;0;1
wom5c5ERHL;10;1;0;3
+`hRDW}@~P%N4D=;15;1;1;5
m5ay?P3KpL*U$q;14;1;1;5
BIBW!9$V?II,]ut17g;18;1;1;5
7xnevvs;7;0;0;1
dhqdLpcEGLp;11;1;0;3
lrafh;5;0;0;1
0;16;1;1;5
2po4;4;0;0;1
"l*_|;/#ou%h6E";13;1;1;5
ZnUfbTTWx;9;1;0;3
0awy4o;6;0;0;1
6ajcmga;7;0;0;1
didj57qqGq9;11;1;0;3
n7hhsxz;7;0;0;1
myz2bwR0v;9;1;0;3
Di`-S_QsqKMwt;13;1;1;5
"2:Wgxm<yKO~(sG{;l";17;1;1;5
C3t8qmRhkO;10;1;0;3
8kuw;4;0;0;1
l3ca;4;0;0;1
8B8SErSB;8;1;0;3
fzs6xmx;7;0;0;1
"Qbdn0+;dBEqyB<m<1F";18;1;1;5
YQyRZGQaCOr;11;1;0;3
])]OJjLx)0NBk1;14;1;1;5
P8ducRQ7e1;10;1;0;3
"0_O=QUu9""]gApa*2=";17;1;1;5
AaS06oPK;8;1;0;3
bl7FjXOz;8;1;0;3
e5imk;5;0;0;1
zfg3x;5;0;0;1
"YgTU;pj*mhYB-`d6";16;1;1;5
exm6jt;6;0;0;1
yr5Q4r4UMg;10;1;0;3
-8Ha2ca4[6r$Fkt|;16;1;1;5
FQZL8BwXQKq;11;1;0;3
Gpeh2gce8;9;1;0;3
XftDxbPFiM;10;1;0;3
HxaM7Lmpw;9;1;0;3
7k24;4;0;0;1
e7Z8KwLPI;9;1;0;3
xk1l;4;0;0;1
2ZV1XJYQDg;10;1;0;3
]DM?GKe<.r|g,2;14;1;1;5
pmiq;4;0;0;1
0tp5qlb;7;0;0;1
ud2QPvfzbA;10;1;0;3
5oi9;4;0;0;1
old8HKiZlO;10;1;0;3
eRVKaclzRsv;11;1;0;3
U4D9P2gXG7;10;1;0;3
Si31ZuSRE;9;1;0;3
TAwmlHhKY;9;1;0;3
bnt4ab8;7;0;0;1
t4uhl;5;0;0;1
"<bT9]wwF)p+;:F";14;1;1;5
ai&D7j96NK@c);13;1;1;5
vanq3;5;0;0;1
"ek:2B4Jk6J;KpT#$C";17;1;1;5
dg8v7ha;7;0;0;1
BX6bTdviR;9;1;0;3
"\E+}6E3;wWBnI6";14;1;1;5
bbLjOkgK79G;11;1;0;3
uUEI324cvLb;11;1;0;3
TnLMOqjES2;10;1;0;3
qjJ6O227cT;10;1;0;3
vvq5;4;0;0;1
mqb95QaV89o;11;1;0;3
4baBZJfG;8;1;0;3
ylzq;4;0;0;1
(4pb::+i-1SXQ%W[R;17;1;1;5
Kkt>i$\*C-gfZYD^V;17;1;1;5
e8wQJFvFG0o;11;1;0;3
d[MSnig9XjoFQ_/I%;17;1;1;5
"o""uRpkc6vx8D";12;1;1;5
S67ffWKm;8;1;0;3
SZmrs8349;9;1;0;3
7wgra;5;0;0;1
TuvD5xldTR;10;1;0;3
cMkCiNj>D`!(b;13;1;1;5
crk12fa;7;0;0;1
NBwLsQ9VA;9;1;0;3
cc3fd31;7;0;0;1
roec;4;0;0;1
Qja0Emiwmkm;11;1;0;3
1lROdTSVFAn;11;1;0;3
$PS'.+sSj}wn;12;1;1;5
51iHyGyZde6;11;1;0;3
msMTCEfo;8;1;0;3
PbKa127lNY;10;1;0;3
EkrNCkRY;8;1;0;3
Jqd2d4eDgKD;11;1;0;3
UTMLlaIts;9;1;0;3
ijgn2;5;0;0;1
o6hk5;5;0;0;1
fQGQg4b0k;9;1;0;3
fpvn7;5;0;0;1
^Ak*>VG4~`.O|t[A+I;18;1;1;5
cBRtx2geq;9;1;0;3
nfXVNdNbOy;10;1;0;3
1LN2uwNQ;8;1;0;3
VaNlEeP5;8;1;0;3
"P;b,H[#:i!%UE#s";15;1;1;5
Px7JISCqnI;10;1;0;3
s1z9;4;0;0;1
disjb;5;0;0;1
"0-X*;'SX:08rgHbAj";17;1;1;5
7egjpv;6;0;0;1
qkfbtz;6;0;0;1
">kP./B+|/mPk#|""a`";17;1;1;5
r30cwc;6;0;0;1
TLz6tmV7J;9;1;0;3
iCAB8vdS;8;1;0;3
ji!cV+Qm+8Feqq{TF;17;1;1;5
JgR94FtZr6;10;1;0;3
7jluw;5;0;0;1
cfu2;4;0;0;1
#*I-]w)sZYok-m3P;16;1;1;5
5jnn15mN3cV;11;1;0;3
ZY<^+NQg&,P\w;13;1;1;5
o8ha;4;0;0;1
"*;jq!,*^X[eBM^";14;1;1;5
_.V$74RD][NC#FdwXy;18;1;1;5
i4gp;4;0;0;1
bz9v2la;7;0;0;1
"'TWe5wiZD<ty""\&~2]";18;1;1;5
PwKZvdKa;8;1;0;3
mnTBMUftSd4;11;1;0;3
vV{dsuTvULOnm;13;1;1;5
nubI3Rvci;9;1;0;3
3IyFzEFa;8;1;0;3
w8aa;4;0;0;1
t9ttnzKc;8;1;0;3
tye77;5;0;0;1
nqrwod;6;0;0;1
nxNEU93xG;9;1;0;3
e3y563;6;0;0;1
Hahco=que20';12;1;1;5
srjr;4;0;0;1
glrz;4;0;0;1
>*<4W:ja+Va-PT;14;1;1;5
"F!D""6]|JjI,5K%@Q5";17;1;1;5
lu4ajl;6;0;0;1
OEnBVyv0;8;1;0;3
pNe9MyHSVY;10;1;0;3
!5-NY]Fop9V$8;13;1;1;5
8zZrS4aZIGyR;12;1;0;4
<>%U.VTf{t6UYa;14;1;1;5
zgorf;5;0;0;1
fex2;4;0;0;1
1zhnwy7;7;0;0;1
txzk4;5;0;0;1
Qb6Vs1UeT;9;1;0;3
og0xk;5;0;0;1
t2WvBpzH;8;1;0;3
JNSDzJwhxy;10;1;0;3
xklu;4;0;0;1
nij6r6a;7;0;0;1
f2qL2FpbLM;10;1;0;3
yup7ifl;7;0;0;1
ed03;4;0;0;1
?lmuwa2n2bPv1!;14;1;1;5
3ivo;4;0;0;1
NYuXwAoj9;9;1;0;3
ScpMCco8IRH;11;1;0;3
cptggd;6;0;0;1
i}&s9M=U9dl|;12;1;1;5
L7n:]CEkFO@6^*U{;16;1;1;5
u7hu;4;0;0;1
gL6GdwAPn;9;1;0;3
yd5kap;6;0;0;1
%c@z}7KBK*)b43+#f#;18;1;1;5
nqEC3ug_d(L|65=;15;1;1;5
(#uu9HlmhF@)LwcJJ;17;1;1;5
68xshe8;7;0;0;1
boo,ns}6vW*5AZA/;16;1;1;5
qfauy2o;7;0;0;1
ika6rxj;7;0;0;1
VV#M59j5a`9&%;13;1;1;5
|oU:u~4*}Q&c[1;14;1;1;5
IxCTJyj001K;11;1;0;3
h:uh,XDn$+R3e}0|'=;18;1;1;5
HhwSHc4f;8;1;0;3
IcTqMOYiDG;10;1;0;3
tCPFVcAh;8;1;0;3
"h>$|l`i^vQjaN1;/By";18;1;1;5
7JeeDnXQ54k;11;1;0;3
igHMhWAM9;9;1;0;3
Ck72xYa6;8;1;0;3
mX2>Go=Ap%]QJ;13;1;1;5
OvR2iWIMuPq;11;1;0;3
"rbI3|(}Y""1CQ=n";14;1;1;5
d5dOAmnM;8;1;0;3
nvxek;5;0;0;1
Wk>Bzmh-DO_c;12;1;1;5
%j[h/~A4VWtM;12;1;1;5
clvss;5;0;0;1
LfXZeR8ZV;9;1;0;3
OoV&'DA]B8N.N;13;1;1;5
5fjs;4;0;0;1
qXlG9jYtzr2;11;1;0;3
39ile;5;0;0;1
"SQLnjr?9;K^N<O0";15;1;1;5
23vfvLKiqj;10;1;0;3
MMFlDVTiS;9;1;0;3
tp2hfw;6;0;0;1
'<f*A(6Bw+NqD{Gs;16;1;1;5
"_-(7AMC3f}-c""tb3WQ";18;1;1;5
n2zubDfaUtx;11;1;0;3
MtjOn3LlX4;10;1;0;3
68j28;5;0;0;1
J-*6iD+DOQxs;12;1;1;5
"Z;h'W>z+?4DA~5mOor";18;1;1;5
3+wt,z6:!'O%9IQ;15;1;1;5
1clmzq;6;0;0;1
Pg6wdF!mAY*G1C%E5;17;1;1;5
mFC4zlfc;8;1;0;3
0x2sgrc;7;0;0;1
AZ73xYXe3;9;1;0;3
bpdcB8mosd7;11;1;0;3
x_8HcMA8%-jk#c,@]|;18;1;1;5
G.]o//KVD-=2j#qB;16;1;1;5
jVKSR3gE;8;1;0;3
5gzsTlip8;9;1;0;3
f3awy;5;0;0;1
"s!o;l`]M5S?)";12;1;1;5
F?Ux5bdECNmWvC}O{;17;1;1;5
N3YIxwtpA;9;1;0;3
GA>MA>yv%c}94z\;15;1;1;5
Ue89cVKgP;9;1;0;3
nr6ny;5;0;0;1
x5nr90;6;0;0;1
EcHh7obM;8;1;0;3
yhqh;4;0;0;1
$O^WA:y1*`{O,7;14;1;1;5
zSreDe6Cw;9;1;0;3
1zida9;6;0;0;1
NHyfvHhNFsM;11;1;0;3
qpcxra0;7;0;0;1
G[bz2Ex*87S=-;13;1;1;5
qon2ci;6;0;0;1
8q9r;4;0;0;1
re3qO1uy8Ky;11;1;0;3
"<2{Td|l""ceXqjz<3{e";18;1;1;5
wQUxZns5Vhu;11;1;0;3
TpfPjlOcdxO;11;1;0;3
lKicVq3CiTX;11;1;0;3
vDMIuv`2|I(a$o;14;1;1;5
nbzql;5;0;0;1
"dLzY%OGn}""cM";12;1;1;5
nfw3;4;0;0;1
mkuuhiu;7;0;0;1
T1naiy5lke;10;1;0;3
9{b4wB7idI6vwRw;15;1;1;5
o1vmedHK65t;11;1;0;3
p3401b;6;0;0;1
PLrZWlGM;8;1;0;3
1q2a6k;6;0;0;1
"qV:[pG;Y70jjMXb*";16;1;1;5
7njgc;5;0;0;1
FZAlFeXQsLA;11;1;0;3
sp838zq;7;0;0;1
RIgu:ghbG=IU<g.;15;1;1;5
mdl4dn;6;0;0;1
pa5c;4;0;0;1
Vy`DNTfBD`_p;12;1;1;5
fRaTLNiCj;9;1;0;3
3j9ykaJrA;9;1;0;3
hOmDkaU9;8;1;0;3
d.H9_w^+&-+]u;13;1;1;5
SyYiu18yst;10;1;0;3
PPwv0jFc;8;1;0;3
|,76@t.f4=KT;12;1;1;5
sOFoaZeV;8;1;0;3
b77v7oq;7;0;0;1
rfhGDooR8cm;11;1;0;3
9QhRMOc8WwL;11;1;0;3
9qxdxGVg;8;1;0;3
v3MNA8z0bjs;11;1;0;3
d8ctsU4N;8;1;0;3
1nwlf;5;0;0;1
SuhOqnVvA1GB<?s;15;1;1;5
Le0NFXms8;9;1;0;3
8MiASoJZ;8;1;0;3
t?hm<%aM!I5m\]P;15;1;1;5
i5J5n31lHlb;11;1;0;3
i6hrd;5;0;0;1
NrSglRB5hg;10;1;0;3
FGmDJYWoPmT;11;1;0;3
0ki3;4;0;0;1
dja8on2;7;0;0;1
\+g+S/`)k3+aOf(_;16;1;1;5
GmPIux1Xdql;11;1;0;3
>({I5?zix}mE;12;1;1;5
-2J<cR._yx4HoG*);16;1;1;5
v7nm;4;0;0;1
n67c2;5;0;0;1
0dvpx;5;0;0;1
dxv8ddg;7;0;0;1
0Bdeg<ACX%d>AN!DK@;18;1;1;5
dgm5x2;6;0;0;1
wp83xzg;7;0;0;1
>]0HS':S0U.(Mls6;16;1;1;5
}r}4Ze1=yctuN0xz;16;1;1;5
u_4ul^WCU7\MTu;14;1;1;5
?3!UsY\N7@P5z;13;1;1;5
5yo9zr;6;0;0;1
grixm;5;0;0;1
ath4;4;0;0;1
77ras;5;0;0;1
dkmpx;5;0;0;1
srTd0HUZ2;9;1;0;3
IkhtcMUp|Qu5#;13;1;1;5
Fhs|[kjI<U_Sz-w;15;1;1;5
VUuVqTk9;8;1;0;3
EV6@y&g\rO*);12;1;1;5
8mv7w;5;0;0;1
i4V),hpYUWxj;12;1;1;5
pwf698;6;0;0;1
r4az7oa;7;0;0;1
97K2S6dmAg;10;1;0;3
unp7jwh;7;0;0;1
0fpH4qE6vWZ;11;1;0;3
{5E/73s2#&#7Y/;14;1;1;5
yJ1CjPLAUu;10;1;0;3
dan4k;5;0;0;1
~<NCi6VLIX>X;12;1;1;5
og458;5;0;0;1
xlqfpf3;7;0;0;1
W<tQm.G/4*)BE;13;1;1;5
ya2b;4;0;0;1
0;18;1;1;5
rfp6;4;0;0;1
}'a)Vf4<,,97d!z'kw;18;1;1;5
ygYaVuAZHd;10;1;0;3
wltp2c0;7;0;0;1
qy5k0gr;7;0;0;1
"50()S!.""Np9'";12;1;1;5
bzgwrAWWsQk;11;1;0;3
lFBkM1ArtRP;11;1;0;3
h(OGM&#RQVEG)p;14;1;1;5
"/o`%t;Ay-!o6N";13;1;1;5
a:{YJ/_@PK:d|JhES';18;1;1;5
lqsPanIS;8;1;0;3
qLzfUCGQi5V;11;1;0;3
rjLYR70rVO0;11;1;0;3
EP?''~>iJb%glzHp8j;18;1;1;5
HZS2u8BEeQg;11;1;0;3
EFZOGTEvr;9;1;0;3
8k31b;5;0;0;1
AK9fi1As0u0;11;1;0;3
h&vzSDOn:3ScA{v%;16;1;1;5
jsq1i0cZLk;10;1;0;3
fupolhb;7;0;0;1
eMMcXgRbO8h;11;1;0;3
ckgab;5;0;0;1
MUvW{'gRD$4->;13;1;1;5
octAvNqfo;9;1;0;3
iHJIJWLWOU;10;1;0;3
!_uNem)qmzLE;12;1;1;5
wqgr6u9;7;0;0;1
6r5yqj;6;0;0;1
0;16;1;1;5
"`&eH"".gG\hg=@=n";15;1;1;5
SYw8wBrr;8;1;0;3
71a685;6;0;0;1
M7XemjwZLR;10;1;0;3
8yoyarJ6;8;1;0;3
0inqd;5;0;0;1
Ok3EvNdB;8;1;0;3
myxTPDgTD92YzRms;16;1;0;4
jdme;4;0;0;1
VeWJ0'x*mChhb;13;1;1;5
vzqY14sUkDj;11;1;0;3
g.YN3G,+tSfhvz;14;1;1;5
ThlaoFtGR;9;1;0;3
&'Gtx0wd08l/5aa);16;1;1;5
q57zk5FsVxZ;11;1;0;3
R1SwMB4VWA;10;1;0;3
pd8ag0n1J;9;1;0;3
t9hea1q;7;0;0;1
Dis28Ovup2;10;1;0;3
XJfgLh8Y8N;10;1;0;3
b*HS=$lxu9a2fTqq6;17;1;1;5
rTP2rSdM;8;1;0;3
LlmFLfieR3;10;1;0;3
opJFTT1f8C.HuMDl|;17;1;1;5
xxlbx;5;0;0;1
cIVLC8jWW;9;1;0;3
4tA7lv6a;8;1;0;3
jho2do;6;0;0;1
2gdx8;5;0;0;1
xixwrol;7;0;0;1
jY4RreSl8;9;1;0;3
1Jc9QArwU;9;1;0;3
cr6fsf9;7;0;0;1
KO{eCkJ,yceOe#=\;16;1;1;5
y5u5d;5;0;0;1
@kTaL{6JC<mR`0=qBN;18;1;1;5
w@s24*7**\p|hk5;15;0;1;4
zgoaGsoAS1y;11;1;0;3
9asrpc;6;0;0;1
d52m8;5;0;0;1
OA1vaSICKPW;11;1;0;3
F146bk91a;9;1;0;3
vmLy7Vorx;9;1;0;3
5l11;4;0;0;1
cEM5ClVbOz;10;1;0;3
d808lt;6;0;0;1
5VwZ4G%K?Q!REu;14;1;1;5
fxr1Uk55omL;11;1;0;3
RyDObYYKU;9;1;0;3
0;13;1;1;5
"sq,Q~tCY%uS;#w";14;1;1;5
SO4cCkuLR;9;1;0;3
7EbnP5Dpt;9;1;0;3
|Im-\/9R$[^2;12;1;1;5
pZPCCEIi;8;1;0;3
tnX<&jT,[-kP`y-3;16;1;1;5
EYQ8zcsA;8;1;0;3
"+xi5p""8y!x:f";12;0;1;4
iw9biq;6;0;0;1
jvec6w;6;0;0;1
"q&nuX[;hAs)=IxB<""";17;1;1;5
GrhK=MZMrIBPy.3B;16;1;1;5
hdk4p;5;0;0;1
ax590;5;0;0;1
"N8-{p'""d>wn:";12;1;1;5
GjHPXmmCCAK;11;1;0;3
kkp095k;7;0;0;1
0jy3;4;0;0;1
(%5d&5O1+)rX|sx;15;1;1;5
"B>mYJm4,.9cD;Y`W";16;1;1;5
z8RdTgeRS;9;1;0;3
aXvQ=y#Tl)_[+TO;15;1;1;5
<ijn0|P3*.wN&B+;15;1;1;5
5p6XxRuxt;9;1;0;3
950t6m;6;0;0;1
"RT@OJhRS;y0>G1,O";16;1;1;5
5nz3b;5;0;0;1
j3eUniR7fR;10;1;0;3
j!.UQeo/KtK9;12;1;1;5
V*~#UI~ZQ4QFk)7;15;1;1;5
ML6jLTGkj;9;1;0;3
J863Oj2v]C=oq5Bv)/;18;1;1;5
ySCbp6SqwO;10;1;0;3
MQAFJFyt;8;1;0;3
jnepvp;6;0;0;1
5UpFPGqRf;9;1;0;3
3R6SUvhl1;9;1;0;3
eB)P1YnC0w{Cq;13;1;1;5
Z9=A^HP%#K~D[OYT;16;1;1;5
`Fk$sZ^HE<$KB\cPn;17;1;1;5
01fhxn;6;0;0;1
(B(fo5'HwW(~HsP;15;1;1;5
pugqYFAP;8;1;0;3
lr3a80f;7;0;0;1
1eextgp;7;0;0;1
cymmhp4;7;0;0;1
nNV73LwX1dM;11;1;0;3
kix9;4;0;0;1
sd0zoqc;7;0;0;1
gf4klq;6;0;0;1
2p6mwz5;7;0;0;1
d3gmE7yDH;9;1;0;3
isbka;5;0;0;1
dQI0cCSZ;8;1;0;3
yc0vu95;7;0;0;1
m0vcopm;7;0;0;1
8qmri39KATx;11;1;0;3
0;16;1;1;5
3tJhidpuVMg;11;1;0;3
7y39;4;0;0;1
ABI2diBN`r>x.;13;1;1;5
5iIL'i,q[W=N;12;1;1;5
fd9j41x;7;0;0;1
'%YSb).:$}-_}]lD;16;1;1;5
6bqy17d;7;0;0;1
nqa10o;6;0;0;1
r5jhwl8I;8;1;0;3
C3id2FEY;8;1;0;3
Rqnkp9Erp;9;1;0;3
z8lvo4;6;0;0;1
6voq;4;0;0;1
GchzlKxnpbF;11;1;0;3
cspf;4;0;0;1
EdlWUCvhlQ;10;1;0;3
vQGJsg4ow;9;1;0;3
Nh+J}59<j$ne']{(Cn;18;1;1;5
R|G0V-*A4:E{RZ6(;16;1;1;5
PzSjKfzs0YI;11;1;0;3
w8dyt;5;0;0;1
mZB3.yT+iXm5s<b0;16;1;1;5
gfaFu1vZ;8;1;0;3
kFENv7FTE;9;1;0;3
GtSUqvcEmR;10;1;0;3
",;s!?JG0E%U.""vLX+_";18;1;1;5
0yz37;5;0;0;1
a4uSGipncu;10;1;0;3
l3eAts)fNiDHbX66g;17;1;1;5
\u?MP#]tNmuf;12;1;1;5
yvAvfXkJ;8;1;0;3
GmfCKiFZaZ4;11;1;0;3
c63q;4;0;0;1
qhb3;4;0;0;1
mg41u6;6;0;0;1
tkGcYa9CFcn;11;1;0;3
"_r7<s/AGmk`q;-""6La";18;1;1;5
6ppybCCs2t4;11;1;0;3
syXswOEy;8;1;0;3
gLHvVdgEkr;10;1;0;3
<gy.f2]>4\lW:bn;15;1;1;5
wy2iwy;6;0;0;1
YiznMhQVEq;10;1;0;3
wlnipe2;7;0;0;1
aBRT:bKTHLg&-yyH;16;1;1;5
NThes6EZT;9;1;0;3
ydjo;4;0;0;1
lsELe5x8;8;1;0;3
EKQZidAWWJ;10;1;0;3
"rq""}Di(UZC.Iy\t2X";17;1;1;5
5eDdSVMY;8;1;0;3
8xmro7i;7;0;0;1
endgqj1;7;0;0;1
kr6meo;6;0;0;1
ERrlnf0SbH;10;1;0;3
C`6blW3=a-{N-U;14;1;1;5
39gzh6p;7;0;0;1
"!""6l9YZ6\4d?P(@t+!";18;1;1;5
OR`[%zr]Iiku;12;1;1;5
qt52FHxtw;9;1;0;3
0in3qEEL;8;1;0;3
Xl0JbQwR;8;1;0;3
D4GJDNkua;9;1;0;3
4JIFJGkaS6;10;1;0;3
7dab;4;0;0;1
hnhVxFCfS;9;1;0;3
IkfB4B5r;8;1;0;3
MzJ>wx~~z,@ri$;14;1;1;5
hzmf;4;0;0;1
7wKI6>48XO-a;12;1;1;5
jLbstts6gw;10;1;0;3
EzcBF<A^xo7D+`%P;16;1;1;5
cfE%,6=/!zJ22P2V;16;1;1;5
}j6gZrka$1~A,-;14;1;1;5
e8tlgjh;7;0;0;1
C>2!mJS(qv}gZD;14;1;1;5
tJBnmv8VCy;10;1;0;3
VpV6t4iv;8;1;0;3
"~""\hU<6%9@8dtFz";15;1;1;5
XaWlujnUD;9;1;0;3
o3kn;4;0;0;1
"Wy}b]{zHjfRti""";14;1;1;5
t0vyi3y;7;0;0;1
XlCd3tQku;9;1;0;3
"0:;yFF^2\pPdPD~V";16;1;1;5
5nufj;5;0;0;1
xo>PNsO#6SUeQ&T;15;1;1;5
\71zL14VqN)NFaQ;15;1;1;5
czr9f;5;0;0;1
u2eu3q3;7;0;0;1
tCpOw61CK;9;1;0;3
xqnotk;6;0;0;1
}dNtEWbyc%&eKJ5@X;17;1;1;5
14Ao1BKL3x;10;1;0;3
LA1PE6QLppX;11;1;0;3
VPny{_d)GOi[]Ir/S;17;1;1;5
3higdzg;7;0;0;1
oaYaVpYsOm;10;1;0;3
WG22qd7EO;9;1;0;3
0MGx7qicW;9;1;0;3
Uksetr0eF5Y;11;1;0;3
fk3AECLSY;9;1;0;3
zfauo8PQ;8;1;0;3
MkKis9uETuo;11;1;0;3
`u[]BflC)+[K<$s9;16;1;1;5
#t:xi?0PpoAaT_%.C;17;1;1;5
dOVc4hzm2;9;1;0;3
oyzbQqO9AMB;11;1;0;3
5rhz1z;6;0;0;1
U165De8k;8;1;0;3
mewavqb;7;0;0;1
v5OX8Gs7;8;1;0;3
kptnzd;6;0;0;1
3zH9Kgsc;8;1;0;3
j6P6lF@c\'1V{36Qk;17;1;1;5
7y]w=M$=y$5]_r;14;1;1;5
CZP8Splr;8;1;0;3
3\,J:b\Mo`*txY;14;1;1;5
"e$t}?ya-#*CHVR!;dS";18;1;1;5
Y31G61BHC;9;1;0;3
pV\~h}b0=ug/-};14;1;1;5
Mf@p)s<'CQm(/<jOw.;18;1;1;5
JVEnl1c92dK;11;1;0;3
"pKTF]""KGO@3&e]An";16;1;1;5
^&Ih-rwc@\y{cB]TE;17;1;1;5
<x7#|A7@+.Hr<-+EK;17;1;1;5
6xg9s;5;0;0;1
8NW4my8vP;9;1;0;3
\RIbai8Ocw!m9R(;15;1;1;5
PYANnItU;8;1;0;3
tx6kfq;6;0;0;1
"#""`q&.*%s_faYU5R.";17;1;1;5
{yc2A&Xtar_9s{2Xd=;18;1;1;5
Fo0jzLYl;8;1;0;3
nsqlu9;6;0;0;1
qMFHRpo1;8;1;0;3
S8K{Du=G/Iq&<;13;1;1;5
Lys4<#G[:5fU;12;1;1;5
fiFZbMhC9y3;11;1;0;3
nkybu;5;0;0;1
"|:>3""E@!WDKUMS4";15;1;1;5
3dcfs;5;0;0;1
"s~;Iv497[8e+C'^*";16;1;1;5
gsafs3;6;0;0;1
paZ4XOLP8;9;1;0;3
lg9mwh;6;0;0;1
SRUUayQqUs;10;1;0;3
bgVhGdWTG8m;11;1;0;3
o3u4ro;6;0;0;1
NxdRd3vmkX;10;1;0;3
s3ZXuatmchi;11;1;0;3
j0-<JeE*>#<m;12;1;1;5
4LtZjKxcmr;10;1;0;3
RcNgh3xR;8;1;0;3
o3pNpFZ2D;9;1;0;3
0mj7w1c;7;0;0;1
zbgd8;5;0;0;1
"qQ/#x;iGC,d-0/X";15;1;1;5
TNogwkEjsm8;11;1;0;3
iisJy42y;8;1;0;3
1?y-R}E@kc|9*eCWv;17;1;1;5
aB[,Lk'8q(I~h^R|X;17;1;1;5
"2VwUw*QKlYx;=4";14;1;1;5
0b2zqo6;7;0;0;1
~&Ml=&~G(0ds^$9:,#;18;1;1;5
nhKMvAcku;9;1;0;3
ewbvs6j;7;0;0;1
^0}Pw=l!icuA~#;14;1;1;5
";#,N/3mtn*-N";12;1;1;5
i84xsby;7;0;0;1
m4c7;4;0;0;1
R`~NNmv:y<?aP7t;15;1;1;5
tGtHztdn;8;1;0;3
T1s7Gzoy;8;1;0;3
UvQN6MbMjz;10;1;0;3
yu+{Q@qL$E,OeI1;15;1;1;5
^xAHvb]rF1`&x\(;15;1;1;5
FTZwJOov0Qs;11;1;0;3
kvzp7vg;7;0;0;1
tE6MiwnZ;8;1;0;3
DiMKigIGF1;10;1;0;3
TJ4QKLlNgTM;11;1;0;3
\69hFS(+NrTd,n(s;16;1;1;5
">@HzFPt""*qYip+&x";16;1;1;5
adnfp;5;0;0;1
puF2QoiY61A;11;1;0;3
joiezw;6;0;0;1
imlb;4;0;0;1
fzloot;6;0;0;1
gi8HdzhTSl;10;1;0;3
b_OEN(2Ar+V}^+!e@;17;1;1;5
ec7cSiNZ;8;1;0;3
<90@^7Y{`nK0lVPSJw;18;1;1;5
5lojqq;6;0;0;1
Ey5QRuRo1Wq;11;1;0;3
gHwS71cce0d;11;1;0;3
MEN3zcN8;8;1;0;3
vHU3UPLzI;9;1;0;3
vmsq2;5;0;0;1
BRKzK3uD;8;1;0;3
hy256ic;7;0;0;1
rupg}vBNPJkxw>cX;16;1;1;5
5J<3#K-tOlv[=Ug:g;17;1;1;5
"E?$""NPv@$w9OnWx;b!";18;1;1;5
pj86;4;0;0;1
onhxfwa;7;0;0;1
46wr6;5;0;0;1
buik0j;6;0;0;1
5Z=aS{RwI$W-a;13;1;1;5
3hAYGXPa;8;1;0;3
rcuhw1m;7;0;0;1
O0BXHlti;8;1;0;3
oa39e1;6;0;0;1
P*?(KF%^X2'R76q`;16;1;1;5
2g4g7;5;0;0;1
DcwXlNo0l;9;1;0;3
t3o3qm7;7;0;0;1
8sn->P%a\4E1(Ht;15;1;1;5
VV6,00(=VYc/9Sz%;16;1;1;5
oh9w;4;0;0;1
qAbzOyTsx;9;1;0;3
ylt(~OvY=:dG\D;14;1;1;5
IbNEXegny;9;1;0;3
qmeeaac;7;0;0;1
w'YDxLS)kKHC9d;14;1;1;5
3!%pDrOL7.CMw)|v>z;18;1;1;5
OeztNfer;8;1;0;3
[+UE5L8A$?aJ!}C;15;1;1;5
dlqeguw;7;0;0;1
XMtMlxlK;8;1;0;3
uobn6s;6;0;0;1
ql40yXZpnk;10;1;0;3
6avv25;6;0;0;1
qgbsah3ei;9;0;0;2
b9tyr;5;0;0;1
YVW3zxun;8;1;0;3
@$hkjv%%M<ZDQx/;15;1;1;5
3EwN]V\]S/d@s;13;1;1;5
9jDEMKqv;8;1;0;3
b7Sq7O5xP;9;1;0;3
46qjn30;7;0;0;1
D&]k=}{-<9xF;12;1;1;5
JnFQajtFQl;10;1;0;3
r5w9h;5;0;0;1
y_Gy{h6B.+{ib[;14;1;1;5
nuyTseNA7;9;1;0;3
tyJCQQZl;8;1;0;3
,\<vxo?l9HNv]b^nQ;17;1;1;5
ogkAq2TIs;9;1;0;3
4m4Ljbyx9JZ;11;1;0;3
sq6cYveDLw;10;1;0;3
u)^%&aOGWs5G%LMh;16;1;1;5
"+D.,ZD5""#aPS;F`)";16;1;1;5
p62m4q;6;0;0;1
8e86;4;0;0;1
"_H?;J>rm}{Mm/oN$Q";17;1;1;5
f6i3nJ7UW9J;11;1;0;3
kipxoSR1Ya;10;1;0;3
fS2snSVrRQm;11;1;0;3
qe6cJshK4;9;1;0;3
Bsm5DZQOuS;10;1;0;3
dojd8t;6;0;0;1
bi4n;4;0;0;1
eCKvI^%JJS_m3mzd;16;1;1;5
JQ6ttc`i6)'*r[sA;16;1;1;5
b88wzBGC;8;1;0;3
6PPXp8bE8;9;1;0;3
VjpNikPw=0%,M4?F;16;1;1;5
jxxlnd;6;0;0;1
AGn3Pu0P;8;1;0;3
28e64;5;0;0;1
6zSW4csw;8;1;0;3
iIYeOlT0;8;1;0;3
GJbsHE7No4;10;1;0;3
BvhwE9,#t!d1N}0#m0;18;1;1;5
y1k1wj;6;0;0;1
gs00w1;6;0;0;1
ycmlz0b;7;0;0;1
"ruQ;]^=T3K0m";12;1;1;5
trzu;4;0;0;1
lckng;5;0;0;1
"/6eB_%F.58;X";12;1;1;5
GBcDO0YTqp;10;1;0;3
9re9t8;6;0;0;1
qdW3wqKWisr;11;1;0;3
@-n:{Mkho[=$jW?];16;1;1;5
3qyk;4;0;0;1
SzL$gI%wu#q3):P-O;17;1;1;5
%`c4`%Ew]H*hPClQ6;17;1;1;5
4\Zd-9LkQw#ui;13;1;1;5
VipaVUBvIe;10;1;0;3
xe1s;4;0;0;1
6bvIa7LB;8;1;0;3
zPMIjb5MpJ;10;1;0;3
Dw8omJngEE;10;1;0;3
frzy4j;6;0;0;1
ECJNOnWU;8;1;0;3
a6yo7v;6;0;0;1
54ERJhpkcBJ;11;1;0;3
ZKRVk_di$KEJ!';14;1;1;5
}VZD[nuCR|)l[_0R;16;1;1;5
g<(p8P&?HA.n2Z%KpD;18;1;1;5
~HdimXP0}Hwc;12;1;1;5
8cq6ro3;7;0;0;1
7xyH*&ghbSM-cDWhRS;18;1;1;5
8Z'%qo-e%gWu%W;14;1;1;5
"u""C7Ds1MtJCqu";13;1;1;5
g9qrbs;6;0;0;1
b50oa;5;0;0;1
%x>~}+}qt=7AS;13;1;1;5
hqfhma;6;0;0;1
NwzVW7YWaL;10;1;0;3
n|r2RRgj,Nmc;12;1;1;5
TTVjmlbxh0;10;1;0;3
30TWXVjZg;9;1;0;3
ld1gjx;6;0;0;1
cdh0o;5;0;0;1
AUVryFD5;8;1;0;3
BxP62ksqG9J;11;1;0;3
Odgshlz6EtP;11;1;0;3
jBQPvHCFY;9;1;0;3
wjbi;4;0;0;1
s(q0CFi~=dYBC#;14;1;1;5
q'@ICjTF5&K32;13;1;1;5
py1g;4;0;0;1
bl5<bwhMM`&~i\T}`;17;1;1;5
"x?u[,p=Cg.cy"":t";15;1;1;5
"2rACAV""1uO>s:wj\";16;1;1;5
w&u\0Sh4zQ5dg>z;15;1;1;5
f5klo;5;0;0;1
b8kflwf;7;0;0;1
ro44vev;7;0;0;1
t07T41HjWD1;11;1;0;3
4d,7I\?xqp(W`Bo;15;1;1;5
<sN+:K-8(K$^Jpc.;16;1;1;5
IHsfBEPFkdz;11;1;0;3
wKHWutpVE1;10;1;0;3
y2511O4JVXaO/8e)B;17;1;1;5
59hBRMdB;8;1;0;3
nn6cr13;7;0;0;1
`.b|_tE|I0O|{\;14;1;1;5
5lgfbtf82CL;11;1;0;3
iyyLeqaRi;9;1;0;3
iAgOw3riBs;10;1;0;3
n7hjvne;7;0;0;1
~<z<aN<\xaka##wQ1H;18;1;1;5
uDJ2JLHv;8;1;0;3
aQAe4QHL:3Ni,m;14;1;1;5
CwSpUBgf;8;1;0;3
k2{TaKLh9u9_;12;1;1;5
APXVGgT9Z;9;1;0;3
RTkrKcyX;8;1;0;3
cgoj;4;0;0;1
~_K`B,Tqy9lLC;13;1;1;5
7v1zhe3;7;0;0;1
abFDLKD{j-AWbc*EL};18;1;1;5
yc8lbyd;7;0;0;1
N&PMkG2v4cG$cMv;15;1;1;5
NGgAVeLiE;9;1;0;3
DcR21b9Or;9;1;0;3
qhw39z;6;0;0;1
e2dxbk;6;0;0;1
G1KtWum29QHO+{{x<;17;1;1;5
XaSZTw1uiSO;11;1;0;3
"/O$HjglS5/P""%Ey:N%";18;1;1;5
nHvz4XeL;8;1;0;3
:TAuy]FzuyGC^#g;15;1;1;5
7cvv;4;0;0;1
"D1%m@W,6m'%h;I";14;1;1;5
fewUaBOFmZV;11;1;0;3
L3728uiZEpX;11;1;0;3
0dSo2b6l3;9;1;0;3
g1kjb;5;0;0;1
t6tx3;5;0;0;1
iskJe09b;8;1;0;3
nB$[!T1Z9hIH1T7]g:;18;1;1;5
d41mq3;6;0;0;1
alsi04t;7;0;0;1
hWuYI0RQIoR;11;1;0;3
n}J6n(vI\1z%;12;1;1;5
PihHiu1W;8;1;0;3
868OnJYnLVr;11;1;0;3
iUb3ufp1jC;10;1;0;3
e73l;4;0;0;1
3opl49;6;0;0;1
fnfcj;5;0;0;1
2BxZdyNt6;9;1;0;3
8RkHYF5vN;9;1;0;3
a3345f;6;0;0;1
ADiixtn23P5;11;1;0;3
47nx7w;6;0;0;1
Wt4kNfsi;8;1;0;3
MfjnaS9XtT;10;1;0;3
Bmr1*z6o0?<Nm0;14;1;1;5
p\U(`:u!mH=_;12;1;1;5
hp3q;4;0;0;1
lqkb54;6;0;0;1
5mHILeBp;8;1;0;3
"?S{<N)b/W-"">";12;1;1;5
*gnS/2&|h:7|eeA;15;1;1;5
MBjGUhdtkdo;11;1;0;3
0t53oe;6;0;0;1
"3!Q\4v""X)M%a^u<";15;1;1;5
1kh7m3;6;0;0;1
1GvyCyUsK3;10;1;0;3
WXJ47mb6or;10;1;0;3
Xm)b|5z:/GLLf(H;15;1;1;5
u4dhy;5;0;0;1
_C/rXFGHBlO/;12;1;1;5
RPtc0Cdkq;9;1;0;3
[D[=^#v=LCQ?lYAx;16;1;1;5
q0447mxmhW;10;1;0;3
K1CDf0kn;8;1;0;3
"'f\EO3u$#QA'\+;/";16;1;1;5
R$wf<}l>/j3x/FT;15;1;1;5
X2gsadTv;8;1;0;3
apy0x;5;0;0;1
3sh0txf;7;0;0;1
TzwfheIEdAP;11;1;0;3
r.e(JeNHxP4u;12;1;1;5
W4syIqPs;8;1;0;3
b6kmnol;7;0;0;1
MJsI4ZfiQg;10;1;0;3
9lggg9n;7;0;0;1
qpmT320N7;9;1;0;3
LIesMWFo;8;1;0;3
"2*~vVNn""G;S`D4N14";17;1;1;5
PMAEoLJ5;8;1;0;3
gxl9od;6;0;0;1
\8a|}V}uwi`uXX;14;1;1;5
DTLM7sn3MQ;10;1;0;3
OofZ9dV8l;9;1;0;3
T{h$r&_n@<~78L<ueQ;18;1;1;5
bRDcl6hkS;9;1;0;3
qJYrp9Py;8;1;0;3
j+A{.{=-EKQmIt*;15;1;1;5
";xxusv/.'q6o]#m-";16;0;1;4
WfmlwJCJxCi-;12;1;1;5
x7g3pg0;7;0;0;1
s9n0k;5;0;0;1
pm(7`hb7g__e+;13;0;1;4
/reMr4wKl4=(m&&Ow;17;1;1;5
4e}c,'z-oO]tdqpv7P;18;1;1;5
"e;ZeSt=M8M6h";12;1;1;5
eyvm4;5;0;0;1
6DQ9tBJkVRY;11;1;0;3
Kmv3`tpbP2C=;12;1;1;5
t7H<=<Dj}8NN?/5WS;17;1;1;5
2om48bd;7;0;0;1
"S$u/vGK6.I7""9RddL";17;1;1;5
lSgNXOCG;8;1;0;3
0g7nuwj;7;0;0;1
0qzr9;5;0;0;1
dfm5iw;6;0;0;1
gPHL26ITBu;10;1;0;3
x0wd3a6;7;0;0;1
7jxgnd;6;0;0;1
"`RIreMA!Ys;(aJEp~4";18;1;1;5
7y4e0;5;0;0;1
pOxNqGpI;8;1;0;3
"N*}iZ""^k*+sePa!Zh8";18;1;1;5
3BPx8apSYS0;11;1;0;3
ryMCMn_]H?w3_w;14;1;1;5
}_D{%%QyfTv+8Sn;15;1;1;5
TA4YXtsaxr;10;1;0;3
o78k4;5;0;0;1
RwBbxxtwPg;10;1;0;3
qjrf;4;0;0;1
8Mf654lOMGX;11;1;0;3
K1xbnmVaD##^_tA5;16;1;1;5
WM9TS3ZwIk;10;1;0;3
0wsx;4;0;0;1
?Uw:{x!s(+Ra;12;1;1;5
I31kmYnkkTi;11;1;0;3
FSAFVzNl;8;1;0;3
0;18;1;1;5
nonEkj)kS#CW;12;1;1;5
HLFbi3Qe;8;1;0;3
PR8Zm4RwKdA;11;1;0;3
LdM7YPu3;8;1;0;3
s<DvcYPQ=!dn/yz[;16;1;1;5
rllqaoc;7;0;0;1
4mu4f1;6;0;0;1
x=,W0zU{ZErey;13;1;1;5
]1l6.x,xZ/<*I8S;15;1;1;5
k@eO:LaQIW#)k(|p;16;1;1;5
pOStDgz4;8;1;0;3
Fj2pnyMI6Dw;11;1;0;3
za6c9s;6;0;0;1
mi9l3sv;7;0;0;1
gPaJ=b&\WL+$?_;14;1;1;5
uc3kd2xy;8;0;0;2
bqxc;4;0;0;1
u'xgpvF>VFDp#9~;15;1;1;5
svduwsl;7;0;0;1
sVt5K14GbZS;11;1;0;3
@sw8[-snu_?5;12;0;1;4
ixwtvgg;7;0;0;1
edu4;4;0;0;1
Zz9ENDi38r2;11;1;0;3
4o@rmjSc0.o1;12;1;1;5
1_>L:EXt%ZVY{Dt0;16;1;1;5
Pc0n7WZJ;8;1;0;3
j12rpy6;7;0;0;1
r27j;4;0;0;1
F8sxTXvtHrY;11;1;0;3
b3zv4zrHJ;9;1;0;3
U0B1emXDXqc;11;1;0;3
gl^&FOY{,~ePk##|;16;1;1;5
gt95v;5;0;0;1
0aa7Q2NX;8;1;0;3
jmg3uwc;7;0;0;1
PbBHUjxTF;9;1;0;3
wl51px;6;0;0;1
Oc>k2q_V:$)f?Y]c;16;1;1;5
ZPxvwPfd;8;1;0;3
cl8fap;6;0;0;1
OTe8rx5Hs;9;1;0;3
qM3KFCUN;8;1;0;3
p0ueI6ryH;9;1;0;3
#s#'Z_a'(T*09{;14;1;1;5
.{pzNMN7&&ef;12;1;1;5
o4mlxt;6;0;0;1
eNOK0Nqz6S4;11;1;0;3
d67lhk2;7;0;0;1
!WY6]i(/0{'YG7;14;1;1;5
u01lh;5;0;0;1
"NKN;@u,{(>ZFEMv=G";17;1;1;5
PpqsteFRu;9;1;0;3
)x]X*C_`Vv%p'QAR;16;1;1;5
XNduEY03;8;1;0;3
F1iGb2N9nz;10;1;0;3
g9ju;4;0;0;1
8L=}aYGO^+OG;12;1;1;5
7z84;4;0;0;1
Ns9wcGyqI;9;1;0;3
0isj3;5;0;0;1
pk7lgfn;7;0;0;1
ua7d9v;6;0;0;1
_SY9U%mJ^sU_)OyMy;17;1;1;5
7m0l;4;0;0;1
PKUq1chDmQP;11;1;0;3
0;16;1;1;5
1Mjbw9qxKoW;11;1;0;3
]rg+:(IM?(#fOX9T;16;1;1;5
xJwhkQ4F5pG;11;1;0;3
CDv/:}\P<igUo}t<0;17;1;1;5
VbS3LrBTx;9;1;0;3
6rf/mmcW=JLy<V\T[;17;1;1;5
avhk;4;0;0;1
ABse57P70J;10;1;0;3
p3jrv;5;0;0;1
CW0DKfK1N5;10;1;0;3
{R2.:1_':7/s[8\uY;17;1;1;5
k-n{q|>TArDJ3^;14;1;1;5
`U1O<*uH>Z}czu^1Uq;18;1;1;5
yf0f;4;0;0;1
H71czoiNHzF;11;1;0;3
sVHlBRORGmJ;11;1;0;3
tDWzjg.9to):`+-)%;17;1;1;5
gyqo7g3;7;0;0;1
n18ogbt;7;0;0;1
|t=dTwrE)l/R-.`;15;1;1;5
Rxrz14cQ9S;10;1;0;3
1l5aoaSUOC;10;1;0;3
ikbxg0n;7;0;0;1
jeixaHU7s;9;1;0;3
4jpGHyIapI;10;1;0;3
vr8b;4;0;0;1
*W,r!1$nC~:O`;13;1;1;5
wgtuwh;6;0;0;1
9oo464m;7;0;0;1
rV8hArrDe1;10;1;0;3
lgq07;5;0;0;1
6hWrlT9k;8;1;0;3
JqUpqwUKVOw;11;1;0;3
32iKF5jl;8;1;0;3
?28$@uy|+]h1;12;0;1;4
mJMfwGictWf;11;1;0;3
YdWEdzv1af;10;1;0;3
mCHFaD6H1y;10;1;0;3
cyhpx0l;7;0;0;1
a3hjg;5;0;0;1
v6usqqo;7;0;0;1
Agz9flLI21;10;1;0;3
7GNvWmCVy;9;1;0;3
Wz0XHdchn;9;1;0;3
jjvbx;5;0;0;1
9ds9s6;6;0;0;1
M3GO316QV7;10;1;0;3
wvaces;6;0;0;1
"Fv)gX5V#nJK;H";13;1;1;5
V|\E3~p}h)JorY;14;1;1;5
uO%u}p4+kHcUN4U5V;17;1;1;5
g4ys;4;0;0;1
dj2a;4;0;0;1
RBa6hemlB;9;1;0;3
hg26;4;0;0;1
YUkLzsSyV;9;1;0;3
y2btuzd;7;0;0;1
J7Z}jq`n&L&+My>I;16;1;1;5
ZbxKg9vVXll;11;1;0;3
38zd;4;0;0;1
xyru;4;0;0;1
ZSweBd&N|6$u!djJB;17;1;1;5
OOWgmoAW7;9;1;0;3
"X{8g70)zYQhr""&N";15;1;1;5
ariNTGThL3;10;1;0;3
QsjyIHdX;8;1;0;3
61ghkv;6;0;0;1
TU6WqEbU;8;1;0;3
qDnU15rQR;9;1;0;3
g4hhjyd;7;0;0;1
w&tMf8RGR<#l:R61;16;1;1;5
ot,cm.`+DhC!Ch1;15;1;1;5
kmH5Q.b}!p>6-;13;1;1;5
6'j8INNqn27jQL;14;1;1;5
U59UAdDs;8;1;0;3
>\Kx[{Zjmlqf.~};15;1;1;5
"ra`=r16GGLrL|""EfQ";17;1;1;5
]S1hSX+o_x=3N|OfUf;18;1;1;5
aWsTaHt9wg;10;1;0;3
Ogcwe32'ymhvqf~;15;1;1;5
n3C7Cc85aN9;11;1;0;3
RuMSvYJCn;9;1;0;3
mILJksa7S;9;1;0;3
8bzqtm;6;0;0;1
"|r1glH<""60H{";12;1;1;5
6y4eb;5;0;0;1
O62Ag74Xa;9;1;0;3
GX.3U77Cj-'}!T;14;1;1;5
eocx8q;6;0;0;1
|z)U_q$mvAabt=<mp;17;1;1;5
LnEeF4jQWR;10;1;0;3
ZGnhboPIgn;10;1;0;3
WwJAe8Z0wg4;11;1;0;3
85n3f;5;0;0;1
uk6qtkC6N;9;1;0;3
yJZ?h,=u3DAvV\EqL7;18;1;1;5
LJQ0xlqumGk;11;1;0;3
Mn$,_qvx/b%C5V4,y;17;1;1;5
mT7BSdCeP;9;1;0;3
oefl8Luk;8;1;0;3
VSgjG92CZ;9;1;0;3
Y7keH\4pHlhr;12;1;1;5
Gsu6sRntct;10;1;0;3
:otgJ^E*:vdT$;13;1;1;5
gsqx;4;0;0;1
"Ky6(e""R*?KXvf";13;1;1;5
neZZ0MLn;8;1;0;3
7sex;4;0;0;1
0y8r0;5;0;0;1
ys2v8b;6;0;0;1
vbc4;4;0;0;1
G`(jyjv7v2gP|:i9;16;1;1;5
8JsJnsdd;8;1;0;3
offY7h5Fn;9;1;0;3
0uKVNCqURQ;10;1;0;3
Kb0-OD}4hRL0;12;1;1;5
CB9lKvMA4;9;1;0;3
asWT2tNCf;9;1;0;3
n4h6;4;0;0;1
8qtX5pIFMTv;11;1;0;3
"Twsi`[""DMEGVUE";14;1;1;5
klQKXRYE;8;1;0;3
7QEH3xgXE;9;1;0;3
7bbee;5;0;0;1
YgSiYtqA;8;1;0;3
a4LEbUyKD1;10;1;0;3
5exbOvpyp2e;11;1;0;3
ql2ci3;6;0;0;1
LhgaSxF0b1;10;1;0;3
iG0dybjZup;10;1;0;3
ev8j;4;0;0;1
NaiZ8sF3;8;1;0;3
41\EI?UsFa(jo{R1L;17;1;1;5
2jltax;6;0;0;1
m2g9zu;6;0;0;1
aoqttjt;7;0;0;1
12lx8;5;0;0;1
qvhh;4;0;0;1
ldjhaCSz6;9;1;0;3
rzb37;5;0;0;1
sOwfvEHn;8;1;0;3
@=uCDn*O+TQvrg'JUN;18;1;1;5
sr6tmpqMYDY;11;1;0;3
kQXNOm6i;8;1;0;3
g5la6;5;0;0;1
"?}c;}1>r'wR#";12;1;1;5
xzeg;4;0;0;1
";fox6c]j8n]Yi<GS";16;1;1;5
Ty,_#7Zl9a^7..e;15;1;1;5
dh5lD!r>L`smk2O;15;1;1;5
i1y7fr;6;0;0;1
cs7x7;5;0;0;1
tfAEIziC;8;1;0;3
fqTZQRRhfV;10;1;0;3
vi>hDyr5[v)O;12;1;1;5
RJybbICLXMK;11;1;0;3
YhjPxaATpyU;11;1;0;3
zi9Hz2NThrY;11;1;0;3
LMgv0dvzGEo;11;1;0;3
mdxpov;6;0;0;1
eV\2$h,sCRRf%-;14;1;1;5
lRpYYoTU6;9;1;0;3
"Z_TH+A+u""SoUlP";14;1;1;5
"cVu.[Ao>J,XTd-[""";16;1;1;5
aOIafkc7V;9;1;0;3
S9H8ZhGI1mV;11;1;0;3
W22NTK~)\]\8`;13;1;1;5
O3Dl59ThB2t;11;1;0;3
qCCFIoc12ZO;11;1;0;3
1CoIB0ZdT;9;1;0;3
lRaeZtXyo8e;11;1;0;3
p(KNmt-dyCHY}JMx~;17;1;1;5
F]IbE-rR*gpd>C&*-f;18;1;1;5
n-pO44[9b1K(Q;13;1;1;5
1V19?97bf4s\b6;14;1;1;5
xlfZVS_H:l0d;12;1;1;5
hXJ|W.WSi3+(;12;1;1;5
mcDPZM6dtGF;11;1;0;3
p`3x_(.OEL}4HOU5aG;18;1;1;5
OWBPzZhIw;9;1;0;3
celm;4;0;0;1
048okw;6;0;0;1
kOXHpmGn;8;1;0;3
tvq5NiXd6EM;11;1;0;3
5gsZdk66zg2;11;1;0;3
pHQF'k(4z9x?[;13;1;1;5
rYN8IcFL34;10;1;0;3
visk;4;0;0;1
nl6iWXqIPl;10;1;0;3
YXvyCHB35;9;1;0;3
iceBA3Mfbix;11;1;0;3
YJUwAWu1aj;10;1;0;3
4A(Q>NB}|)$:;12;1;1;5
10h80p;6;0;0;1
aaVhWuRMUog;11;1;0;3
jfymj4s;7;0;0;1
hruas6;6;0;0;1
xtyeElCfl;9;1;0;3
68o4OU/?T\DBmx`<~;17;1;1;5
dykRKPBlR0;10;1;0;3
L21nwD7R;8;1;0;3
bgiHs7Qe;8;1;0;3
u65qy;5;0;0;1
x3i7x;5;0;0;1
ZsRKmxlURq7;11;1;0;3
kym5ipU5;8;1;0;3
"9Y""'J>{@./s`h";13;1;1;5
ezrYkFilH;9;1;0;3
N3F2dfLo${\Fg!$]g;17;1;1;5
DJF`Ju{yw<9T4o$b;16;1;1;5
71dwo;5;0;0;1
"~$1tq;G,sta=";12;1;1;5
bY}7$WjeeQ'/;12;1;1;5
8bxzdu;6;0;0;1
mc7bily;7;0;0;1
SDFdebqIP5;10;1;0;3
Hy/,x%Xw@=*M(G4p/R;18;1;1;5
SWJz3aOqGbZ;11;1;0;3
cgk!CXA^\MQ{t;13;1;1;5
donrh;5;0;0;1
sXsPAZdhp;9;1;0;3
VpFG25d9c3z;11;1;0;3
FFZpb5eq;8;1;0;3
K9a7zZfzTF;10;1;0;3
[E[\pa,!NP:8F;13;1;1;5
"P,*:elg~$rlvDLJ',""";18;1;1;5
:|f$DbmqAWqhZ;13;1;1;5
kgTA2FQ0wX3;11;1;0;3
FJVnXDfUx;9;1;0;3
39r5;4;0;0;1
40SWEuzS;8;1;0;3
C.!Dpq2G`CiC;12;1;1;5
mok4mZGd;8;1;0;3
n`)`K2s.}u<DZn5Qa;17;1;1;5
ufcp5mi;7;0;0;1
d4f5nl;6;0;0;1
<`]XeY{9>BH]I;13;1;1;5
14As1dsf;8;1;0;3
"[Mx|=Us^wAR;5dkZY";17;1;1;5
sxYYcE9mVk;10;1;0;3
hqsi;4;0;0;1
Jg1rMotV;8;1;0;3
i}NMt\ofc|2m;12;1;1;5
"""""0F*()Hn+bU(!F";15;1;1;5
ea2w1v8;7;0;0;1
i6z24yq;7;0;0;1
3uUiEJMP;8;1;0;3
!M=)cAD0sa0}4;13;1;1;5
E6A/B&goAoQ';12;1;1;5
q6ue5k;6;0;0;1
9Y!Am~=oP&`1U2JuPG;18;1;1;5
cQf44r8Vu;9;1;0;3
sFLuvP_sU?'jJt_;15;1;1;5
RrOY0c46;8;1;0;3
"}%@9y""`uYE[VXe/;n";17;1;1;5
1JoefI8u4t;10;1;0;3
UsXZYCny2bt;11;1;0;3
"!B1Y""pS%B63y(UEa_J";18;1;1;5
LLG5mhvn;8;1;0;3
"FC2*1\}lV~=`:A[[;";17;1;1;5
zUTvifGq;8;1;0;3
l5aycJGJF6;10;1;0;3
atj9cix;7;0;0;1
6|)5:ZB4_%=pkM;14;1;1;5
vgE4kVz3R0t;11;1;0;3
Kz234CasaBL;11;1;0;3
HrnjTTXfT1;10;1;0;3
NiqtfOzPlf;10;1;0;3
0tjghcu;7;0;0;1
"uT~kWj+n""wO&";12;1;1;5
f|\]iJ*bfn?8tH=2;16;1;1;5
8esi%avKv:3`'=3;15;1;1;5
vm66n4mT;8;1;0;3
1tvDE<{+zB*VS,(1;16;1;1;5
ca6nb;5;0;0;1
rpIg4hqDgr;10;1;0;3
"/+VD^,{/""t.]kY";14;1;1;5
6EUMY7kRk8e;11;1;0;3
rq67xm;6;0;0;1
"fDCB,""^XkWj75zeh^B";18;1;1;5
oQ04tb5w9C5;11;1;0;3
e32626t;7;0;0;1
y8w0d;5;0;0;1
XtuQ9C2t;8;1;0;3
JxAxLmp8l3;10;1;0;3
5GS-kIB*ofIvS=g;15;1;1;5
syphytk;7;0;0;1
pUWebmAhM;9;1;0;3
4qrgjxr;7;0;0;1
StZOMV9W;8;1;0;3
7q16e8;6;0;0;1
fxxPiDMZJ;9;1;0;3
"RJuP(""*lN{XgihDi";16;1;1;5
6v1rQnmf7nk;11;1;0;3
NwGuJvVU;8;1;0;3
OYhjySUwe;9;1;0;3
rKcZSrXl4;9;1;0;3
2OcqCdVg;8;1;0;3
"UD<^P~0uJ^J5K#Kmt""";18;1;1;5
SRTcovGk;8;1;0;3
wgcmcy;6;0;0;1
vO3*m]|\2C+w;12;1;1;5
E!uEiPdWnnS'`=;14;1;1;5
amqk;4;0;0;1
""">m?}l-pZMHO97v&#O";18;1;1;5
zpj0cd;6;0;0;1
6sl9t;5;0;0;1
Q}</.+?$Gj!Wnz:HS;17;1;1;5
ct29f;5;0;0;1
0()?#{j^)\dJu4;14;1;1;5
ir9md;5;0;0;1
vgww;4;0;0;1
hvzmak;6;0;0;1
eyqb;4;0;0;1
F'w-V6%Y2d'qt;13;1;1;5
HgjwIrfY;8;1;0;3
"Gv95GA;g)P^r6a";14;1;1;5
"E)iLI;S(U{o&e;]\%-";18;1;1;5
)Mxu<-U+j9\wL;13;1;1;5
4je6;4;0;0;1
ehd4c;5;0;0;1
IcELidvZMX;10;1;0;3
RufjXMoUB;9;1;0;3
tjktfrb;7;0;0;1
"$x""i.iO6JhN1v|*&";16;1;1;5
f1jwgi7;7;0;0;1
1Mn1Nycg;8;1;0;3
3eAxFjpFs;9;1;0;3
yjbll;5;0;0;1
42`)7uni`h\uQ;13;1;1;5
0;13;1;1;5
HU=E@<fi{o]+BV|;15;1;1;5
Vy3Uh3K4*ZPW;12;1;1;5
Wiv8LHtG;8;1;0;3
9zw1gHo4l;9;1;0;3
"0oN#TUCQN/Wg$;v";15;1;1;5
ksm81hm;7;0;0;1
RIif$!MdY&)3\z+$07;18;1;1;5
v3&qov!#P~sh;12;1;1;5
GSNkmxCw8ix;11;1;0;3
ZTcb0iOuv;9;1;0;3
zJ0Zt]a(8'E.G;13;1;1;5
ZHM1c7IY7O8;11;1;0;3
6s01c;5;0;0;1
75gmclBYwr;10;1;0;3
555d3;5;0;0;1
]X*,PZa'Znq$amU8;16;1;1;5
J0AR}fko(rp$AzMS//;18;1;1;5
VJv3K4bcig;10;1;0;3
WQCBR4y0;8;1;0;3
%vm8l1J9odF>CFJ#s;17;1;1;5
4pza19;6;0;0;1
kJjC9ua2;8;1;0;3
z3ij;4;0;0;1
FNl9n4EpsX;10;1;0;3
vs7oE0Bc;8;1;0;3
P5qIn0g(aWFA(tw;15;1;1;5
eQq\V,Vxb:<@;12;1;1;5
?Fi>?WpJw}8{1+@tEB;18;1;1;5
C*bvQYcDNiX?Wgh.;16;1;1;5
1qb8;4;0;0;1
033hnyo;7;0;0;1
3gPr9YsK5V;10;1;0;3
,47){#wSIJA}$;13;1;1;5
PBHZbZUqX;9;1;0;3
hhzE#C9YGV@~AyiI;16;1;1;5
mokbuqk;7;0;0;1
3W7YE8S5N;9;1;0;3
7g:Y2*?klm?`;12;1;1;5
I1S99HlJThtV;12;1;0;4
NA3ZbPT1Vic;11;1;0;3
9Xhv7hjh;8;1;0;3
YMhPktiEJm;10;1;0;3
j5}DL'6:J0C=;12;1;1;5
~N={}R+RpR!|0\;14;1;1;5
RrpztvyIuc;10;1;0;3
03yh;4;0;0;1
VA*t7ru!\<-O-L|~x;17;1;1;5
7s2U6C3x0;9;1;0;3
ju5lwFnNz5;10;1;0;3
SEAR4w0aaV;10;1;0;3
rju7;4;0;0;1
@4}[SZ=<rDcx;12;1;1;5
dDca5x8tnTm;11;1;0;3
~8BjOv\%#0=a\n|te9;18;1;1;5
9~p1C4Q1siNF{y!^:;17;1;1;5
NHeaSKrujb;10;1;0;3
\|30kSU:EVa&ym&!kn;18;1;1;5
VRhTX\:Bhr7V,Vd;15;1;1;5
PTQuGsnzO;9;1;0;3
CHkwq5ZC;8;1;0;3
3bqr;4;0;0;1
gkA2a5j1EM;10;1;0;3
0MWCvkREe;9;1;0;3
r0ylbdv;7;0;0;1
p40S5lds8ch;11;1;0;3
b.UWZ#D~3Z?Er;13;1;1;5
GkyPfceu;8;1;0;3
f0u5g3t;7;0;0;1
B]5^G7]oCP>Kr;13;1;1;5
sdtt1;5;0;0;1
49ldicp;7;0;0;1
ny1WFSum2qd;11;1;0;3
2yrk;4;0;0;1
"S6mYbXmB)]h;""7";14;1;1;5
gIudYU6wf;9;1;0;3
wpcy002;7;0;0;1
5mug;4;0;0;1
iZA49K1WJd;10;1;0;3
omtxt3e;7;0;0;1
JJb4ju3c2L;10;1;0;3
azet9zf;7;0;0;1
qexabep;7;0;0;1
"tq0`6']m,^rvg]Q'#;";18;1;1;5
C0x6qjTK;8;1;0;3
vNGGZ@d(y+le8O;14;1;1;5
bHFV5YsPo;9;1;0;3
XTCWQGMSQLT;11;1;0;3
)}EQt{rbjQ}eKN,;15;1;1;5
QrrE6iUD;8;1;0;3
FPwpd8Ct;8;1;0;3
a1nf;4;0;0;1
Oi7H<^:[.)=Fzgh]m;17;1;1;5
R4Z2wZ7o5;9;1;0;3
ogbewu5;7;0;0;1
ufXlaU7Wb;9;1;0;3
d7ISIc2wp;9;1;0;3
hc4z;4;0;0;1
FLs'5h<Fb1Lw*0uz&;17;1;1;5
6IYdM0wwS;9;1;0;3
0;18;1;1;5
iGBsMBqJN4V;11;1;0;3
z7u3;4;0;0;1
&(``b<.U)4s8fsn};16;1;1;5
77g'{>c4X0FnxB`/;16;1;1;5
uDEBhRPM;8;1;0;3
MaSKb.]&tw{=0y;14;1;1;5
H|0I,=~*O&Y]t;13;1;1;5
Iay7XexBfc;10;1;0;3
7Vym0lO775C;11;1;0;3
z2v7p;5;0;0;1
SSyrtk1n2J0;11;1;0;3
o?8'**:V8t<y#>ln;16;1;1;5
`22.TM}}E7,K5b^K;16;1;1;5
})v#ikZ*/4O<k1OX%;17;1;1;5
2ecv4vp;7;0;0;1
REesD2SNSN;10;1;0;3
7nVQrlLcyda;11;1;0;3
Fcih2g2cw;9;1;0;3
"LqW;2E0W1h#.%=x*";16;1;1;5
mC{P_$R1v+.gIg$e.%;18;1;1;5
)FhW}G4[2_k:l];14;1;1;5
0;18;1;1;5
X63zE|R2o94>G;13;1;1;5
p44TO3oL;8;1;0;3
/W=:v.P:kNe5S1KW;16;1;1;5
0bb)Z/`XvcUS;12;1;1;5
fr0e5;5;0;0;1
cqwUaUZG;8;1;0;3
g0rrz;5;0;0;1
VLiiSUQOV;9;1;0;3
9R)buX<=!hP&\'~(;16;1;1;5
(@hyo?azqnOP}{Hv];17;1;1;5
h<U)$eMl(qwi!B*;15;1;1;5
6wVO21pQUj;10;1;0;3
hUUPzYUs;8;1;0;3
*B,GsDcpJ_7}x*qzK;17;1;1;5
syN2xjcG;8;1;0;3
biff4;5;0;0;1
q9r3r;5;0;0;1
a2ZlvLmqYC;10;1;0;3
n6BF8LVH;8;1;0;3
o83KPziE0DT;11;1;0;3
MkZ9bZK50;9;1;0;3
jXvcsc9ZkYi;11;1;0;3
JJZ9oQOu;8;1;0;3
76EWLpkXUTs;11;1;0;3
>y}4biInNB`uez_#;16;1;1;5
d6squc;6;0;0;1
u8nj;4;0;0;1
x>f,n~^4P$xAJ%Bz;16;1;1;5
jw8f66i;7;0;0;1
tGpvPFc7Lp;10;1;0;3
phu3d5;6;0;0;1
ekMiFXXuNX;10;1;0;3
klztg16;7;0;0;1
)6yByP7Khr4).(0!;16;1;1;5
SSVYo15IC;9;1;0;3
rshz;4;0;0;1
zmz6;4;0;0;1
HM41QGadyi;10;1;0;3
7tlmk;5;0;0;1
7q7h;4;0;0;1
_=Q&m^02nx#Rj;13;1;1;5
`laKTA@6$Fu$h;13;1;1;5
~>s,/*RNka}A$#;14;1;1;5
u9CrMDdj;8;1;0;3
MMaTnOkD;8;1;0;3
D7xx32rz4V;10;1;0;3
chbk;4;0;0;1
lpbn;4;0;0;1
MmG3Xwke;8;1;0;3
tEVESDskaA1;11;1;0;3
jS<(/gqOe[+$;12;1;1;5
'?yxL3Pd:':5G=^;15;1;1;5
#KXlIyR2@%=31>C;15;1;1;5
jTLGewOqvI;10;1;0;3
mn7GUFl+|YOV;12;1;1;5
KHN0EERO;8;1;0;3
goi82wu;7;0;0;1
3txo33t;7;0;0;1
kjmdi;5;0;0;1
w'_9k_8fie>E;12;1;1;5
zi3a;4;0;0;1
wmnjq20;7;0;0;1
74wv;4;0;0;1
u6l9;4;0;0;1
5[B(gX=]rbqM(w:;15;1;1;5
"SKKP""aQ7y?.o~PJC";16;1;1;5
zjBBBpxc;8;1;0;3
5wnq;4;0;0;1
jpxrYy6ROVZ;11;1;0;3
"m^ve)ssX{8y\;Q9";15;1;1;5
ASI5:b1aKcKi>F}x;16;1;1;5
"""wCc,Hx#cf)=L";13;1;1;5
MKhT6bGJTI;10;1;0;3
DxN5vHYNvP3;11;1;0;3
[<S3~f*)`]WJ;12;1;1;5
"PB}6lqo;r`&>4";13;1;1;5
ywWg2Nhn2CB;11;1;0;3
u90s;4;0;0;1
mm4JN$aQEa0wnN;14;1;1;5
"$%on|Au<Dv;+";12;1;1;5
asaem;5;0;0;1
X7OtPI9GEfY;11;1;0;3
trDWtQHwT;9;1;0;3
BO+P3N'gxBaUd;13;1;1;5
n+D#k)uSW.Y^<;13;1;1;5
|ZluueM!4GiLmk2`?l;18;1;1;5
caeqpa;6;0;0;1
fs1@26LZbu0&JU+;15;1;1;5
?R\[j^iKcGPMbX;14;1;1;5
YPtuKoNv3vC;11;1;0;3
gxkxbn6;7;0;0;1
vhe2yde;7;0;0;1
c8hJf8Xfm4W;11;1;0;3
}!(4f<k>EVax;12;1;1;5
60n4pqi;7;0;0;1
LIcDMSWslXo;11;1;0;3
rtnk;4;0;0;1
8cxkt1;6;0;0;1
"kqy7$S!kF2;e'0u!";16;1;1;5
e4jbjf;6;0;0;1
2%w!0CjMk>)OJk3;15;1;1;5
5tUK0e3h;8;1;0;3
"[+nxK*1""q*ZK.T,""sn";18;1;1;5
\$G{Ps~^p3),WL+;15;1;1;5
0;16;1;1;5
0grn;4;0;0;1
w6Db0bJYKn;10;1;0;3
Npk1D551Rto;11;1;0;3
l1fh;4;0;0;1
D-&e~fm}`e7dZQ;14;1;1;5
ejglcxo;7;0;0;1
<^iQrv_='F{r}|vaqK;18;1;1;5
45u79oa;7;0;0;1
NC/L@97?$X%DkIjVe;17;1;1;5
5utp95;6;0;0;1
"E/""AF8rq)(g8B8";14;1;1;5
eugz;4;0;0;1
z9LR8K8rng;10;1;0;3
elHKHH77P;9;1;0;3
nnuwd1;6;0;0;1
ak4ay;5;0;0;1
ay52;4;0;0;1
ootu24;6;0;0;1
oeowLDZjdDu;11;1;0;3
7j23wqr;7;0;0;1
TS0WLhWDz54;11;1;0;3
W5FSL0qqZ;9;1;0;3
"ahI""K^=t!'rs";12;1;1;5
qvIWZiHIWC;10;1;0;3
cuSBoZDq8WU;11;1;0;3
ZdgHylQFkpF;11;1;0;3
wbjb9;5;0;0;1
RhiLp8w6DSZi(z~9k;17;1;1;5
3KHgdzmTwEH;11;1;0;3
e6%fb(F=J=>Lgj;14;1;1;5
1z1oqzv;7;0;0;1
rJyN?8(&h>LIL;13;1;1;5
SV<F{tqBIkMHg`o;15;1;1;5
"]7<""5O<d>2poIE&#(4";18;1;1;5
yj7FAwYI;8;1;0;3
oMZKMJycPep;11;1;0;3
"U\8@'';~uSIJl**6}";17;1;1;5
"B`K'r2Z;[XCe`h";14;1;1;5
F)Vlkw<<WSo*L;13;1;1;5
dFO9uN9UEb;10;1;0;3
"Rj;/t]`M}bVkK\";14;1;1;5
gvr8;4;0;0;1
yv9g8;5;0;0;1
a9+-BWIR_/s+buz@?V;18;1;1;5
to7o63;6;0;0;1
KMMGhVRI;8;1;0;3
"XwE6}C)KgTuiB""3F";16;1;1;5
52qpffn;7;0;0;1
ovDDR[8!+9Y}Z;13;1;1;5
hGirtomOR6G;11;1;0;3
"Fz7;b'R(Pl^m,Q{";15;1;1;5
bsn5qYAbuQ;10;1;0;3
o91m;4;0;0;1
nwMYUZtU0a;10;1;0;3
@YV\lyn1!>6up'eTMQ;18;1;1;5
,ts!:v<G9ep^X|;14;1;1;5
"YffVLk:^mD"">";12;1;1;5
p?aYyJ|`IF$T;12;1;1;5
hpai;4;0;0;1
AkvkJRY4;8;1;0;3
f82bn;5;0;0;1
z3ld;4;0;0;1
X34,2x|ZjsN'|hl=;16;1;1;5
pkx51er;7;0;0;1
yv1qipe;7;0;0;1
gNvT8ZYz;8;1;0;3
otmt8y;6;0;0;1
nireTjWK;8;1;0;3
"~.+DoA9TJv""]&z";14;1;1;5
31bjOKBKM;9;1;0;3
y3Yk2ERL1Wi;11;1;0;3
40we6;5;0;0;1
h4zo;4;0;0;1
uBo89zSqk;9;1;0;3
4dD5XSI8vz;10;1;0;3
gi05nlz;7;0;0;1
g1hr9;5;0;0;1
6xo5;4;0;0;1
~dFhqtl$'['@^;13;1;1;5
qfop1ky;7;0;0;1
^G3ZR4|?z3-e;12;1;1;5
5xbzj3t;7;0;0;1
Ke/e}W8L5%7x|U};15;1;1;5
eg043;5;0;0;1
3rpzsjp;7;0;0;1
9929i;5;0;0;1
{yPnp21qQ,sAG#1(h;17;1;1;5
4j8z;4;0;0;1
5cls;4;0;0;1
Yg[ib+&u{W'{M>|GYc;18;1;1;5
zl1JtD8jw;9;1;0;3
#0<_T%\hr<ne$NH;15;1;1;5
4TUqMCNVr;9;1;0;3
w2x8w7;6;0;0;1
zxqs;4;0;0;1
~,X&FZV$Pffc9kSfqp;18;1;1;5
VcORLV59I;9;1;0;3
wg777xl;7;0;0;1
>.FK)iX`S2Kx+Js_-';18;1;1;5
zTPBZPbCE1yU+<KA;16;1;1;5
I669JVxb;8;1;0;3
5ZSIWAYL;8;1;0;3
"I%7%o(SrBRHh.`;eLw";18;1;1;5
"N+Qx-Xb""JTWTU3";14;1;1;5
"pP%;%~F+Q3Q^U>=";15;1;1;5
an1BRdWJ;8;1;0;3
kysuugy;7;0;0;1
jh7bmu;6;0;0;1
4G7cLVD3WF;10;1;0;3
VmPbB8ZcT2e;11;1;0;3
59t9;4;0;0;1
mCCi5pnpWnJ;11;1;0;3
'?@Gh%?H12|uC)B{&;17;1;1;5
6tpdpf;6;0;0;1
5ib56a;6;0;0;1
sYKAGlbOkA;10;1;0;3
jD7BrPp1;8;1;0;3
f7eVMnnaTxc;11;1;0;3
dL4G14S7AaD;11;1;0;3
dAdHJZe9Xay;11;1;0;3
zwTRMDal;8;1;0;3
E2qJICQI;8;1;0;3
LhdDHvCuJ8;10;1;0;3
"F;?AjCi(B`YD=;l";15;1;1;5
JYDolfqqx;9;1;0;3
jxsh75;6;0;0;1
7d37ki6;7;0;0;1
nZi4aYsImBX;11;1;0;3
E50hcsRfeB2;11;1;0;3
z1b3;4;0;0;1
GhcRhAqY0m8;11;1;0;3
HcM9umIn5;9;1;0;3
3pz1m;5;0;0;1
3egc3f;6;0;0;1
xUhAqHrCZd;10;1;0;3
XISh16n[,/AG~oT;15;1;1;5
XX6wcbOgnJJ;11;1;0;3
pwf2;4;0;0;1
it4s1sg;7;0;0;1
jDQmdWpTL65;11;1;0;3
VotLVWs9Jd;10;1;0;3
NPBdYHpsn;9;1;0;3
pYOh2SCqLf;10;1;0;3
36etj;5;0;0;1
mPdvpigV;8;1;0;3
Zyh5Tj3kSYB;11;1;0;3
KehOKOFV;8;1;0;3
qNKp6jrzpj;10;1;0;3
4lXxopeJ;8;1;0;3
pec2i9;6;0;0;1
IHYEFIYU;8;1;0;3
7'fG#pjM&l6w,>w;15;1;1;5
6ztIA0{,I-`|h<Z\}i;18;1;1;5
i7ois8{6V%e:oKWX\!;18;1;1;5
g4l.7_k2=zsg]J;14;1;1;5
7mvnke;6;0;0;1
"t+,8|S)s""RH(c";13;1;1;5
b3vvIiueRx;10;1;0;3
614dXX5l;8;1;0;3
\6J(z0Wb{cO^;12;1;1;5
fBEnhayk;8;1;0;3
bJ+U)'sVyOsDC};14;1;1;5
W7PkykN7i38;11;1;0;3
q0pYorto2I;10;1;0;3
9:F#C?FMBw3oxAzp]e;18;1;1;5
fpPOFyFi7v;10;1;0;3
9IRpAu0Bu8n;11;1;0;3
QJIfQ8vSc;9;1;0;3
4WT9eegJgJ1;11;1;0;3
s919lbflL;9;1;0;3
_4vUVoykh1L6<7`;15;1;1;5
wQmNlXV99r5;11;1;0;3
"p2>eHfC8://^;P^,!";17;1;1;5
FPAqllpl11i;11;1;0;3
TPrOUU3ziAU;11;1;0;3
vp1bmf;6;0;0;1
4110n;5;0;0;1
9dpx58;6;0;0;1
5JSd86Nmc;9;1;0;3
9$yhAWtr:1=]JG.;15;1;1;5
qE1DwmXwb;9;1;0;3
L(q%w>LYmQduX;13;1;1;5
f97FG5qkzDY;11;1;0;3
1`XiYkPSIre0oO;14;1;1;5
U_fCs'0c]lhkZx.q+-;18;1;1;5
nmaoaar;7;0;0;1
xqgrk;5;0;0;1
"n[W&Ah&Y%""&@XJ`BC4";18;1;1;5
kjbekoa;7;0;0;1
agz19s;6;0;0;1
44iiliRWW;9;1;0;3
)uRI/,Lx@6&e@Vkn9^;18;1;1;5
u3ts;4;0;0;1
cwcy4;5;0;0;1
m1AvKno2;8;1;0;3
gqbtvvp;7;0;0;1
4J|)$nYM|f$:7I[Z;16;1;1;5
BOopHMmA9G8;11;1;0;3
9bw9bo;6;0;0;1
4vMY5zINQu;10;1;0;3
Dx6oCY9cn;9;1;0;3
4400u5;6;0;0;1
NJlf1nmu6s;10;1;0;3
Vn`,KK9n(El}pH;14;1;1;5
wyjb;4;0;0;1
Y)fsdBf1%JYB=V;14;1;1;5
83fArcIbM;9;1;0;3
5gj6;4;0;0;1
0mp4;4;0;0;1
7b3wka4;7;0;0;1
z~B#bw+HleqWy;13;1;1;5
cg4ef;5;0;0;1
yGr!HOAU59_r;12;1;1;5
qnj5a;5;0;0;1
2akfi;5;0;0;1
HeCK4VzR;8;1;0;3
c0atz;5;0;0;1
Ox7TeO6x;8;1;0;3
k8oWXyvD;8;1;0;3
rh6ot;5;0;0;1
wVPUTPDm;8;1;0;3
"V]x?4G4R*CG=;+_";15;1;1;5
dlg3vB7ds9L;11;1;0;3
cuegdWFVndE;11;1;0;3
QdjvL1u2Q;9;1;0;3
y7UFEE14;8;1;0;3
"TDNNjs0""|{`+";12;1;1;5
g2qu;4;0;0;1
HljcV55I{'!uZ9P`;16;1;1;5
69pc;4;0;0;1
dest;4;0;0;1
fe52hbj;7;0;0;1
y98i;4;0;0;1
"2g`6]VI~ws<""";12;1;1;5
9768i;5;0;0;1
"X8|78_)k;YK_Xv";14;1;1;5
llsH3hvi;8;1;0;3
"T="":BuT-Ap$Jc`:7";16;1;1;5
mZ2lXsWpd0F;11;1;0;3
px06Zl4I;8;1;0;3
fs18k1b;7;0;0;1
,p>97\KIc|KbtN4f4c;18;1;1;5
viz5r;5;0;0;1
+miR,ZPd<ze9;12;1;1;5
ZvJCCRXuq;9;1;0;3
[4PWrp]->U_^>d;14;1;1;5
U11C_W'Nh+S[ivb2.;17;1;1;5
"u:F:""q@Z%Yufo+b";15;1;1;5
g4us2h0;7;0;0;1
q2pzFDv6;8;1;0;3
hI*hpyjduFv#';13;1;1;5
0ydkxms;7;0;0;1
LTsmgigb6rt;11;1;0;3
30nxy;5;0;0;1
Urjiphh7;8;1;0;3
mvbqk;5;0;0;1
C@eVHS:+7bS/;12;1;1;5
7zqw;4;0;0;1
0;17;1;1;5
27uobc;6;0;0;1
ihfVIQNT4C;10;1;0;3
"_n""h+$F""fqhA";12;1;1;5
XUvhREdInM;10;1;0;3
jve0djl;7;0;0;1
2g217;5;0;0;1
px13mm9579d;11;0;0;2
R02TGyYG;8;1;0;3
NwpvDKMiWm;10;1;0;3
3ErV6ehBb;9;1;0;3
(GS|oo^:tOR|;12;1;1;5
xMTW6Gl1P;9;1;0;3
lcqvnx;6;0;0;1
yi5mLYXa;8;1;0;3
dhPF4zALN;9;1;0;3
7PHYxmGMh7W;11;1;0;3
nt32g7;6;0;0;1
d247g;5;0;0;1
7UxxdfIJb;9;1;0;3
B*qZ3fa$jLAh;12;1;1;5
8on0c7;6;0;0;1
pWOXImGCU07;11;1;0;3
oikr;4;0;0;1
d)Tpp[]jVA3>;12;1;1;5
BF2p8ZeJ;8;1;0;3
qC7RZyEbDK;10;1;0;3
0zd30;5;0;0;1
{OVn*{Av-/&|O'6<%;17;1;1;5
JZgrnOIRz7S;11;1;0;3
Ur.]*vJ#JLcLt#B$[t;18;1;1;5
wh5sbq;6;0;0;1
ldsk;4;0;0;1
$|}pD|S@.qJND>$e;16;1;1;5
todmQSmYA;9;1;0;3
WPizfJcXClP;11;1;0;3
nmlB8oW5bf5;11;1;0;3
{+ATqpj|k1&LHIeuB;17;1;1;5
6KRomeA2k;9;1;0;3
qrkb13;6;0;0;1
h0oxeg6;7;0;0;1
tAMoNsZ6)iCNjq'@T;17;1;1;5
5vpjg7q;7;0;0;1
BXgPuhEv;8;1;0;3
ys96;4;0;0;1
"EV;c7LKq8)FS6(qWT*";18;1;1;5
yITPEfJIx;9;1;0;3
R831utQt;8;1;0;3
auyddm;6;0;0;1
oioosq;6;0;0;1
GBNk9ZCQJ7;10;1;0;3
14rpqc;6;0;0;1
